{"Mean":{"confidence_interval":{"confidence_level":0.95,"lower_bound":2465626.889667123,"upper_bound":2472236.5415465855},"point_estimate":2468895.9220453883,"standard_error":1689.160524821697},"Median":{"confidence_interval":{"confidence_level":0.95,"lower_bound":2463390.1310344827,"upper_bound":2471364.9294117647},"point_estimate":2468352.8214285714,"standard_error":1972.9010918803122},"MedianAbsDev":{"confidence_interval":{"confidence_level":0.95,"lower_bound":5420.744449025895,"upper_bound":13862.756887220476},"point_estimate":10956.776464841749,"standard_error":2291.320825192144},"Slope":{"confidence_interval":{"confidence_level":0.95,"lower_bound":2465151.3252502712,"upper_bound":2470836.5119199906},"point_estimate":2467769.0879111583,"standard_error":1444.0092131585714},"StdDev":{"confidence_interval":{"confidence_level":0.95,"lower_bound":7087.8308720983905,"upper_bound":11329.266188263045},"point_estimate":9449.00081449741,"standard_error":1081.703714674342}}