{"Mean":{"confidence_interval":{"confidence_level":0.95,"lower_bound":2195.3407155012633,"upper_bound":2199.2289705635962},"point_estimate":2197.329521596388,"standard_error":0.9930257806041675},"Median":{"confidence_interval":{"confidence_level":0.95,"lower_bound":2197.0008921049057,"upper_bound":2200.5116431774504},"point_estimate":2198.248636962304,"standard_error":0.9462660433082883},"MedianAbsDev":{"confidence_interval":{"confidence_level":0.95,"lower_bound":2.5284729403918287,"upper_bound":9.09783552437579},"point_estimate":5.089596193683582,"standard_error":1.7581518013016038},"Slope":{"confidence_interval":{"confidence_level":0.95,"lower_bound":2194.59005875387,"upper_bound":2199.531102500773},"point_estimate":2197.142331571244,"standard_error":1.2655123294078476},"StdDev":{"confidence_interval":{"confidence_level":0.95,"lower_bound":4.209912729050342,"upper_bound":6.429711111701239},"point_estimate":5.520328835057488,"standard_error":0.5645490644003895}}