{"Mean":{"confidence_interval":{"confidence_level":0.95,"lower_bound":368571.2782232486,"upper_bound":369089.57503667724},"point_estimate":368817.21516897425,"standard_error":132.46053636358337},"Median":{"confidence_interval":{"confidence_level":0.95,"lower_bound":368508.1122811671,"upper_bound":368981.5058908046},"point_estimate":368734.52931034483,"standard_error":139.29816144626133},"MedianAbsDev":{"confidence_interval":{"confidence_level":0.95,"lower_bound":319.85185038739064,"upper_bound":812.9496095440521},"point_estimate":516.5113392313326,"standard_error":126.81512464386857},"Slope":{"confidence_interval":{"confidence_level":0.95,"lower_bound":368669.9571315089,"upper_bound":368982.3187724515},"point_estimate":368844.83797662245,"standard_error":79.68913073961538},"StdDev":{"confidence_interval":{"confidence_level":0.95,"lower_bound":443.88415981982723,"upper_bound":962.1816896480211},"point_estimate":737.8566283319576,"standard_error":133.4893998347619}}