{"Mean":{"confidence_interval":{"confidence_level":0.95,"lower_bound":58702.980875492365,"upper_bound":58740.00188283575},"point_estimate":58720.52004566822,"standard_error":9.451220131474075},"Median":{"confidence_interval":{"confidence_level":0.95,"lower_bound":58690.990346027844,"upper_bound":58721.76611226611},"point_estimate":58703.67927289638,"standard_error":9.90527167186236},"MedianAbsDev":{"confidence_interval":{"confidence_level":0.95,"lower_bound":19.914923970765205,"upper_bound":57.6026502874699},"point_estimate":33.79601912589704,"standard_error":9.5112769937047},"Slope":{"confidence_interval":{"confidence_level":0.95,"lower_bound":58701.89030844821,"upper_bound":58777.16106748024},"point_estimate":58741.40759500908,"standard_error":19.3030491998386},"StdDev":{"confidence_interval":{"confidence_level":0.95,"lower_bound":33.33602909672981,"upper_bound":66.03634863273498},"point_estimate":52.73821368086627,"standard_error":8.334269697844892}}