{"Mean":{"confidence_interval":{"confidence_level":0.95,"lower_bound":1025606.2499935199,"upper_bound":1032458.1734043997},"point_estimate":1028961.9867162013,"standard_error":1747.4529512346126},"Median":{"confidence_interval":{"confidence_level":0.95,"lower_bound":1023929.0564814815,"upper_bound":1031238.96},"point_estimate":1028545.7307692308,"standard_error":2023.3567104082192},"MedianAbsDev":{"confidence_interval":{"confidence_level":0.95,"lower_bound":5321.834075344652,"upper_bound":13459.418913355246},"point_estimate":8550.737964501774,"standard_error":2221.7454301513244},"Slope":{"confidence_interval":{"confidence_level":0.95,"lower_bound":1025192.916351831,"upper_bound":1032375.1173956114},"point_estimate":1028773.7876679006,"standard_error":1828.4706760030836},"StdDev":{"confidence_interval":{"confidence_level":0.95,"lower_bound":7007.865982912593,"upper_bound":11798.904635541689},"point_estimate":9723.006339399486,"standard_error":1227.9211086727769}}