{"Mean":{"confidence_interval":{"confidence_level":0.95,"lower_bound":2915633.6156988684,"upper_bound":2924986.4438931146},"point_estimate":2920021.710030313,"standard_error":2383.744459394134},"Median":{"confidence_interval":{"confidence_level":0.95,"lower_bound":2914806.073717949,"upper_bound":2923867.1116071427},"point_estimate":2918283.3972222223,"standard_error":2254.8228346306755},"MedianAbsDev":{"confidence_interval":{"confidence_level":0.95,"lower_bound":5043.022038801523,"upper_bound":12728.043204069845},"point_estimate":9099.901311560861,"standard_error":1934.848748028713},"Slope":{"confidence_interval":{"confidence_level":0.95,"lower_bound":2915263.0734840855,"upper_bound":2920869.4737183084},"point_estimate":2917846.872342676,"standard_error":1435.94526790477},"StdDev":{"confidence_interval":{"confidence_level":0.95,"lower_bound":7051.288654566728,"upper_bound":18963.42236431773},"point_estimate":13284.811034594986,"standard_error":3233.760869836551}}