{"Mean":{"confidence_interval":{"confidence_level":0.95,"lower_bound":420246.1172542434,"upper_bound":422666.0514170875},"point_estimate":421402.14957787725,"standard_error":617.048550713319},"Median":{"confidence_interval":{"confidence_level":0.95,"lower_bound":420161.93465909094,"upper_bound":422150.19861111115},"point_estimate":421150.1614583334,"standard_error":541.5611758779189},"MedianAbsDev":{"confidence_interval":{"confidence_level":0.95,"lower_bound":1460.2323303475973,"upper_bound":3680.109997859443},"point_estimate":2785.383400440875,"standard_error":565.0472205557184},"Slope":{"confidence_interval":{"confidence_level":0.95,"lower_bound":419632.1564497404,"upper_bound":421292.3475180995},"point_estimate":420480.0580468888,"standard_error":421.22733270374664},"StdDev":{"confidence_interval":{"confidence_level":0.95,"lower_bound":2042.7455307475302,"upper_bound":4624.142149612181},"point_estimate":3442.06437577199,"standard_error":673.3706168368659}}