{"Mean":{"confidence_interval":{"confidence_level":0.95,"lower_bound":635.3227917950912,"upper_bound":635.8029261680837},"point_estimate":635.5707703307448,"standard_error":0.12279705486777481},"Median":{"confidence_interval":{"confidence_level":0.95,"lower_bound":635.564761946352,"upper_bound":635.8406245669786},"point_estimate":635.7032808570877,"standard_error":0.07866801665631294},"MedianAbsDev":{"confidence_interval":{"confidence_level":0.95,"lower_bound":0.19348395709640417,"upper_bound":0.7544161388821575},"point_estimate":0.42432213887512304,"standard_error":0.16940365068099666},"Slope":{"confidence_interval":{"confidence_level":0.95,"lower_bound":635.22163760677,"upper_bound":635.7181744371503},"point_estimate":635.4863872195963,"standard_error":0.12629136775000144},"StdDev":{"confidence_interval":{"confidence_level":0.95,"lower_bound":0.45388407248785995,"upper_bound":0.8608943850991632},"point_estimate":0.6849149408032585,"standard_error":0.10382852154997847}}