{"Mean":{"confidence_interval":{"confidence_level":0.95,"lower_bound":1804078.9156985232,"upper_bound":1805854.4681423178},"point_estimate":1804971.0053179476,"standard_error":452.66497860808806},"Median":{"confidence_interval":{"confidence_level":0.95,"lower_bound":1803922.5875,"upper_bound":1805595.7203947369},"point_estimate":1804485.3266941393,"standard_error":459.80977603129924},"MedianAbsDev":{"confidence_interval":{"confidence_level":0.95,"lower_bound":895.5161236845906,"upper_bound":3409.009735917625},"point_estimate":1660.8480672449828,"standard_error":679.9647737872912},"Slope":{"confidence_interval":{"confidence_level":0.95,"lower_bound":1804444.251358402,"upper_bound":1806395.7337416522},"point_estimate":1805355.035783536,"standard_error":499.5640217230846},"StdDev":{"confidence_interval":{"confidence_level":0.95,"lower_bound":1769.7360203089113,"upper_bound":3149.3631528081496},"point_estimate":2519.921277631281,"standard_error":352.9863003435041}}