{"Mean":{"confidence_interval":{"confidence_level":0.95,"lower_bound":525.4601826795914,"upper_bound":525.8629058689693},"point_estimate":525.6466653067653,"standard_error":0.10326998492177229},"Median":{"confidence_interval":{"confidence_level":0.95,"lower_bound":525.3445037649378,"upper_bound":525.5400806442556},"point_estimate":525.4175013168683,"standard_error":0.04525393990391507},"MedianAbsDev":{"confidence_interval":{"confidence_level":0.95,"lower_bound":0.09305778875754644,"upper_bound":0.35725390777300725},"point_estimate":0.19012097508389886,"standard_error":0.06781680002770044},"Slope":{"confidence_interval":{"confidence_level":0.95,"lower_bound":525.3895847875556,"upper_bound":525.8185644126378},"point_estimate":525.56502215679,"standard_error":0.11216839649479843},"StdDev":{"confidence_interval":{"confidence_level":0.95,"lower_bound":0.33287737616482466,"upper_bound":0.7325091654745978},"point_estimate":0.5777424086194693,"standard_error":0.10181487525448144}}