{"Mean":{"confidence_interval":{"confidence_level":0.95,"lower_bound":0.0036018644478699514,"upper_bound":0.005545802415887663},"point_estimate":0.004670035353233626,"standard_error":0.0005007727607021862},"Median":{"confidence_interval":{"confidence_level":0.95,"lower_bound":0.004980001270525891,"upper_bound":0.005980123844171903},"point_estimate":0.005570605283501173,"standard_error":0.0002391256725815347}}