{"Mean":{"confidence_interval":{"confidence_level":0.95,"lower_bound":985501.497847063,"upper_bound":988036.6954605078},"point_estimate":986705.0165140752,"standard_error":645.950375145111},"Median":{"confidence_interval":{"confidence_level":0.95,"lower_bound":984385.3553030302,"upper_bound":988275.0254467754},"point_estimate":986149.5941558442,"standard_error":905.1057490288299},"MedianAbsDev":{"confidence_interval":{"confidence_level":0.95,"lower_bound":1681.0325019739362,"upper_bound":4376.1094732176925},"point_estimate":3387.6067901333604,"standard_error":661.4303218348861},"Slope":{"confidence_interval":{"confidence_level":0.95,"lower_bound":985993.8750073265,"upper_bound":987827.3689484635},"point_estimate":986885.6410941782,"standard_error":467.51607582987094},"StdDev":{"confidence_interval":{"confidence_level":0.95,"lower_bound":2320.597920937033,"upper_bound":4835.464193967828},"point_estimate":3595.3726837200848,"standard_error":682.1220469128466}}