{"Mean":{"confidence_interval":{"confidence_level":0.95,"lower_bound":191493.03387556074,"upper_bound":192423.19044773525},"point_estimate":191908.43081063012,"standard_error":239.17863128902894},"Median":{"confidence_interval":{"confidence_level":0.95,"lower_bound":191450.4766233766,"upper_bound":192069.57045454546},"point_estimate":191870.26586417534,"standard_error":147.3065318075745},"MedianAbsDev":{"confidence_interval":{"confidence_level":0.95,"lower_bound":350.34171452609957,"upper_bound":1360.9546358111106},"point_estimate":1007.9418523588945,"standard_error":255.81567427148224},"Slope":{"confidence_interval":{"confidence_level":0.95,"lower_bound":191670.78922516122,"upper_bound":192175.89066820565},"point_estimate":191925.65874332964,"standard_error":128.73899922916783},"StdDev":{"confidence_interval":{"confidence_level":0.95,"lower_bound":678.0359176013804,"upper_bound":1987.2127816860752},"point_estimate":1326.7115267247054,"standard_error":392.48212365562256}}