{"Mean":{"confidence_interval":{"confidence_level":0.95,"lower_bound":5265541.399778642,"upper_bound":5272013.807617979},"point_estimate":5268604.01542545,"standard_error":1657.6748172437328},"Median":{"confidence_interval":{"confidence_level":0.95,"lower_bound":5263569.410714285,"upper_bound":5270312.040170941},"point_estimate":5266977.153256705,"standard_error":1699.9920644253557},"MedianAbsDev":{"confidence_interval":{"confidence_level":0.95,"lower_bound":4014.490015054307,"upper_bound":10839.030325345566},"point_estimate":6684.345282662249,"standard_error":1619.6825065320045},"Slope":{"confidence_interval":{"confidence_level":0.95,"lower_bound":5265705.108839924,"upper_bound":5269905.252351056},"point_estimate":5267828.050625771,"standard_error":1062.5060813789019},"StdDev":{"confidence_interval":{"confidence_level":0.95,"lower_bound":5684.186360455265,"upper_bound":11842.016478768617},"point_estimate":9237.870555926507,"standard_error":1570.1472745350952}}