{"Mean":{"confidence_interval":{"confidence_level":0.95,"lower_bound":6110565.803951022,"upper_bound":6122564.634174321},"point_estimate":6116411.063248342,"standard_error":3037.0171180330394},"Median":{"confidence_interval":{"confidence_level":0.95,"lower_bound":6114537.575231481,"upper_bound":6121444.461538462},"point_estimate":6118286.305555556,"standard_error":2019.7486566339928},"MedianAbsDev":{"confidence_interval":{"confidence_level":0.95,"lower_bound":4632.705926731415,"upper_bound":15171.887834641904},"point_estimate":9382.006045999653,"standard_error":2909.4995614616437},"Slope":{"confidence_interval":{"confidence_level":0.95,"lower_bound":6117216.517077812,"upper_bound":6121794.11336093},"point_estimate":6119652.837969328,"standard_error":1165.8574457849927},"StdDev":{"confidence_interval":{"confidence_level":0.95,"lower_bound":8384.880184526082,"upper_bound":24231.684818218117},"point_estimate":16941.396891531178,"standard_error":4160.401507339205}}