{"Mean":{"confidence_interval":{"confidence_level":0.95,"lower_bound":6448901.363048719,"upper_bound":6454170.749778457},"point_estimate":6451638.199538873,"standard_error":1348.886721554134},"Median":{"confidence_interval":{"confidence_level":0.95,"lower_bound":6450415.48143116,"upper_bound":6457227.827777778},"point_estimate":6452490.0,"standard_error":2003.526982229082},"MedianAbsDev":{"confidence_interval":{"confidence_level":0.95,"lower_bound":3254.0521203540266,"upper_bound":10881.945916275903},"point_estimate":7683.99464477867,"standard_error":1933.3834935833593},"Slope":{"confidence_interval":{"confidence_level":0.95,"lower_bound":6448833.489921296,"upper_bound":6455314.107038573},"point_estimate":6452048.337599154,"standard_error":1664.6527047620416},"StdDev":{"confidence_interval":{"confidence_level":0.95,"lower_bound":5365.104214887529,"upper_bound":9060.842958890948},"point_estimate":7522.24851777083,"standard_error":944.7134379373095}}