{"Mean":{"confidence_interval":{"confidence_level":0.95,"lower_bound":11732420.342411974,"upper_bound":11797073.233035136},"point_estimate":11763763.706098596,"standard_error":16489.160498423927},"Median":{"confidence_interval":{"confidence_level":0.95,"lower_bound":11736102.235897437,"upper_bound":11773492.138888888},"point_estimate":11759206.592857143,"standard_error":9887.547847339689},"MedianAbsDev":{"confidence_interval":{"confidence_level":0.95,"lower_bound":27212.29492799684,"upper_bound":83448.46953317679},"point_estimate":60516.991781378194,"standard_error":15107.147183309176},"Slope":{"confidence_interval":{"confidence_level":0.95,"lower_bound":11720185.75472383,"upper_bound":11767618.336599983},"point_estimate":11745085.683130618,"standard_error":12046.339236795533},"StdDev":{"confidence_interval":{"confidence_level":0.95,"lower_bound":58037.610269023215,"upper_bound":116343.96592633823},"point_estimate":91642.20844105515,"standard_error":14849.01042114856}}