{"Mean":{"confidence_interval":{"confidence_level":0.95,"lower_bound":391.525246134659,"upper_bound":391.7588924449626},"point_estimate":391.63317544544094,"standard_error":0.05965486712256121},"Median":{"confidence_interval":{"confidence_level":0.95,"lower_bound":391.42592046737917,"upper_bound":391.7270242735879},"point_estimate":391.541286958151,"standard_error":0.07395134099502962},"MedianAbsDev":{"confidence_interval":{"confidence_level":0.95,"lower_bound":0.13437844461968235,"upper_bound":0.3730931767344497},"point_estimate":0.29593318320473666,"standard_error":0.06908854145213128},"Slope":{"confidence_interval":{"confidence_level":0.95,"lower_bound":391.5266356642052,"upper_bound":391.8185493028098},"point_estimate":391.6598624950509,"standard_error":0.07459805004713373},"StdDev":{"confidence_interval":{"confidence_level":0.95,"lower_bound":0.1958503246636056,"upper_bound":0.4579296433305265},"point_estimate":0.33289078666802147,"standard_error":0.07211556276725727}}