{"Mean":{"confidence_interval":{"confidence_level":0.95,"lower_bound":4035838.3603718164,"upper_bound":4053666.4372271583},"point_estimate":4045285.5962125007,"standard_error":4551.866778739047},"Median":{"confidence_interval":{"confidence_level":0.95,"lower_bound":4043861.3162055337,"upper_bound":4059569.526234568},"point_estimate":4049706.3333333335,"standard_error":4242.01573382831},"MedianAbsDev":{"confidence_interval":{"confidence_level":0.95,"lower_bound":11405.535697511363,"upper_bound":27388.43996375799},"point_estimate":21539.837521757785,"standard_error":4406.164998011021},"Slope":{"confidence_interval":{"confidence_level":0.95,"lower_bound":4048202.0468275878,"upper_bound":4058713.9006962436},"point_estimate":4053944.734602503,"standard_error":2686.173588153391},"StdDev":{"confidence_interval":{"confidence_level":0.95,"lower_bound":15897.379505647472,"upper_bound":32003.795162204173},"point_estimate":25282.79911079157,"standard_error":4129.736010705564}}