{"Mean":{"confidence_interval":{"confidence_level":0.95,"lower_bound":398.0955637373372,"upper_bound":398.1086702487856},"point_estimate":398.10195563781326,"standard_error":0.0033301886607193165},"Median":{"confidence_interval":{"confidence_level":0.95,"lower_bound":398.09696257329256,"upper_bound":398.1076297338666},"point_estimate":398.1025552731967,"standard_error":0.003231507047144681},"MedianAbsDev":{"confidence_interval":{"confidence_level":0.95,"lower_bound":0.006397695073020002,"upper_bound":0.019488679774152223},"point_estimate":0.011475113233419402,"standard_error":0.0033515156472989356},"Slope":{"confidence_interval":{"confidence_level":0.95,"lower_bound":398.1001788906485,"upper_bound":398.10796021990313},"point_estimate":398.10409973538594,"standard_error":0.001990358394282532},"StdDev":{"confidence_interval":{"confidence_level":0.95,"lower_bound":0.011500498221401758,"upper_bound":0.024472233542988706},"point_estimate":0.018531464423382077,"standard_error":0.00332320018655758}}