{"Mean":{"confidence_interval":{"confidence_level":0.95,"lower_bound":263935.7093611376,"upper_bound":264292.02109257836},"point_estimate":264081.94531237194,"standard_error":93.3860971790148},"Median":{"confidence_interval":{"confidence_level":0.95,"lower_bound":263855.7866013072,"upper_bound":263990.3118055556},"point_estimate":263898.0623015873,"standard_error":40.776934282028535},"MedianAbsDev":{"confidence_interval":{"confidence_level":0.95,"lower_bound":62.5500644060705,"upper_bound":248.60674821790136},"point_estimate":120.438534629475,"standard_error":52.00952102548275},"Slope":{"confidence_interval":{"confidence_level":0.95,"lower_bound":263880.5712897242,"upper_bound":264057.74707827816},"point_estimate":263964.23720253835,"standard_error":45.50494871343265},"StdDev":{"confidence_interval":{"confidence_level":0.95,"lower_bound":167.82562205711324,"upper_bound":811.1723755273091},"point_estimate":519.3485349213539,"standard_error":200.51742218378166}}