{"Mean":{"confidence_interval":{"confidence_level":0.95,"lower_bound":55793.12015800239,"upper_bound":55877.891377480366},"point_estimate":55832.69618362583,"standard_error":21.655438979730278},"Median":{"confidence_interval":{"confidence_level":0.95,"lower_bound":55777.2109646623,"upper_bound":55813.81960788717},"point_estimate":55795.8347107438,"standard_error":11.280807944565357},"MedianAbsDev":{"confidence_interval":{"confidence_level":0.95,"lower_bound":27.736123612267072,"upper_bound":132.25504165819694},"point_estimate":65.40832707780586,"standard_error":24.75896374490554},"Slope":{"confidence_interval":{"confidence_level":0.95,"lower_bound":55748.73068817321,"upper_bound":55788.02908249924},"point_estimate":55768.72638378399,"standard_error":10.058163819589263},"StdDev":{"confidence_interval":{"confidence_level":0.95,"lower_bound":73.34302734627737,"upper_bound":155.60295897021985},"point_estimate":120.93261449041144,"standard_error":21.095332940035913}}