{"Mean":{"confidence_interval":{"confidence_level":0.95,"lower_bound":370.75727793575777,"upper_bound":372.1583411525984},"point_estimate":371.3130395286488,"standard_error":0.3710094702519619},"Median":{"confidence_interval":{"confidence_level":0.95,"lower_bound":370.51479382943023,"upper_bound":370.95018186519565},"point_estimate":370.54759868988106,"standard_error":0.14168689927107792},"MedianAbsDev":{"confidence_interval":{"confidence_level":0.95,"lower_bound":0.04199407843619712,"upper_bound":0.6832278672014573},"point_estimate":0.1296332197244521,"standard_error":0.19512422413725097},"Slope":{"confidence_interval":{"confidence_level":0.95,"lower_bound":370.6323712768572,"upper_bound":370.99440206610933},"point_estimate":370.80951281490064,"standard_error":0.09288071145883717},"StdDev":{"confidence_interval":{"confidence_level":0.95,"lower_bound":0.4295494261203626,"upper_bound":3.2557682907011},"point_estimate":2.05156538937204,"standard_error":0.8561646970368868}}