{"Mean":{"confidence_interval":{"confidence_level":0.95,"lower_bound":19333525.346157867,"upper_bound":19342557.036966242},"point_estimate":19337849.10602007,"standard_error":2308.92654919659},"Median":{"confidence_interval":{"confidence_level":0.95,"lower_bound":19330021.075,"upper_bound":19340550.10714286},"point_estimate":19332638.81818182,"standard_error":3077.348753467081},"MedianAbsDev":{"confidence_interval":{"confidence_level":0.95,"lower_bound":4310.820038469118,"upper_bound":15999.230515955038},"point_estimate":9780.243836891552,"standard_error":3049.912216227099},"Slope":{"confidence_interval":{"confidence_level":0.95,"lower_bound":19329450.397885736,"upper_bound":19334905.55955896},"point_estimate":19331861.47625595,"standard_error":1398.5553023450236},"StdDev":{"confidence_interval":{"confidence_level":0.95,"lower_bound":8754.284856932785,"upper_bound":15824.70848968171},"point_estimate":12868.13031864008,"standard_error":1800.2359555805824}}