{"Mean":{"confidence_interval":{"confidence_level":0.95,"lower_bound":-0.020164769559362913,"upper_bound":0.0074635108034089345},"point_estimate":-0.005252597800891046,"standard_error":0.007014384020024234},"Median":{"confidence_interval":{"confidence_level":0.95,"lower_bound":0.0056201711100363205,"upper_bound":0.008105132904079104},"point_estimate":0.006630201256345503,"standard_error":0.0006281250794901942}}