{"Mean":{"confidence_interval":{"confidence_level":0.95,"lower_bound":567.1578174768949,"upper_bound":567.2999343225612},"point_estimate":567.2210904661878,"standard_error":0.036446638053489674},"Median":{"confidence_interval":{"confidence_level":0.95,"lower_bound":567.1511626087658,"upper_bound":567.1789839511754},"point_estimate":567.1722082374376,"standard_error":0.0069660032953976665},"MedianAbsDev":{"confidence_interval":{"confidence_level":0.95,"lower_bound":0.012472031652193825,"upper_bound":0.1329285080633231},"point_estimate":0.040116174489157094,"standard_error":0.029583773897604665},"Slope":{"confidence_interval":{"confidence_level":0.95,"lower_bound":567.1290447218954,"upper_bound":567.3558175042916},"point_estimate":567.230994947196,"standard_error":0.057984381723887285},"StdDev":{"confidence_interval":{"confidence_level":0.95,"lower_bound":0.07221483581704675,"upper_bound":0.2828901032167426},"point_estimate":0.20275912522467546,"standard_error":0.0515448568218181}}