{"Mean":{"confidence_interval":{"confidence_level":0.95,"lower_bound":752045.0379288947,"upper_bound":758906.4262093548},"point_estimate":755653.7129603979,"standard_error":1748.3000055938774},"Median":{"confidence_interval":{"confidence_level":0.95,"lower_bound":753436.9426190476,"upper_bound":759805.2785714285},"point_estimate":757576.3080357143,"standard_error":2022.4485401864365},"MedianAbsDev":{"confidence_interval":{"confidence_level":0.95,"lower_bound":4310.322364225194,"upper_bound":10468.234870969809},"point_estimate":7379.314576566695,"standard_error":1530.3117903206028},"Slope":{"confidence_interval":{"confidence_level":0.95,"lower_bound":753795.7798864193,"upper_bound":757827.782552038},"point_estimate":755758.4999697817,"standard_error":1031.4173996623124},"StdDev":{"confidence_interval":{"confidence_level":0.95,"lower_bound":5828.257062786215,"upper_bound":12650.844546155871},"point_estimate":9785.398127049411,"standard_error":1736.881842917172}}