{"Mean":{"confidence_interval":{"confidence_level":0.95,"lower_bound":13196499.313040992,"upper_bound":13249477.68695522},"point_estimate":13223104.580660846,"standard_error":13537.159723112663},"Median":{"confidence_interval":{"confidence_level":0.95,"lower_bound":13193127.698717948,"upper_bound":13248825.208333332},"point_estimate":13231416.524844721,"standard_error":15499.429804096582},"MedianAbsDev":{"confidence_interval":{"confidence_level":0.95,"lower_bound":31769.840585972976,"upper_bound":92386.73475980759},"point_estimate":61462.91160881565,"standard_error":15448.94399608594},"Slope":{"confidence_interval":{"confidence_level":0.95,"lower_bound":13194112.954271259,"upper_bound":13246942.828701701},"point_estimate":13221648.207826547,"standard_error":13460.068732870952},"StdDev":{"confidence_interval":{"confidence_level":0.95,"lower_bound":51016.10731424993,"upper_bound":94969.98381834992},"point_estimate":75233.57641261964,"standard_error":11229.523737673604}}