{"Mean":{"confidence_interval":{"confidence_level":0.95,"lower_bound":22008756.392938904,"upper_bound":22036895.22802582},"point_estimate":22023781.177835092,"standard_error":7200.56219424605},"Median":{"confidence_interval":{"confidence_level":0.95,"lower_bound":22025742.184210524,"upper_bound":22041284.979395606},"point_estimate":22034370.545833334,"standard_error":4829.158901012042},"MedianAbsDev":{"confidence_interval":{"confidence_level":0.95,"lower_bound":12204.789458322857,"upper_bound":41481.629363553206},"point_estimate":28824.052928473207,"standard_error":7801.010507550849},"Slope":{"confidence_interval":{"confidence_level":0.95,"lower_bound":22038722.919768367,"upper_bound":22049449.477254193},"point_estimate":22044451.442517187,"standard_error":2712.7691035545377},"StdDev":{"confidence_interval":{"confidence_level":0.95,"lower_bound":23578.54373563502,"upper_bound":52525.05206703158},"point_estimate":40048.264022352916,"standard_error":7424.845193794151}}