{"Mean":{"confidence_interval":{"confidence_level":0.95,"lower_bound":2550493.876847983,"upper_bound":2556058.6676107277},"point_estimate":2553290.5239050416,"standard_error":1421.768739526903},"Median":{"confidence_interval":{"confidence_level":0.95,"lower_bound":2551642.599425287,"upper_bound":2556189.031372549},"point_estimate":2554490.17,"standard_error":1298.6056476918448},"MedianAbsDev":{"confidence_interval":{"confidence_level":0.95,"lower_bound":3379.928087267243,"upper_bound":11242.143767078756},"point_estimate":7931.547994964981,"standard_error":2144.7610765351556},"Slope":{"confidence_interval":{"confidence_level":0.95,"lower_bound":2551580.7880239957,"upper_bound":2558472.8326988523},"point_estimate":2555056.684124802,"standard_error":1767.3668172174832},"StdDev":{"confidence_interval":{"confidence_level":0.95,"lower_bound":5647.946397964542,"upper_bound":9786.087082739024},"point_estimate":7913.812983004481,"standard_error":1058.798348070259}}