{"Mean":{"confidence_interval":{"confidence_level":0.95,"lower_bound":483.7106240723582,"upper_bound":484.50562481554203},"point_estimate":484.04738720395585,"standard_error":0.20710448853314983},"Median":{"confidence_interval":{"confidence_level":0.95,"lower_bound":483.68386063839364,"upper_bound":483.77587159729103},"point_estimate":483.7096291467988,"standard_error":0.028793454616591205},"MedianAbsDev":{"confidence_interval":{"confidence_level":0.95,"lower_bound":0.0682562008411205,"upper_bound":0.20199278091488126},"point_estimate":0.11141772457091001,"standard_error":0.03637235853427669},"Slope":{"confidence_interval":{"confidence_level":0.95,"lower_bound":483.4917633358402,"upper_bound":483.8567692514812},"point_estimate":483.6842851487464,"standard_error":0.09398672029645713},"StdDev":{"confidence_interval":{"confidence_level":0.95,"lower_bound":0.22827267961350833,"upper_bound":1.7367796713714336},"point_estimate":1.154952586096442,"standard_error":0.39875247395210034}}