{"Mean":{"confidence_interval":{"confidence_level":0.95,"lower_bound":8105538.413350997,"upper_bound":8135194.836484083},"point_estimate":8120006.816557584,"standard_error":7584.961099402494},"Median":{"confidence_interval":{"confidence_level":0.95,"lower_bound":8107397.857843136,"upper_bound":8127194.543478261},"point_estimate":8118277.208333334,"standard_error":5502.552781833658},"MedianAbsDev":{"confidence_interval":{"confidence_level":0.95,"lower_bound":14608.515402412038,"upper_bound":49371.28922246421},"point_estimate":28675.127147166175,"standard_error":8653.343432373624},"Slope":{"confidence_interval":{"confidence_level":0.95,"lower_bound":8110689.578849525,"upper_bound":8131464.080031461},"point_estimate":8120820.409042834,"standard_error":5269.430434270461},"StdDev":{"confidence_interval":{"confidence_level":0.95,"lower_bound":27482.56888472037,"upper_bound":54252.090001183074},"point_estimate":42278.03294248843,"standard_error":6852.532761221073}}