{"Mean":{"confidence_interval":{"confidence_level":0.95,"lower_bound":1316083.7002736747,"upper_bound":1317155.9745137172},"point_estimate":1316592.3999910415,"standard_error":273.47388181790325},"Median":{"confidence_interval":{"confidence_level":0.95,"lower_bound":1315948.5499338624,"upper_bound":1317054.6703703704},"point_estimate":1316372.8550965495,"standard_error":340.4300689569616},"MedianAbsDev":{"confidence_interval":{"confidence_level":0.95,"lower_bound":800.5846053947448,"upper_bound":1812.9546323539184},"point_estimate":1147.2144442994347,"standard_error":257.04293509113126},"Slope":{"confidence_interval":{"confidence_level":0.95,"lower_bound":1315935.295210477,"upper_bound":1316752.5000425973},"point_estimate":1316360.2837887066,"standard_error":208.52876989080534},"StdDev":{"confidence_interval":{"confidence_level":0.95,"lower_bound":959.6708769768878,"upper_bound":1977.7887252140674},"point_estimate":1518.3203841535317,"standard_error":264.5034749770838}}