{"Mean":{"confidence_interval":{"confidence_level":0.95,"lower_bound":6416987.024068718,"upper_bound":6426932.270919152},"point_estimate":6421579.250545527,"standard_error":2546.1507108998926},"Median":{"confidence_interval":{"confidence_level":0.95,"lower_bound":6412810.547916667,"upper_bound":6420392.047619048},"point_estimate":6415245.924836602,"standard_error":2742.534507340364},"MedianAbsDev":{"confidence_interval":{"confidence_level":0.95,"lower_bound":3133.1191027098544,"upper_bound":14090.887401672637},"point_estimate":7206.884296805714,"standard_error":3214.6680896590897},"Slope":{"confidence_interval":{"confidence_level":0.95,"lower_bound":6412188.434989686,"upper_bound":6415062.9314168645},"point_estimate":6413364.882707562,"standard_error":733.3593424639631},"StdDev":{"confidence_interval":{"confidence_level":0.95,"lower_bound":8479.570523728797,"upper_bound":19111.614740193443},"point_estimate":14245.021163303398,"standard_error":2843.6603576868333}}