{"Mean":{"confidence_interval":{"confidence_level":0.95,"lower_bound":352.757060619598,"upper_bound":353.0536024216266},"point_estimate":352.8955964201921,"standard_error":0.07585492265272313},"Median":{"confidence_interval":{"confidence_level":0.95,"lower_bound":352.68095090495814,"upper_bound":352.90485536124527},"point_estimate":352.7601630018597,"standard_error":0.05438198369129736},"MedianAbsDev":{"confidence_interval":{"confidence_level":0.95,"lower_bound":0.10943897129455796,"upper_bound":0.42139903084972774},"point_estimate":0.21692701124565694,"standard_error":0.08249057238128679},"Slope":{"confidence_interval":{"confidence_level":0.95,"lower_bound":352.66863464815737,"upper_bound":353.0075249018188},"point_estimate":352.82209489372997,"standard_error":0.08763445902299455},"StdDev":{"confidence_interval":{"confidence_level":0.95,"lower_bound":0.26677036601719795,"upper_bound":0.5283975911174187},"point_estimate":0.4219664520221964,"standard_error":0.06664065443976351}}