{"Mean":{"confidence_interval":{"confidence_level":0.95,"lower_bound":584.8600328870494,"upper_bound":585.5314121831922},"point_estimate":585.1721979843089,"standard_error":0.17237332193219002},"Median":{"confidence_interval":{"confidence_level":0.95,"lower_bound":584.5629018961254,"upper_bound":585.1364974679072},"point_estimate":584.5846650702051,"standard_error":0.16104066592612915},"MedianAbsDev":{"confidence_interval":{"confidence_level":0.95,"lower_bound":0.03226608131771781,"upper_bound":0.8802365126397519},"point_estimate":0.09808627196019597,"standard_error":0.22643820094540285},"Slope":{"confidence_interval":{"confidence_level":0.95,"lower_bound":585.2138481445795,"upper_bound":586.2053673315824},"point_estimate":585.742202838426,"standard_error":0.2518361868991367},"StdDev":{"confidence_interval":{"confidence_level":0.95,"lower_bound":0.5747221120246111,"upper_bound":1.2436129590867193},"point_estimate":0.9618983433119482,"standard_error":0.17125720624696775}}