{"Mean":{"confidence_interval":{"confidence_level":0.95,"lower_bound":-0.0389523696068192,"upper_bound":-0.004363835976835468},"point_estimate":-0.020260783423416084,"standard_error":0.00890781821162517},"Median":{"confidence_interval":{"confidence_level":0.95,"lower_bound":6.3482712033824384e-6,"upper_bound":0.002327607612873095},"point_estimate":0.0017182630514973596,"standard_error":0.001112047024576741}}