{"Mean":{"confidence_interval":{"confidence_level":0.95,"lower_bound":47426339.695938185,"upper_bound":47567674.399613336},"point_estimate":47496929.62472868,"standard_error":36070.35703486489},"Median":{"confidence_interval":{"confidence_level":0.95,"lower_bound":47441996.66256157,"upper_bound":47566434.28928571},"point_estimate":47536646.40588235,"standard_error":34681.843948305075},"MedianAbsDev":{"confidence_interval":{"confidence_level":0.95,"lower_bound":75405.70502348055,"upper_bound":320605.6881353811},"point_estimate":164314.8733908276,"standard_error":66368.31805936749},"Slope":{"confidence_interval":{"confidence_level":0.95,"lower_bound":47405733.896924086,"upper_bound":47582131.66935315},"point_estimate":47493730.414701216,"standard_error":45044.81910300282},"StdDev":{"confidence_interval":{"confidence_level":0.95,"lower_bound":151164.14602741893,"upper_bound":237843.25024674673},"point_estimate":200364.5663469956,"standard_error":22183.291374998495}}