{"Mean":{"confidence_interval":{"confidence_level":0.95,"lower_bound":19466026.943991505,"upper_bound":19644910.249968328},"point_estimate":19527829.484047435,"standard_error":55793.30530821655},"Median":{"confidence_interval":{"confidence_level":0.95,"lower_bound":19459878.458823532,"upper_bound":19480001.733333334},"point_estimate":19464991.195804197,"standard_error":5386.512933749611},"MedianAbsDev":{"confidence_interval":{"confidence_level":0.95,"lower_bound":7588.603245274888,"upper_bound":28444.816560921332},"point_estimate":18195.70713848451,"standard_error":5032.6276719112575},"Slope":{"confidence_interval":{"confidence_level":0.95,"lower_bound":19457122.06145684,"upper_bound":19464040.604205225},"point_estimate":19460065.607509255,"standard_error":1765.2615394293991},"StdDev":{"confidence_interval":{"confidence_level":0.95,"lower_bound":14497.313946343553,"upper_bound":520427.1393900988},"point_estimate":311100.4448711738,"standard_error":182317.8184973755}}