{"Mean":{"confidence_interval":{"confidence_level":0.95,"lower_bound":495.6569757212643,"upper_bound":495.8609483451255},"point_estimate":495.73996301627545,"standard_error":0.053852813296916976},"Median":{"confidence_interval":{"confidence_level":0.95,"lower_bound":495.6469946474257,"upper_bound":495.66397499527636},"point_estimate":495.65918341350687,"standard_error":0.005204931486699855},"MedianAbsDev":{"confidence_interval":{"confidence_level":0.95,"lower_bound":0.013193777016359967,"upper_bound":0.041719409990240174},"point_estimate":0.022572813754500765,"standard_error":0.007288877333848222},"Slope":{"confidence_interval":{"confidence_level":0.95,"lower_bound":495.6467981568383,"upper_bound":495.7916036222188},"point_estimate":495.69569199708366,"standard_error":0.04026030838746295},"StdDev":{"confidence_interval":{"confidence_level":0.95,"lower_bound":0.03870692136566937,"upper_bound":0.46744376408178145},"point_estimate":0.29965801472792863,"standard_error":0.11894742281369071}}