{"Mean":{"confidence_interval":{"confidence_level":0.95,"lower_bound":380.3375310295746,"upper_bound":380.62269627835394},"point_estimate":380.4520331155248,"standard_error":0.07533933551542603},"Median":{"confidence_interval":{"confidence_level":0.95,"lower_bound":380.3013322637473,"upper_bound":380.32130161273943},"point_estimate":380.3090426395643,"standard_error":0.008651986776854508},"MedianAbsDev":{"confidence_interval":{"confidence_level":0.95,"lower_bound":0.010700860461961104,"upper_bound":0.052426425130912016},"point_estimate":0.021276330460552224,"standard_error":0.014371836898150685},"Slope":{"confidence_interval":{"confidence_level":0.95,"lower_bound":380.320407171127,"upper_bound":380.44676531602437},"point_estimate":380.3813561047652,"standard_error":0.03251131548898465},"StdDev":{"confidence_interval":{"confidence_level":0.95,"lower_bound":0.10375732876188179,"upper_bound":0.6658034068917856},"point_estimate":0.4199403630366628,"standard_error":0.17461946766814382}}