{"Mean":{"confidence_interval":{"confidence_level":0.95,"lower_bound":138759.96869993355,"upper_bound":139115.19871983872},"point_estimate":138932.8830297828,"standard_error":91.18318667509209},"Median":{"confidence_interval":{"confidence_level":0.95,"lower_bound":138736.41444444444,"upper_bound":138937.30086956522},"point_estimate":138799.6106372549,"standard_error":63.51372727428226},"MedianAbsDev":{"confidence_interval":{"confidence_level":0.95,"lower_bound":167.90305463025572,"upper_bound":677.1883633108429},"point_estimate":332.3442613938273,"standard_error":128.23476401366133},"Slope":{"confidence_interval":{"confidence_level":0.95,"lower_bound":139078.29558292514,"upper_bound":139522.32107920587},"point_estimate":139324.32419249075,"standard_error":113.53020734760817},"StdDev":{"confidence_interval":{"confidence_level":0.95,"lower_bound":358.07492289366485,"upper_bound":612.372798044333},"point_estimate":506.2939967794208,"standard_error":64.6523249629773}}