{"Mean":{"confidence_interval":{"confidence_level":0.95,"lower_bound":5150287.061414502,"upper_bound":5156837.0965380035},"point_estimate":5153552.175481395,"standard_error":1668.3879331095345},"Median":{"confidence_interval":{"confidence_level":0.95,"lower_bound":5150891.47368421,"upper_bound":5156648.334615385},"point_estimate":5153208.788194444,"standard_error":1578.9168580071344},"MedianAbsDev":{"confidence_interval":{"confidence_level":0.95,"lower_bound":3551.6438645223016,"upper_bound":10715.9964919746},"point_estimate":5691.218899570089,"standard_error":1908.3133296247593},"Slope":{"confidence_interval":{"confidence_level":0.95,"lower_bound":5144398.265952699,"upper_bound":5153144.1016289275},"point_estimate":5148447.149374229,"standard_error":2247.817367551297},"StdDev":{"confidence_interval":{"confidence_level":0.95,"lower_bound":6441.570381389691,"upper_bound":11542.712743155376},"point_estimate":9302.22308255071,"standard_error":1304.6793574404014}}