{"Mean":{"confidence_interval":{"confidence_level":0.95,"lower_bound":4048812.268594712,"upper_bound":4067021.933604589},"point_estimate":4058509.429121214,"standard_error":4644.490268308406},"Median":{"confidence_interval":{"confidence_level":0.95,"lower_bound":4052107.492857143,"upper_bound":4065892.152046784},"point_estimate":4060062.160098522,"standard_error":3358.8627308592763},"MedianAbsDev":{"confidence_interval":{"confidence_level":0.95,"lower_bound":9465.108308883531,"upper_bound":25410.064125419798},"point_estimate":16313.68526596126,"standard_error":3923.3525034207373},"Slope":{"confidence_interval":{"confidence_level":0.95,"lower_bound":4051573.812699186,"upper_bound":4064040.63579309},"point_estimate":4057863.4958928255,"standard_error":3165.2729375949266},"StdDev":{"confidence_interval":{"confidence_level":0.95,"lower_bound":14526.965936420242,"upper_bound":36162.80738606689},"point_estimate":25763.325272377526,"standard_error":5837.416467704454}}