{"Mean":{"confidence_interval":{"confidence_level":0.95,"lower_bound":122433.77055911777,"upper_bound":122492.58644073586},"point_estimate":122463.3744383233,"standard_error":15.063755581227788},"Median":{"confidence_interval":{"confidence_level":0.95,"lower_bound":122436.23528319818,"upper_bound":122506.73712260302},"point_estimate":122478.7052578362,"standard_error":19.30668760261354},"MedianAbsDev":{"confidence_interval":{"confidence_level":0.95,"lower_bound":44.032788229876154,"upper_bound":115.02303667884185},"point_estimate":77.72383318920922,"standard_error":17.75690813476299},"Slope":{"confidence_interval":{"confidence_level":0.95,"lower_bound":122451.96953486824,"upper_bound":122518.4262043378},"point_estimate":122486.13673090404,"standard_error":17.069357946038433},"StdDev":{"confidence_interval":{"confidence_level":0.95,"lower_bound":61.94679592420606,"upper_bound":100.84606337866794},"point_estimate":84.08814272870138,"standard_error":9.899091888122156}}