{"Mean":{"confidence_interval":{"confidence_level":0.95,"lower_bound":387.2231223474937,"upper_bound":387.4390257140356},"point_estimate":387.31473858954917,"standard_error":0.0560674663877393},"Median":{"confidence_interval":{"confidence_level":0.95,"lower_bound":387.1803804242936,"upper_bound":387.2112289392263},"point_estimate":387.1893474227643,"standard_error":0.019134391774828258},"MedianAbsDev":{"confidence_interval":{"confidence_level":0.95,"lower_bound":0.019070241930487238,"upper_bound":0.15164064331856447},"point_estimate":0.040511077942895206,"standard_error":0.035865867168828294},"Slope":{"confidence_interval":{"confidence_level":0.95,"lower_bound":387.23355968864513,"upper_bound":387.43011761979136},"point_estimate":387.3249795769602,"standard_error":0.05025879019629303},"StdDev":{"confidence_interval":{"confidence_level":0.95,"lower_bound":0.12027576511493787,"upper_bound":0.4742161178193421},"point_estimate":0.3128330639925593,"standard_error":0.10575885501483442}}