{"Mean":{"confidence_interval":{"confidence_level":0.95,"lower_bound":353.3019418175591,"upper_bound":353.5854398898502},"point_estimate":353.43882678700174,"standard_error":0.07234537785654199},"Median":{"confidence_interval":{"confidence_level":0.95,"lower_bound":353.15907308202145,"upper_bound":353.6758813916406},"point_estimate":353.4224224562698,"standard_error":0.1301723267268003},"MedianAbsDev":{"confidence_interval":{"confidence_level":0.95,"lower_bound":0.22719608483994122,"upper_bound":0.534515197153395},"point_estimate":0.43302269125095405,"standard_error":0.08123717419980792},"Slope":{"confidence_interval":{"confidence_level":0.95,"lower_bound":353.27458635745046,"upper_bound":353.5004074098335},"point_estimate":353.3833372475951,"standard_error":0.05754204773392553},"StdDev":{"confidence_interval":{"confidence_level":0.95,"lower_bound":0.2827417554476109,"upper_bound":0.5207284553654735},"point_estimate":0.4027662005163451,"standard_error":0.06383570135641672}}