{"Mean":{"confidence_interval":{"confidence_level":0.95,"lower_bound":99099.60128300024,"upper_bound":99165.38782883699},"point_estimate":99132.36460781393,"standard_error":16.699009175338183},"Median":{"confidence_interval":{"confidence_level":0.95,"lower_bound":99091.6357016881,"upper_bound":99173.03282967032},"point_estimate":99131.40261367706,"standard_error":22.510799048688583},"MedianAbsDev":{"confidence_interval":{"confidence_level":0.95,"lower_bound":43.10515835393868,"upper_bound":108.48769631847502},"point_estimate":73.836067355809,"standard_error":16.28721378773563},"Slope":{"confidence_interval":{"confidence_level":0.95,"lower_bound":99126.43936965954,"upper_bound":99175.91720105914},"point_estimate":99151.70699000277,"standard_error":12.577723775173487},"StdDev":{"confidence_interval":{"confidence_level":0.95,"lower_bound":59.0881275317874,"upper_bound":121.44136818028281},"point_estimate":92.92496510018263,"standard_error":15.927625219069466}}