{"Mean":{"confidence_interval":{"confidence_level":0.95,"lower_bound":1911899.1275736727,"upper_bound":1912516.7074942426},"point_estimate":1912199.2627218948,"standard_error":157.86221855069203},"Median":{"confidence_interval":{"confidence_level":0.95,"lower_bound":1911595.9904761906,"upper_bound":1912503.3796296297},"point_estimate":1912139.5972222222,"standard_error":259.38607834564624},"MedianAbsDev":{"confidence_interval":{"confidence_level":0.95,"lower_bound":574.981921792127,"upper_bound":1410.248212463073},"point_estimate":1011.5655256510552,"standard_error":228.4986540282645},"Slope":{"confidence_interval":{"confidence_level":0.95,"lower_bound":1911732.6774568006,"upper_bound":1912431.441191384},"point_estimate":1912080.7896351137,"standard_error":178.78616144575895},"StdDev":{"confidence_interval":{"confidence_level":0.95,"lower_bound":671.2950658180054,"upper_bound":1040.6125986560833},"point_estimate":878.3532141232866,"standard_error":94.6192386066774}}