{"Mean":{"confidence_interval":{"confidence_level":0.95,"lower_bound":4442751.095140689,"upper_bound":4446184.472876503},"point_estimate":4444463.483649849,"standard_error":876.7430957995491},"Median":{"confidence_interval":{"confidence_level":0.95,"lower_bound":4442204.604166666,"upper_bound":4445509.199242424},"point_estimate":4444344.410493827,"standard_error":972.6368349116027},"MedianAbsDev":{"confidence_interval":{"confidence_level":0.95,"lower_bound":2311.6123103858913,"upper_bound":7000.3238680273125},"point_estimate":3679.401709909479,"standard_error":1193.5750235615374},"Slope":{"confidence_interval":{"confidence_level":0.95,"lower_bound":4444459.323192762,"upper_bound":4447081.724996517},"point_estimate":4445773.639167989,"standard_error":667.4040200133818},"StdDev":{"confidence_interval":{"confidence_level":0.95,"lower_bound":3509.3389520046494,"upper_bound":5982.487497614065},"point_estimate":4875.295768131103,"standard_error":631.853794701211}}