{"Mean":{"confidence_interval":{"confidence_level":0.95,"lower_bound":10129010.056258978,"upper_bound":10164284.194256254},"point_estimate":10146745.140885007,"standard_error":9002.255868813998},"Median":{"confidence_interval":{"confidence_level":0.95,"lower_bound":10137603.708333332,"upper_bound":10170528.068121694},"point_estimate":10150910.134137932,"standard_error":8953.146283689326},"MedianAbsDev":{"confidence_interval":{"confidence_level":0.95,"lower_bound":26613.834427509595,"upper_bound":76904.44866649117},"point_estimate":52727.67586235793,"standard_error":12894.108437167055},"Slope":{"confidence_interval":{"confidence_level":0.95,"lower_bound":10140615.169486396,"upper_bound":10169443.310008597},"point_estimate":10154942.881491274,"standard_error":7306.02465109711},"StdDev":{"confidence_interval":{"confidence_level":0.95,"lower_bound":38026.82487540178,"upper_bound":59400.250016325714},"point_estimate":50188.51594342525,"standard_error":5452.707269292937}}