{"Mean":{"confidence_interval":{"confidence_level":0.95,"lower_bound":566.6485562566128,"upper_bound":568.4315574343167},"point_estimate":567.3735202077337,"standard_error":0.4677466825439658},"Median":{"confidence_interval":{"confidence_level":0.95,"lower_bound":566.4525718645834,"upper_bound":566.6596897520069},"point_estimate":566.5268757972665,"standard_error":0.06715280867293492},"MedianAbsDev":{"confidence_interval":{"confidence_level":0.95,"lower_bound":0.0615671545213418,"upper_bound":0.3558653092371374},"point_estimate":0.17060982722842866,"standard_error":0.08889670463579465},"Slope":{"confidence_interval":{"confidence_level":0.95,"lower_bound":566.5861277225911,"upper_bound":568.0608164358373},"point_estimate":567.172550108392,"standard_error":0.39119559501159934},"StdDev":{"confidence_interval":{"confidence_level":0.95,"lower_bound":0.34324547318715515,"upper_bound":4.077575058919382},"point_estimate":2.601459591308748,"standard_error":1.0373855005456676}}