{"Mean":{"confidence_interval":{"confidence_level":0.95,"lower_bound":98560.3803066458,"upper_bound":98615.37429414652},"point_estimate":98589.2909781311,"standard_error":14.0504333180172},"Median":{"confidence_interval":{"confidence_level":0.95,"lower_bound":98576.37116402117,"upper_bound":98614.63956043957},"point_estimate":98588.6752834467,"standard_error":11.995067749503615},"MedianAbsDev":{"confidence_interval":{"confidence_level":0.95,"lower_bound":27.089513685729845,"upper_bound":84.34365511688893},"point_estimate":53.766605712112884,"standard_error":16.09655489982344},"Slope":{"confidence_interval":{"confidence_level":0.95,"lower_bound":98599.21305267193,"upper_bound":98649.62993848577},"point_estimate":98625.58050917882,"standard_error":12.850753171033745},"StdDev":{"confidence_interval":{"confidence_level":0.95,"lower_bound":47.06613305488486,"upper_bound":103.04614697773042},"point_estimate":78.55033320559122,"standard_error":14.501917566082655}}