{"Mean":{"confidence_interval":{"confidence_level":0.95,"lower_bound":370.58574697815817,"upper_bound":370.85683722490586},"point_estimate":370.71250538724536,"standard_error":0.06958040686894677},"Median":{"confidence_interval":{"confidence_level":0.95,"lower_bound":370.49212026956974,"upper_bound":370.5282060557188},"point_estimate":370.5061354731132,"standard_error":0.029739388958286626},"MedianAbsDev":{"confidence_interval":{"confidence_level":0.95,"lower_bound":0.019909838470247517,"upper_bound":0.1571234441292064},"point_estimate":0.03748634243613974,"standard_error":0.04700160875212953},"Slope":{"confidence_interval":{"confidence_level":0.95,"lower_bound":370.59653254548533,"upper_bound":370.97151542384756},"point_estimate":370.76862074835947,"standard_error":0.09650038121284649},"StdDev":{"confidence_interval":{"confidence_level":0.95,"lower_bound":0.2451514018090142,"upper_bound":0.4771032421543367},"point_estimate":0.3872832512281219,"standard_error":0.058622209751941226}}