{"Mean":{"confidence_interval":{"confidence_level":0.95,"lower_bound":396.9534196138059,"upper_bound":397.03589770385054},"point_estimate":396.9945209746641,"standard_error":0.021077352225896514},"Median":{"confidence_interval":{"confidence_level":0.95,"lower_bound":396.9555275334145,"upper_bound":397.0172381117205},"point_estimate":396.97633957879987,"standard_error":0.016184524920123806},"MedianAbsDev":{"confidence_interval":{"confidence_level":0.95,"lower_bound":0.042819445917729966,"upper_bound":0.15292717121138807},"point_estimate":0.10143603829063078,"standard_error":0.027780629656493302},"Slope":{"confidence_interval":{"confidence_level":0.95,"lower_bound":396.9365341738651,"upper_bound":397.0179347061002},"point_estimate":396.9729097425911,"standard_error":0.02080030291421748},"StdDev":{"confidence_interval":{"confidence_level":0.95,"lower_bound":0.0824975169273539,"upper_bound":0.1466235401895466},"point_estimate":0.11728417378770105,"standard_error":0.016410509805116845}}