{"Mean":{"confidence_interval":{"confidence_level":0.95,"lower_bound":413.9760399652594,"upper_bound":414.3622123528097},"point_estimate":414.15179330035977,"standard_error":0.09897690386582726},"Median":{"confidence_interval":{"confidence_level":0.95,"lower_bound":413.84215099440047,"upper_bound":414.10448552916694},"point_estimate":413.8530165528621,"standard_error":0.06288127188633891},"MedianAbsDev":{"confidence_interval":{"confidence_level":0.95,"lower_bound":0.014812665512766623,"upper_bound":0.39370961520240244},"point_estimate":0.0371387006986517,"standard_error":0.08993848999309303},"Slope":{"confidence_interval":{"confidence_level":0.95,"lower_bound":414.0258764018811,"upper_bound":414.51862247279297},"point_estimate":414.2536892337348,"standard_error":0.12595445846500886},"StdDev":{"confidence_interval":{"confidence_level":0.95,"lower_bound":0.29055001779593637,"upper_bound":0.7276041235690782},"point_estimate":0.5511519532699548,"standard_error":0.11219432422464021}}