{"Mean":{"confidence_interval":{"confidence_level":0.95,"lower_bound":458.95711613901585,"upper_bound":459.79411526146254},"point_estimate":459.3817782834132,"standard_error":0.2137586295545669},"Median":{"confidence_interval":{"confidence_level":0.95,"lower_bound":459.0340110816928,"upper_bound":459.9200045042112},"point_estimate":459.4929331966805,"standard_error":0.25032443197038967},"MedianAbsDev":{"confidence_interval":{"confidence_level":0.95,"lower_bound":0.6558440271711364,"upper_bound":1.8052209724237491},"point_estimate":1.1997772601093981,"standard_error":0.3060837495369852},"Slope":{"confidence_interval":{"confidence_level":0.95,"lower_bound":458.7047748419435,"upper_bound":459.64056757803564},"point_estimate":459.16161328329383,"standard_error":0.23975421584696074},"StdDev":{"confidence_interval":{"confidence_level":0.95,"lower_bound":0.9032480137989178,"upper_bound":1.396172575071863},"point_estimate":1.186534736402415,"standard_error":0.12598021332139944}}