{"Mean":{"confidence_interval":{"confidence_level":0.95,"lower_bound":173787.7741823778,"upper_bound":174108.5353098},"point_estimate":173952.88654064926,"standard_error":81.9541050912271},"Median":{"confidence_interval":{"confidence_level":0.95,"lower_bound":173847.39144736843,"upper_bound":174113.4006147541},"point_estimate":174005.94016393443,"standard_error":73.48267931871094},"MedianAbsDev":{"confidence_interval":{"confidence_level":0.95,"lower_bound":186.31359923322742,"upper_bound":565.9408743787594},"point_estimate":408.25678988314183,"standard_error":90.00131288393149},"Slope":{"confidence_interval":{"confidence_level":0.95,"lower_bound":173933.19612431797,"upper_bound":174231.59359479102},"point_estimate":174086.1701276972,"standard_error":76.03624710194744},"StdDev":{"confidence_interval":{"confidence_level":0.95,"lower_bound":307.4970097498336,"upper_bound":585.0694416574955},"point_estimate":457.10820644670923,"standard_error":72.16417460019325}}