{"Mean":{"confidence_interval":{"confidence_level":0.95,"lower_bound":9160258.808285737,"upper_bound":9185453.547543546},"point_estimate":9171999.642732352,"standard_error":6433.825832404548},"Median":{"confidence_interval":{"confidence_level":0.95,"lower_bound":9153722.725925926,"upper_bound":9176039.26875},"point_estimate":9162348.921875,"standard_error":6217.737929308665},"MedianAbsDev":{"confidence_interval":{"confidence_level":0.95,"lower_bound":13478.813680654037,"upper_bound":40744.20106529847},"point_estimate":24712.24322926954,"standard_error":6990.107414781766},"Slope":{"confidence_interval":{"confidence_level":0.95,"lower_bound":9155682.302913707,"upper_bound":9175840.095945485},"point_estimate":9165103.239132734,"standard_error":5175.233841566887},"StdDev":{"confidence_interval":{"confidence_level":0.95,"lower_bound":22027.299899728558,"upper_bound":48381.659569076946},"point_estimate":36030.003918872884,"standard_error":7091.03107229261}}