{"Mean":{"confidence_interval":{"confidence_level":0.95,"lower_bound":402.8959137285523,"upper_bound":403.04755123483056},"point_estimate":402.97698371232104,"standard_error":0.03859751540183983},"Median":{"confidence_interval":{"confidence_level":0.95,"lower_bound":402.92571764646993,"upper_bound":403.0214017568886},"point_estimate":402.9823371000449,"standard_error":0.027908483971584238},"MedianAbsDev":{"confidence_interval":{"confidence_level":0.95,"lower_bound":0.056789957321963,"upper_bound":0.1564893975145727},"point_estimate":0.09194696892211149,"standard_error":0.024004500731282307},"Slope":{"confidence_interval":{"confidence_level":0.95,"lower_bound":402.94090631278675,"upper_bound":403.0208613179788},"point_estimate":402.9789119006263,"standard_error":0.020464693069192536},"StdDev":{"confidence_interval":{"confidence_level":0.95,"lower_bound":0.0959443818179311,"upper_bound":0.3172910145828685},"point_estimate":0.21474435790278654,"standard_error":0.05952887901601408}}