{"Mean":{"confidence_interval":{"confidence_level":0.95,"lower_bound":423.08997662086006,"upper_bound":423.9698694401821},"point_estimate":423.50515399512034,"standard_error":0.22558039427676485},"Median":{"confidence_interval":{"confidence_level":0.95,"lower_bound":422.74814066286666,"upper_bound":423.38637223939884},"point_estimate":422.83415652248135,"standard_error":0.15106514615953623},"MedianAbsDev":{"confidence_interval":{"confidence_level":0.95,"lower_bound":0.16398025052333023,"upper_bound":1.0239534437837445},"point_estimate":0.29610642542774956,"standard_error":0.21132900270754082},"Slope":{"confidence_interval":{"confidence_level":0.95,"lower_bound":423.134679586973,"upper_bound":423.9811093894119},"point_estimate":423.4955637057317,"standard_error":0.21568744384863764},"StdDev":{"confidence_interval":{"confidence_level":0.95,"lower_bound":0.8326282172793689,"upper_bound":1.488872218265809},"point_estimate":1.2593616336364457,"standard_error":0.16839145079623596}}