{"Mean":{"confidence_interval":{"confidence_level":0.95,"lower_bound":4460521.594948502,"upper_bound":4466202.35725289},"point_estimate":4462782.768853012,"standard_error":1511.6974302384995},"Median":{"confidence_interval":{"confidence_level":0.95,"lower_bound":4460883.197037037,"upper_bound":4462626.859259259},"point_estimate":4461802.365384616,"standard_error":443.26655879519404},"MedianAbsDev":{"confidence_interval":{"confidence_level":0.95,"lower_bound":1132.2920693716494,"upper_bound":4345.462531114801},"point_estimate":2455.5872523029584,"standard_error":832.6968672827974},"Slope":{"confidence_interval":{"confidence_level":0.95,"lower_bound":4461241.637646142,"upper_bound":4462695.744863628},"point_estimate":4461984.5339326635,"standard_error":370.7035405595084},"StdDev":{"confidence_interval":{"confidence_level":0.95,"lower_bound":2366.9347618029956,"upper_bound":13707.301954751754},"point_estimate":8443.087754550943,"standard_error":3700.627027725096}}