{"Mean":{"confidence_interval":{"confidence_level":0.95,"lower_bound":77122.2628398168,"upper_bound":77254.73977145745},"point_estimate":77184.33842361082,"standard_error":33.98999222100973},"Median":{"confidence_interval":{"confidence_level":0.95,"lower_bound":77086.04898198767,"upper_bound":77177.50105810617},"point_estimate":77151.79934507678,"standard_error":29.93042197442532},"MedianAbsDev":{"confidence_interval":{"confidence_level":0.95,"lower_bound":71.012478490584,"upper_bound":181.99065347632413},"point_estimate":130.69201636877662,"standard_error":29.481254184766968},"Slope":{"confidence_interval":{"confidence_level":0.95,"lower_bound":77087.67217099888,"upper_bound":77141.21591618625},"point_estimate":77114.78236447356,"standard_error":13.665797209356853},"StdDev":{"confidence_interval":{"confidence_level":0.95,"lower_bound":112.40973778357909,"upper_bound":245.54305250314184},"point_estimate":188.4931153545875,"standard_error":34.224211644237215}}