{"Mean":{"confidence_interval":{"confidence_level":0.95,"lower_bound":-0.006421384150680035,"upper_bound":-0.004697000344388505},"point_estimate":-0.005542179711005235,"standard_error":0.00043973485415772854},"Median":{"confidence_interval":{"confidence_level":0.95,"lower_bound":-0.007196227440382064,"upper_bound":-0.004474399405059115},"point_estimate":-0.006306013391759957,"standard_error":0.0007054338931873744}}