{"Mean":{"confidence_interval":{"confidence_level":0.95,"lower_bound":447.9454214107545,"upper_bound":448.655890336944},"point_estimate":448.27364649986913,"standard_error":0.18147649870605892},"Median":{"confidence_interval":{"confidence_level":0.95,"lower_bound":447.73292837186426,"upper_bound":448.12870702354155},"point_estimate":447.87359821132463,"standard_error":0.11022083634121564},"MedianAbsDev":{"confidence_interval":{"confidence_level":0.95,"lower_bound":0.1893960727922501,"upper_bound":0.8442282713040362},"point_estimate":0.38810038941285024,"standard_error":0.17812929800999872},"Slope":{"confidence_interval":{"confidence_level":0.95,"lower_bound":447.78175219228893,"upper_bound":448.2157383274453},"point_estimate":447.9777980130574,"standard_error":0.11034314166622015},"StdDev":{"confidence_interval":{"confidence_level":0.95,"lower_bound":0.5753471846087265,"upper_bound":1.3154453717914194},"point_estimate":1.0066361421230507,"standard_error":0.1896407243148168}}