{"Mean":{"confidence_interval":{"confidence_level":0.95,"lower_bound":364.86778723910373,"upper_bound":365.1932392084389},"point_estimate":365.0232486302077,"standard_error":0.08355149050600677},"Median":{"confidence_interval":{"confidence_level":0.95,"lower_bound":364.7359514018845,"upper_bound":364.9929170496952},"point_estimate":364.8609408856988,"standard_error":0.07410597591872795},"MedianAbsDev":{"confidence_interval":{"confidence_level":0.95,"lower_bound":0.15628305044857094,"upper_bound":0.517160819849745},"point_estimate":0.2766823894541408,"standard_error":0.09302035302657834},"Slope":{"confidence_interval":{"confidence_level":0.95,"lower_bound":364.8562595845333,"upper_bound":365.3352730338232},"point_estimate":365.0925328958865,"standard_error":0.12308559789227515},"StdDev":{"confidence_interval":{"confidence_level":0.95,"lower_bound":0.3278978290429864,"upper_bound":0.5500268347937027},"point_estimate":0.4674932940736053,"standard_error":0.05677554853093813}}