{"Mean":{"confidence_interval":{"confidence_level":0.95,"lower_bound":409.1386904533828,"upper_bound":409.4907336022056},"point_estimate":409.31702389638446,"standard_error":0.08938639923441526},"Median":{"confidence_interval":{"confidence_level":0.95,"lower_bound":409.18406199741446,"upper_bound":409.36250140241214},"point_estimate":409.332710617836,"standard_error":0.04410491434987135},"MedianAbsDev":{"confidence_interval":{"confidence_level":0.95,"lower_bound":0.12828732861407247,"upper_bound":0.3726229922804007},"point_estimate":0.24871635749358342,"standard_error":0.05523512659358644},"Slope":{"confidence_interval":{"confidence_level":0.95,"lower_bound":409.17972334286134,"upper_bound":409.3534394725533},"point_estimate":409.26297398928097,"standard_error":0.04433875472935187},"StdDev":{"confidence_interval":{"confidence_level":0.95,"lower_bound":0.24808220791287516,"upper_bound":0.6902418099814378},"point_estimate":0.49845548525023764,"standard_error":0.11188602813203267}}