{"Mean":{"confidence_interval":{"confidence_level":0.95,"lower_bound":1446.5722868215448,"upper_bound":1451.8707764360663},"point_estimate":1448.898184520989,"standard_error":1.3619862972439238},"Median":{"confidence_interval":{"confidence_level":0.95,"lower_bound":1447.5149943921042,"upper_bound":1448.9050182657181},"point_estimate":1448.2538531791224,"standard_error":0.4031860006521389},"MedianAbsDev":{"confidence_interval":{"confidence_level":0.95,"lower_bound":0.9541523316471766,"upper_bound":3.8367839454562613},"point_estimate":2.179498468073589,"standard_error":0.8654032818302727},"Slope":{"confidence_interval":{"confidence_level":0.95,"lower_bound":1447.8427198550582,"upper_bound":1449.0516138640166},"point_estimate":1448.443267443077,"standard_error":0.3044387808066168},"StdDev":{"confidence_interval":{"confidence_level":0.95,"lower_bound":2.8741816871777575,"upper_bound":11.302290123098295},"point_estimate":7.590967521587442,"standard_error":2.317167112809047}}