{"Mean":{"confidence_interval":{"confidence_level":0.95,"lower_bound":25621588.990017347,"upper_bound":25632959.72029167},"point_estimate":25627019.191704575,"standard_error":2908.440409753687},"Median":{"confidence_interval":{"confidence_level":0.95,"lower_bound":25617314.56766382,"upper_bound":25632073.64285714},"point_estimate":25628639.861111112,"standard_error":3470.3286552177806},"MedianAbsDev":{"confidence_interval":{"confidence_level":0.95,"lower_bound":4884.980264524343,"upper_bound":22391.933910794585},"point_estimate":14285.23512416426,"standard_error":4673.3688643945125},"Slope":{"confidence_interval":{"confidence_level":0.95,"lower_bound":25618110.830901794,"upper_bound":25625712.446180217},"point_estimate":25621846.93781068,"standard_error":1932.212552631933},"StdDev":{"confidence_interval":{"confidence_level":0.95,"lower_bound":10489.80872062669,"upper_bound":21597.67950245064},"point_estimate":16196.792832770005,"standard_error":2992.9220760196317}}