{"Mean":{"confidence_interval":{"confidence_level":0.95,"lower_bound":13850018.058203926,"upper_bound":13862324.425723694},"point_estimate":13856220.92105766,"standard_error":3138.5114160568146},"Median":{"confidence_interval":{"confidence_level":0.95,"lower_bound":13850579.520833332,"upper_bound":13860054.096491229},"point_estimate":13857630.924632352,"standard_error":3006.6734390567094},"MedianAbsDev":{"confidence_interval":{"confidence_level":0.95,"lower_bound":7804.865802088586,"upper_bound":24827.50741914848},"point_estimate":16712.110729557382,"standard_error":4408.576837109948},"Slope":{"confidence_interval":{"confidence_level":0.95,"lower_bound":13853869.907225437,"upper_bound":13863967.419585127},"point_estimate":13858955.694024326,"standard_error":2576.5513745856138},"StdDev":{"confidence_interval":{"confidence_level":0.95,"lower_bound":12699.023938231705,"upper_bound":21220.55047555976},"point_estimate":17453.999691177734,"standard_error":2174.2357875072425}}