{"Mean":{"confidence_interval":{"confidence_level":0.95,"lower_bound":126886.36634111468,"upper_bound":127179.54203202104},"point_estimate":127033.0330502621,"standard_error":75.06563730883825},"Median":{"confidence_interval":{"confidence_level":0.95,"lower_bound":126811.22041119449,"upper_bound":127348.84743031359},"point_estimate":126974.51286465806,"standard_error":147.4397890624552},"MedianAbsDev":{"confidence_interval":{"confidence_level":0.95,"lower_bound":291.17002825830974,"upper_bound":682.9177845636999},"point_estimate":586.2589901194106,"standard_error":96.67828443048782},"Slope":{"confidence_interval":{"confidence_level":0.95,"lower_bound":127221.70038356338,"upper_bound":127453.91956042907},"point_estimate":127359.78019759837,"standard_error":59.218263645310145},"StdDev":{"confidence_interval":{"confidence_level":0.95,"lower_bound":342.5824094130463,"upper_bound":471.61675089943924},"point_estimate":417.73502394807366,"standard_error":32.90228934553196}}