{"Mean":{"confidence_interval":{"confidence_level":0.95,"lower_bound":586.075784780998,"upper_bound":586.9263625299183},"point_estimate":586.4295444489294,"standard_error":0.2211253721549902},"Median":{"confidence_interval":{"confidence_level":0.95,"lower_bound":585.955992095939,"upper_bound":586.0646850993812},"point_estimate":585.9853690076013,"standard_error":0.041208332094368076},"MedianAbsDev":{"confidence_interval":{"confidence_level":0.95,"lower_bound":0.04492836524223702,"upper_bound":0.44550079116905056},"point_estimate":0.11759403558517036,"standard_error":0.13055203201485416},"Slope":{"confidence_interval":{"confidence_level":0.95,"lower_bound":585.8935868735886,"upper_bound":586.4338421017874},"point_estimate":586.1213787505158,"standard_error":0.13999075019642235},"StdDev":{"confidence_interval":{"confidence_level":0.95,"lower_bound":0.37994804053451803,"upper_bound":1.8745893135338016},"point_estimate":1.2257063687269432,"standard_error":0.43257358943080493}}