{"Mean":{"confidence_interval":{"confidence_level":0.95,"lower_bound":439.36205747508166,"upper_bound":440.6426959265246},"point_estimate":439.95536922648915,"standard_error":0.3270190712123916},"Median":{"confidence_interval":{"confidence_level":0.95,"lower_bound":438.9060576812369,"upper_bound":439.4415570041048},"point_estimate":439.0744207405888,"standard_error":0.15904533274441238},"MedianAbsDev":{"confidence_interval":{"confidence_level":0.95,"lower_bound":0.1875675746096036,"upper_bound":0.945688774054837},"point_estimate":0.4449524363245985,"standard_error":0.212947346668913},"Slope":{"confidence_interval":{"confidence_level":0.95,"lower_bound":439.3253592365949,"upper_bound":441.4996155420676},"point_estimate":440.4561279308453,"standard_error":0.5652875659522814},"StdDev":{"confidence_interval":{"confidence_level":0.95,"lower_bound":1.0715628421265126,"upper_bound":2.304532300589452},"point_estimate":1.8259789019853485,"standard_error":0.3121709411020111}}