{"Mean":{"confidence_interval":{"confidence_level":0.95,"lower_bound":593434.4534130393,"upper_bound":594282.3254728088},"point_estimate":593749.11517522,"standard_error":242.24246800905175},"Median":{"confidence_interval":{"confidence_level":0.95,"lower_bound":593398.0555555555,"upper_bound":593656.170940171},"point_estimate":593507.667906746,"standard_error":77.57179849132083},"MedianAbsDev":{"confidence_interval":{"confidence_level":0.95,"lower_bound":192.46896779519193,"upper_bound":440.025189157629},"point_estimate":317.8647276900762,"standard_error":65.98549908106895},"Slope":{"confidence_interval":{"confidence_level":0.95,"lower_bound":593407.8296642138,"upper_bound":593631.2036590513},"point_estimate":593522.5787766614,"standard_error":57.2992167886445},"StdDev":{"confidence_interval":{"confidence_level":0.95,"lower_bound":224.66142439097976,"upper_bound":2246.318909785506},"point_estimate":1352.3202864789425,"standard_error":702.1546010351949}}