{"Mean":{"confidence_interval":{"confidence_level":0.95,"lower_bound":263872.61045674654,"upper_bound":264012.4314425976},"point_estimate":263935.9432074788,"standard_error":35.67753653808371},"Median":{"confidence_interval":{"confidence_level":0.95,"lower_bound":263839.17779402214,"upper_bound":263879.02101139596},"point_estimate":263854.51833160804,"standard_error":10.26217612086392},"MedianAbsDev":{"confidence_interval":{"confidence_level":0.95,"lower_bound":21.033357543224994,"upper_bound":81.01015960104952},"point_estimate":42.056781304606226,"standard_error":16.49113502048915},"Slope":{"confidence_interval":{"confidence_level":0.95,"lower_bound":263865.79441420827,"upper_bound":264008.5738317693},"point_estimate":263931.29084552557,"standard_error":36.70469395400866},"StdDev":{"confidence_interval":{"confidence_level":0.95,"lower_bound":101.79581845670141,"upper_bound":267.9003030943294},"point_estimate":198.3307387682838,"standard_error":42.96565341848816}}