{"Mean":{"confidence_interval":{"confidence_level":0.95,"lower_bound":709899.725101342,"upper_bound":710867.2289849698},"point_estimate":710385.9191285422,"standard_error":246.7381592590511},"Median":{"confidence_interval":{"confidence_level":0.95,"lower_bound":709694.949329502,"upper_bound":710860.299122807},"point_estimate":710508.0150793651,"standard_error":292.21861112913666},"MedianAbsDev":{"confidence_interval":{"confidence_level":0.95,"lower_bound":645.9990096423368,"upper_bound":1735.3783271908426},"point_estimate":1237.029815118838,"standard_error":266.44835691542784},"Slope":{"confidence_interval":{"confidence_level":0.95,"lower_bound":709902.5570923989,"upper_bound":710848.962964852},"point_estimate":710405.6440683942,"standard_error":241.61663680122538},"StdDev":{"confidence_interval":{"confidence_level":0.95,"lower_bound":982.0795966420387,"upper_bound":1685.367917428287},"point_estimate":1372.3989032910438,"standard_error":179.46657489014905}}