{"Mean":{"confidence_interval":{"confidence_level":0.95,"lower_bound":607854.3611570058,"upper_bound":608609.8882087348},"point_estimate":608242.8294872782,"standard_error":193.78798499828312},"Median":{"confidence_interval":{"confidence_level":0.95,"lower_bound":608192.8476631393,"upper_bound":608786.9482401656},"point_estimate":608313.0363636364,"standard_error":176.3312627161797},"MedianAbsDev":{"confidence_interval":{"confidence_level":0.95,"lower_bound":479.1179684384142,"upper_bound":1484.5581430882862},"point_estimate":1038.317349514855,"standard_error":276.9805204645374},"Slope":{"confidence_interval":{"confidence_level":0.95,"lower_bound":608515.790101482,"upper_bound":609002.2526283727},"point_estimate":608794.1867089723,"standard_error":124.05203892549285},"StdDev":{"confidence_interval":{"confidence_level":0.95,"lower_bound":764.9679594502095,"upper_bound":1319.8348626334075},"point_estimate":1075.3439760223728,"standard_error":142.4469733140049}}