{"Mean":{"confidence_interval":{"confidence_level":0.95,"lower_bound":5027316.629104212,"upper_bound":5031227.425936409},"point_estimate":5029193.107502993,"standard_error":1000.241660668184},"Median":{"confidence_interval":{"confidence_level":0.95,"lower_bound":5027275.40485313,"upper_bound":5030313.788461538},"point_estimate":5028989.494776828,"standard_error":976.2917478395804},"MedianAbsDev":{"confidence_interval":{"confidence_level":0.95,"lower_bound":2310.7006978655722,"upper_bound":7284.936177333441},"point_estimate":4474.05370723591,"standard_error":1258.4049034506297},"Slope":{"confidence_interval":{"confidence_level":0.95,"lower_bound":5027378.225099058,"upper_bound":5029758.4152074605},"point_estimate":5028534.59005817,"standard_error":607.9332174418702},"StdDev":{"confidence_interval":{"confidence_level":0.95,"lower_bound":3666.850027949035,"upper_bound":7122.317455021347},"point_estimate":5570.047541066123,"standard_error":893.4772302276799}}