{"Mean":{"confidence_interval":{"confidence_level":0.95,"lower_bound":101212.36471602002,"upper_bound":101784.97522113693},"point_estimate":101465.31190884538,"standard_error":147.3226933395926},"Median":{"confidence_interval":{"confidence_level":0.95,"lower_bound":101158.30318388564,"upper_bound":101341.53662280702},"point_estimate":101252.93024673985,"standard_error":53.205340350207464},"MedianAbsDev":{"confidence_interval":{"confidence_level":0.95,"lower_bound":112.80869104987075,"upper_bound":641.8280926597449},"point_estimate":240.07752945305916,"standard_error":147.47976890918963},"Slope":{"confidence_interval":{"confidence_level":0.95,"lower_bound":101048.43503694664,"upper_bound":101308.96246004764},"point_estimate":101182.16061491646,"standard_error":66.56065536049424},"StdDev":{"confidence_interval":{"confidence_level":0.95,"lower_bound":351.9080898959748,"upper_bound":1191.0345397241676},"point_estimate":817.8344540198967,"standard_error":228.90398535802314}}