{"Mean":{"confidence_interval":{"confidence_level":0.95,"lower_bound":21837621.00170775,"upper_bound":21908868.040893316},"point_estimate":21872166.61220928,"standard_error":18176.466251309204},"Median":{"confidence_interval":{"confidence_level":0.95,"lower_bound":21802463.842261903,"upper_bound":21906898.416666664},"point_estimate":21812475.904891305,"standard_error":28986.80369550515},"MedianAbsDev":{"confidence_interval":{"confidence_level":0.95,"lower_bound":15909.274885734474,"upper_bound":143130.62538986263},"point_estimate":31631.897205268295,"standard_error":22540.02498899253},"Slope":{"confidence_interval":{"confidence_level":0.95,"lower_bound":21803892.576352146,"upper_bound":21823773.800850216},"point_estimate":21812152.063881543,"standard_error":5082.582670663361},"StdDev":{"confidence_interval":{"confidence_level":0.95,"lower_bound":80365.21203058262,"upper_bound":110118.00519661485},"point_estimate":101209.95157070072,"standard_error":7695.609650349608}}