{"Mean":{"confidence_interval":{"confidence_level":0.95,"lower_bound":4140799.9302097196,"upper_bound":4143062.564364611},"point_estimate":4141920.648311842,"standard_error":576.2058938708489},"Median":{"confidence_interval":{"confidence_level":0.95,"lower_bound":4140755.50170503,"upper_bound":4142872.079506173},"point_estimate":4141515.427777778,"standard_error":507.72481917735405},"MedianAbsDev":{"confidence_interval":{"confidence_level":0.95,"lower_bound":1358.2674925527517,"upper_bound":3791.7653798264746},"point_estimate":2380.2360094088617,"standard_error":601.6224949150427},"Slope":{"confidence_interval":{"confidence_level":0.95,"lower_bound":4141239.440157262,"upper_bound":4143358.9691761094},"point_estimate":4142274.848157941,"standard_error":540.7583350036757},"StdDev":{"confidence_interval":{"confidence_level":0.95,"lower_bound":2049.635877746375,"upper_bound":4160.525660163722},"point_estimate":3209.4698158648753,"standard_error":538.6797683574468}}