{"Mean":{"confidence_interval":{"confidence_level":0.95,"lower_bound":0.0006084071513837112,"upper_bound":0.0034645672626682214},"point_estimate":0.002103052724249821,"standard_error":0.0007260341570552349},"Median":{"confidence_interval":{"confidence_level":0.95,"lower_bound":0.0016868677774171115,"upper_bound":0.004016534769381019},"point_estimate":0.0037379991478430075,"standard_error":0.0006563436071413518}}