{"Mean":{"confidence_interval":{"confidence_level":0.95,"lower_bound":7368938.660718697,"upper_bound":7379470.41480533},"point_estimate":7373964.716235679,"standard_error":2687.957835932528},"Median":{"confidence_interval":{"confidence_level":0.95,"lower_bound":7367868.768518519,"upper_bound":7378614.410539215},"point_estimate":7372807.271929825,"standard_error":2834.7718832179703},"MedianAbsDev":{"confidence_interval":{"confidence_level":0.95,"lower_bound":6682.0100486445035,"upper_bound":19980.938070266977},"point_estimate":12587.090152222529,"standard_error":3386.746736975074},"Slope":{"confidence_interval":{"confidence_level":0.95,"lower_bound":7370283.811093173,"upper_bound":7376556.518135558},"point_estimate":7373686.129296669,"standard_error":1600.7980498855754},"StdDev":{"confidence_interval":{"confidence_level":0.95,"lower_bound":9643.442826298495,"upper_bound":19874.446723731162},"point_estimate":14958.79223813218,"standard_error":2718.1624179573223}}