{"Mean":{"confidence_interval":{"confidence_level":0.95,"lower_bound":366.1543470132571,"upper_bound":366.421225795034},"point_estimate":366.2841120368938,"standard_error":0.06816855702874604},"Median":{"confidence_interval":{"confidence_level":0.95,"lower_bound":366.03103568265215,"upper_bound":366.37719132099585},"point_estimate":366.21252328217304,"standard_error":0.09831404808065186},"MedianAbsDev":{"confidence_interval":{"confidence_level":0.95,"lower_bound":0.2133120974597919,"upper_bound":0.5813887288620112},"point_estimate":0.3885267407607872,"standard_error":0.09931602783641191},"Slope":{"confidence_interval":{"confidence_level":0.95,"lower_bound":366.11057796652636,"upper_bound":366.3652848696286},"point_estimate":366.2313881711699,"standard_error":0.0651355398012957},"StdDev":{"confidence_interval":{"confidence_level":0.95,"lower_bound":0.28556858171471433,"upper_bound":0.4428331405390626},"point_estimate":0.37869946858192566,"standard_error":0.040019408532712804}}