{"Mean":{"confidence_interval":{"confidence_level":0.95,"lower_bound":389.3467386685131,"upper_bound":390.5413245141196},"point_estimate":389.99071722152604,"standard_error":0.3051753187732824},"Median":{"confidence_interval":{"confidence_level":0.95,"lower_bound":390.0509169195983,"upper_bound":390.8814766623889},"point_estimate":390.5625537085163,"standard_error":0.21782429269916107},"MedianAbsDev":{"confidence_interval":{"confidence_level":0.95,"lower_bound":0.38912426493654184,"upper_bound":1.5317388445836961},"point_estimate":0.7559618216374183,"standard_error":0.2955752468520231},"Slope":{"confidence_interval":{"confidence_level":0.95,"lower_bound":389.9792480409574,"upper_bound":390.8778485688474},"point_estimate":390.48357120714775,"standard_error":0.2289648204945877},"StdDev":{"confidence_interval":{"confidence_level":0.95,"lower_bound":0.9415635113648372,"upper_bound":2.222610520728082},"point_estimate":1.6986490707133945,"standard_error":0.3274081127308126}}