{"Mean":{"confidence_interval":{"confidence_level":0.95,"lower_bound":435.8929148993666,"upper_bound":436.5852761560786},"point_estimate":436.24282324946466,"standard_error":0.17707706806538134},"Median":{"confidence_interval":{"confidence_level":0.95,"lower_bound":435.81403018436606,"upper_bound":436.9545601082447},"point_estimate":436.2495993970367,"standard_error":0.292443131982974},"MedianAbsDev":{"confidence_interval":{"confidence_level":0.95,"lower_bound":0.6296936234228104,"upper_bound":1.6718191814630954},"point_estimate":1.464954278135907,"standard_error":0.2640535158228391},"Slope":{"confidence_interval":{"confidence_level":0.95,"lower_bound":435.7624976034144,"upper_bound":436.6272719264895},"point_estimate":436.22442832028463,"standard_error":0.22114611135345835},"StdDev":{"confidence_interval":{"confidence_level":0.95,"lower_bound":0.7902215403789232,"upper_bound":1.1246900538967208},"point_estimate":0.9859592123931427,"standard_error":0.08553366305730092}}