{"Mean":{"confidence_interval":{"confidence_level":0.95,"lower_bound":0.00570604471135176,"upper_bound":0.01198755649509396},"point_estimate":0.008920715705363458,"standard_error":0.0016209832184147272},"Median":{"confidence_interval":{"confidence_level":0.95,"lower_bound":0.005283843211441486,"upper_bound":0.009165808267998843},"point_estimate":0.007378631032131322,"standard_error":0.0010729870798892233}}