{"Mean":{"confidence_interval":{"confidence_level":0.95,"lower_bound":115238.53853419816,"upper_bound":115877.33333479038},"point_estimate":115542.0850161967,"standard_error":163.43378448449556},"Median":{"confidence_interval":{"confidence_level":0.95,"lower_bound":115167.25076135105,"upper_bound":115560.16279069768},"point_estimate":115431.43154354766,"standard_error":112.36035746973289},"MedianAbsDev":{"confidence_interval":{"confidence_level":0.95,"lower_bound":301.06419238759713,"upper_bound":1039.5359247439767},"point_estimate":647.123646079668,"standard_error":199.21822265730995},"Slope":{"confidence_interval":{"confidence_level":0.95,"lower_bound":115092.1818521286,"upper_bound":115500.93118007474},"point_estimate":115298.30352588146,"standard_error":104.37803478788132},"StdDev":{"confidence_interval":{"confidence_level":0.95,"lower_bound":571.3772081095955,"upper_bound":1172.0446598624019},"point_estimate":908.4283024837258,"standard_error":154.70223717428362}}