{"Mean":{"confidence_interval":{"confidence_level":0.95,"lower_bound":76835.79738654247,"upper_bound":76919.46152175993},"point_estimate":76877.36753577665,"standard_error":21.33872915818755},"Median":{"confidence_interval":{"confidence_level":0.95,"lower_bound":76823.27717286101,"upper_bound":76925.20431448633},"point_estimate":76862.89398353959,"standard_error":27.822738124208385},"MedianAbsDev":{"confidence_interval":{"confidence_level":0.95,"lower_bound":60.46099343343185,"upper_bound":164.90427531931078},"point_estimate":116.28176078859356,"standard_error":27.11901511670161},"Slope":{"confidence_interval":{"confidence_level":0.95,"lower_bound":76815.18673959724,"upper_bound":76870.47781346702},"point_estimate":76840.6976757684,"standard_error":14.036417683223554},"StdDev":{"confidence_interval":{"confidence_level":0.95,"lower_bound":81.22356931371301,"upper_bound":152.155005358533},"point_estimate":118.97693139616955,"standard_error":18.255542810583965}}