{"Mean":{"confidence_interval":{"confidence_level":0.95,"lower_bound":12407145.862487948,"upper_bound":12460136.940641744},"point_estimate":12431194.300341398,"standard_error":13543.924151952036},"Median":{"confidence_interval":{"confidence_level":0.95,"lower_bound":12391419.295238096,"upper_bound":12445993.896634616},"point_estimate":12415132.35185185,"standard_error":12264.332037712978},"MedianAbsDev":{"confidence_interval":{"confidence_level":0.95,"lower_bound":31755.833806326755,"upper_bound":78256.94507477696},"point_estimate":55022.68093218141,"standard_error":11934.580614054283},"Slope":{"confidence_interval":{"confidence_level":0.95,"lower_bound":12424922.333296368,"upper_bound":12467845.20067988},"point_estimate":12446979.255314648,"standard_error":10949.919084569108},"StdDev":{"confidence_interval":{"confidence_level":0.95,"lower_bound":41191.87040069931,"upper_bound":107791.06034164656},"point_estimate":75343.3580439718,"standard_error":18929.960002053696}}