{"Mean":{"confidence_interval":{"confidence_level":0.95,"lower_bound":31387066.98539085,"upper_bound":31515179.241971843},"point_estimate":31450618.629726473,"standard_error":32800.309622607005},"Median":{"confidence_interval":{"confidence_level":0.95,"lower_bound":31361917.791666668,"upper_bound":31563146.888198756},"point_estimate":31449829.49350649,"standard_error":53874.197736985865},"MedianAbsDev":{"confidence_interval":{"confidence_level":0.95,"lower_bound":101982.15914940072,"upper_bound":255343.0656772788},"point_estimate":190746.96504417405,"standard_error":40057.88980753154},"Slope":{"confidence_interval":{"confidence_level":0.95,"lower_bound":31408205.66655484,"upper_bound":31531022.08424415},"point_estimate":31468397.68313062,"standard_error":31444.474102648248},"StdDev":{"confidence_interval":{"confidence_level":0.95,"lower_bound":133095.49995763565,"upper_bound":226474.61681156035},"point_estimate":182846.61677881586,"standard_error":24070.039509263286}}