{"Mean":{"confidence_interval":{"confidence_level":0.95,"lower_bound":547951.6594876752,"upper_bound":548181.1152991689},"point_estimate":548048.937950824,"standard_error":59.40776469055942},"Median":{"confidence_interval":{"confidence_level":0.95,"lower_bound":547915.9937343359,"upper_bound":548059.0417010395},"point_estimate":547982.6666666667,"standard_error":39.96634020724527},"MedianAbsDev":{"confidence_interval":{"confidence_level":0.95,"lower_bound":90.4418497101499,"upper_bound":238.5809387742126},"point_estimate":142.06484747791876,"standard_error":39.10348040299396},"Slope":{"confidence_interval":{"confidence_level":0.95,"lower_bound":547859.4328189029,"upper_bound":547987.1729904218},"point_estimate":547920.6853794984,"standard_error":32.55583947211479},"StdDev":{"confidence_interval":{"confidence_level":0.95,"lower_bound":133.33922000663168,"upper_bound":511.0987780394737},"point_estimate":331.5635077623123,"standard_error":115.39125844361288}}