{"Mean":{"confidence_interval":{"confidence_level":0.95,"lower_bound":714213.2018374741,"upper_bound":714982.6351238203},"point_estimate":714523.287837164,"standard_error":203.66647296332835},"Median":{"confidence_interval":{"confidence_level":0.95,"lower_bound":714015.0544217688,"upper_bound":714679.5869897959},"point_estimate":714106.4404761905,"standard_error":154.10637583348455},"MedianAbsDev":{"confidence_interval":{"confidence_level":0.95,"lower_bound":136.10091258372745,"upper_bound":763.9909525079377},"point_estimate":301.78675464224534,"standard_error":160.3327420800518},"Slope":{"confidence_interval":{"confidence_level":0.95,"lower_bound":714254.9410751408,"upper_bound":714683.356794445},"point_estimate":714485.1192113017,"standard_error":109.27846588262484},"StdDev":{"confidence_interval":{"confidence_level":0.95,"lower_bound":374.11001447741864,"upper_bound":1818.8237207195803},"point_estimate":1137.0843038484181,"standard_error":474.98483456845713}}