{"Mean":{"confidence_interval":{"confidence_level":0.95,"lower_bound":598.6707239665492,"upper_bound":599.0266936475912},"point_estimate":598.8340695406289,"standard_error":0.09100043750417727},"Median":{"confidence_interval":{"confidence_level":0.95,"lower_bound":598.5731421145456,"upper_bound":598.6789369256475},"point_estimate":598.5841095795042,"standard_error":0.03926161179036552},"MedianAbsDev":{"confidence_interval":{"confidence_level":0.95,"lower_bound":0.03509686955233279,"upper_bound":0.279770174523487},"point_estimate":0.11251169488349506,"standard_error":0.06611310069430561},"Slope":{"confidence_interval":{"confidence_level":0.95,"lower_bound":598.6408535409922,"upper_bound":599.0385197115044},"point_estimate":598.8201385183388,"standard_error":0.10210259732525674},"StdDev":{"confidence_interval":{"confidence_level":0.95,"lower_bound":0.2675613675762882,"upper_bound":0.6631678759021191},"point_estimate":0.5062332684552988,"standard_error":0.10028834658950463}}