{"Mean":{"confidence_interval":{"confidence_level":0.95,"lower_bound":7808418.159594059,"upper_bound":7841988.814252091},"point_estimate":7824675.173650949,"standard_error":8542.482571771236},"Median":{"confidence_interval":{"confidence_level":0.95,"lower_bound":7806541.395,"upper_bound":7834673.864655172},"point_estimate":7819394.1875,"standard_error":6583.381905092794},"MedianAbsDev":{"confidence_interval":{"confidence_level":0.95,"lower_bound":17368.265802652142,"upper_bound":48317.28621799899},"point_estimate":27444.69358813807,"standard_error":7819.234578975326},"Slope":{"confidence_interval":{"confidence_level":0.95,"lower_bound":7808519.177503864,"upper_bound":7828046.3824812705},"point_estimate":7818442.180962454,"standard_error":5003.933428287215},"StdDev":{"confidence_interval":{"confidence_level":0.95,"lower_bound":27244.758946273418,"upper_bound":63457.973747581666},"point_estimate":47694.770924665594,"standard_error":9202.279424689956}}