{"Mean":{"confidence_interval":{"confidence_level":0.95,"lower_bound":22847771.863378495,"upper_bound":22863426.758266695},"point_estimate":22855458.390718266,"standard_error":3983.873403443645},"Median":{"confidence_interval":{"confidence_level":0.95,"lower_bound":22844119.759999998,"upper_bound":22864462.0},"point_estimate":22854556.805555556,"standard_error":5002.004299056617},"MedianAbsDev":{"confidence_interval":{"confidence_level":0.95,"lower_bound":12230.525408774549,"upper_bound":29533.984515667515},"point_estimate":21292.905201142647,"standard_error":4461.132189833531},"Slope":{"confidence_interval":{"confidence_level":0.95,"lower_bound":22852350.094380002,"upper_bound":22868044.24509319},"point_estimate":22859673.32649392,"standard_error":4010.897643614354},"StdDev":{"confidence_interval":{"confidence_level":0.95,"lower_bound":15972.5238817235,"upper_bound":27329.72527714501},"point_estimate":22215.949350415656,"standard_error":2910.009270454296}}