{"Mean":{"confidence_interval":{"confidence_level":0.95,"lower_bound":3570714.5368956393,"upper_bound":3572977.573348203},"point_estimate":3571808.718249913,"standard_error":576.2734368881663},"Median":{"confidence_interval":{"confidence_level":0.95,"lower_bound":3570365.4166666665,"upper_bound":3572708.270833333},"point_estimate":3571589.777777778,"standard_error":591.0036334138266},"MedianAbsDev":{"confidence_interval":{"confidence_level":0.95,"lower_bound":1636.1955005817533,"upper_bound":4202.409033725506},"point_estimate":3209.3022298658193,"standard_error":641.8447277573207},"Slope":{"confidence_interval":{"confidence_level":0.95,"lower_bound":3570373.154917894,"upper_bound":3572527.3467054376},"point_estimate":3571409.788612727,"standard_error":550.2618902499837},"StdDev":{"confidence_interval":{"confidence_level":0.95,"lower_bound":2180.634504064651,"upper_bound":4166.229249992725},"point_estimate":3215.3944114429914,"standard_error":523.4432753456515}}