{"Mean":{"confidence_interval":{"confidence_level":0.95,"lower_bound":12736871.127536649,"upper_bound":12748529.931351613},"point_estimate":12742123.046216395,"standard_error":2985.4487231270296},"Median":{"confidence_interval":{"confidence_level":0.95,"lower_bound":12734405.823838081,"upper_bound":12743813.962962963},"point_estimate":12739730.734848484,"standard_error":2281.688990761235},"MedianAbsDev":{"confidence_interval":{"confidence_level":0.95,"lower_bound":5778.4619089499365,"upper_bound":15510.02151860764},"point_estimate":10341.934949726541,"standard_error":2486.828936059893},"Slope":{"confidence_interval":{"confidence_level":0.95,"lower_bound":12734597.117737914,"upper_bound":12742261.626216574},"point_estimate":12738481.693072448,"standard_error":1960.8490704687551},"StdDev":{"confidence_interval":{"confidence_level":0.95,"lower_bound":8267.874592762055,"upper_bound":23769.19298165278},"point_estimate":16546.338478295045,"standard_error":4264.516808948703}}