{"Mean":{"confidence_interval":{"confidence_level":0.95,"lower_bound":17410768.966597535,"upper_bound":17425294.765189532},"point_estimate":17418113.882805232,"standard_error":3698.6990859907864},"Median":{"confidence_interval":{"confidence_level":0.95,"lower_bound":17408790.805769227,"upper_bound":17428562.333333332},"point_estimate":17419872.243333332,"standard_error":6247.63061650263},"MedianAbsDev":{"confidence_interval":{"confidence_level":0.95,"lower_bound":13268.271480440393,"upper_bound":27970.422228427582},"point_estimate":20558.84433253143,"standard_error":3636.970464433265},"Slope":{"confidence_interval":{"confidence_level":0.95,"lower_bound":17417040.76532192,"upper_bound":17432937.682287324},"point_estimate":17424599.538551033,"standard_error":4085.859033996251},"StdDev":{"confidence_interval":{"confidence_level":0.95,"lower_bound":15191.860938908141,"upper_bound":25121.71663937777},"point_estimate":20625.963804131094,"standard_error":2544.6970523716964}}