{"Mean":{"confidence_interval":{"confidence_level":0.95,"lower_bound":5356309.750730495,"upper_bound":5359442.018246544},"point_estimate":5357762.309004549,"standard_error":799.017346139949},"Median":{"confidence_interval":{"confidence_level":0.95,"lower_bound":5355611.196794871,"upper_bound":5358598.13},"point_estimate":5356831.9459706955,"standard_error":742.2001827483051},"MedianAbsDev":{"confidence_interval":{"confidence_level":0.95,"lower_bound":1650.310270700281,"upper_bound":4430.408827924802},"point_estimate":2768.074053887109,"standard_error":694.2287650880522},"Slope":{"confidence_interval":{"confidence_level":0.95,"lower_bound":5355620.398277714,"upper_bound":5357703.347077669},"point_estimate":5356639.827340032,"standard_error":533.3438791721884},"StdDev":{"confidence_interval":{"confidence_level":0.95,"lower_bound":2501.449124246016,"upper_bound":6254.160880887617},"point_estimate":4457.833509226057,"standard_error":1027.3802383571324}}