{"Mean":{"confidence_interval":{"confidence_level":0.95,"lower_bound":9130574.596211636,"upper_bound":9183206.533787422},"point_estimate":9161316.726382533,"standard_error":13686.348983196362},"Median":{"confidence_interval":{"confidence_level":0.95,"lower_bound":9161259.933894232,"upper_bound":9180761.432692308},"point_estimate":9168559.652777778,"standard_error":4714.675095184018},"MedianAbsDev":{"confidence_interval":{"confidence_level":0.95,"lower_bound":9517.29607225711,"upper_bound":42981.25276192977},"point_estimate":22549.155401338274,"standard_error":9032.110169878675},"Slope":{"confidence_interval":{"confidence_level":0.95,"lower_bound":9154929.558414627,"upper_bound":9176251.190742182},"point_estimate":9165868.910153357,"standard_error":5444.237877316755},"StdDev":{"confidence_interval":{"confidence_level":0.95,"lower_bound":22650.870742701256,"upper_bound":122162.97079662168},"point_estimate":76116.73515027235,"standard_error":30138.935625007864}}