{"Mean":{"confidence_interval":{"confidence_level":0.95,"lower_bound":398.06247094777234,"upper_bound":398.7196376014258},"point_estimate":398.4048581365921,"standard_error":0.16802551728500678},"Median":{"confidence_interval":{"confidence_level":0.95,"lower_bound":398.4343368830249,"upper_bound":398.93796605144166},"point_estimate":398.7888673170528,"standard_error":0.14256992346828842},"MedianAbsDev":{"confidence_interval":{"confidence_level":0.95,"lower_bound":0.23390534200405377,"upper_bound":1.2257864383471264},"point_estimate":0.5256268121579921,"standard_error":0.23437972786035782},"Slope":{"confidence_interval":{"confidence_level":0.95,"lower_bound":398.0238710931801,"upper_bound":398.816361067484},"point_estimate":398.4329107784844,"standard_error":0.2027402659819476},"StdDev":{"confidence_interval":{"confidence_level":0.95,"lower_bound":0.6896252083562031,"upper_bound":1.0977751335239936},"point_estimate":0.9399909712006143,"standard_error":0.10382597370548921}}