{"Mean":{"confidence_interval":{"confidence_level":0.95,"lower_bound":68701.70870582825,"upper_bound":68880.6056961492},"point_estimate":68784.22740882114,"standard_error":45.91106156705457},"Median":{"confidence_interval":{"confidence_level":0.95,"lower_bound":68664.26752966558,"upper_bound":68815.88500539373},"point_estimate":68710.96112574192,"standard_error":40.83696477906754},"MedianAbsDev":{"confidence_interval":{"confidence_level":0.95,"lower_bound":83.95912071815783,"upper_bound":236.21464104906755},"point_estimate":155.56014121005222,"standard_error":40.680687370577665},"Slope":{"confidence_interval":{"confidence_level":0.95,"lower_bound":68694.94052748635,"upper_bound":68792.79524423245},"point_estimate":68745.41172749817,"standard_error":24.94689442688579},"StdDev":{"confidence_interval":{"confidence_level":0.95,"lower_bound":132.49586799808304,"upper_bound":340.88346351594646},"point_estimate":256.32530220645396,"standard_error":51.960320349676515}}