{"Mean":{"confidence_interval":{"confidence_level":0.95,"lower_bound":4759381.397442712,"upper_bound":4764196.80744429},"point_estimate":4761800.08303964,"standard_error":1233.5014114600212},"Median":{"confidence_interval":{"confidence_level":0.95,"lower_bound":4759074.383116883,"upper_bound":4764318.30952381},"point_estimate":4762408.555555556,"standard_error":1397.2398246150854},"MedianAbsDev":{"confidence_interval":{"confidence_level":0.95,"lower_bound":3586.0217906089774,"upper_bound":10207.610215445236},"point_estimate":5603.9452330866225,"standard_error":1783.609775890232},"Slope":{"confidence_interval":{"confidence_level":0.95,"lower_bound":4761177.08199424,"upper_bound":4767444.291204001},"point_estimate":4764566.891062929,"standard_error":1600.1699731962437},"StdDev":{"confidence_interval":{"confidence_level":0.95,"lower_bound":5216.684294484856,"upper_bound":8189.091042134559},"point_estimate":6908.144649529692,"standard_error":759.1955975461462}}