{"Mean":{"confidence_interval":{"confidence_level":0.95,"lower_bound":147687.25750192325,"upper_bound":147886.73700185088},"point_estimate":147783.2457795356,"standard_error":51.02619973163506},"Median":{"confidence_interval":{"confidence_level":0.95,"lower_bound":147594.56818996416,"upper_bound":147883.78995037221},"point_estimate":147659.94978005864,"standard_error":86.18536125718899},"MedianAbsDev":{"confidence_interval":{"confidence_level":0.95,"lower_bound":121.06395698110151,"upper_bound":407.48770372603207},"point_estimate":235.70527834266827,"standard_error":82.87567827728637},"Slope":{"confidence_interval":{"confidence_level":0.95,"lower_bound":147554.61130884007,"upper_bound":147673.23622274408},"point_estimate":147600.88215827092,"standard_error":30.420406023863443},"StdDev":{"confidence_interval":{"confidence_level":0.95,"lower_bound":208.02346076870728,"upper_bound":345.6318986830247},"point_estimate":284.2418127367132,"standard_error":35.62886547579844}}