{"Mean":{"confidence_interval":{"confidence_level":0.95,"lower_bound":366790.3004699082,"upper_bound":367304.1442692477},"point_estimate":367036.74475594104,"standard_error":131.27266246014537},"Median":{"confidence_interval":{"confidence_level":0.95,"lower_bound":366676.6929392447,"upper_bound":367214.807895768},"point_estimate":367068.3893596059,"standard_error":142.08363948921095},"MedianAbsDev":{"confidence_interval":{"confidence_level":0.95,"lower_bound":254.20115934954055,"upper_bound":833.3408535577281},"point_estimate":525.6004361859848,"standard_error":148.18366148816256},"Slope":{"confidence_interval":{"confidence_level":0.95,"lower_bound":366967.33879873867,"upper_bound":367230.7965439266},"point_estimate":367117.5523222524,"standard_error":67.18689646904392},"StdDev":{"confidence_interval":{"confidence_level":0.95,"lower_bound":470.63440489041227,"upper_bound":917.5611675172939},"point_estimate":731.1118158049372,"standard_error":113.40934534459642}}