{"Mean":{"confidence_interval":{"confidence_level":0.95,"lower_bound":759951.4480518015,"upper_bound":782569.0292240663},"point_estimate":770051.1481523417,"standard_error":5815.278723663427},"Median":{"confidence_interval":{"confidence_level":0.95,"lower_bound":756246.3165024631,"upper_bound":760538.0595238095},"point_estimate":758519.7925170069,"standard_error":1274.614533732996},"MedianAbsDev":{"confidence_interval":{"confidence_level":0.95,"lower_bound":2808.4679501396777,"upper_bound":8455.927561072227},"point_estimate":4310.9063907594,"standard_error":1530.2032038278942},"Slope":{"confidence_interval":{"confidence_level":0.95,"lower_bound":755415.9624869718,"upper_bound":765439.2708275671},"point_estimate":759483.9443453954,"standard_error":2547.5135357660006},"StdDev":{"confidence_interval":{"confidence_level":0.95,"lower_bound":12012.394847734418,"upper_bound":43543.45165812981},"point_estimate":32506.61052554954,"standard_error":7581.84967319292}}