{"Mean":{"confidence_interval":{"confidence_level":0.95,"lower_bound":620621.97132031,"upper_bound":621876.4784531235},"point_estimate":621220.2058857864,"standard_error":319.5757779275146},"Median":{"confidence_interval":{"confidence_level":0.95,"lower_bound":620453.5246527777,"upper_bound":621742.404577148},"point_estimate":620922.6476851852,"standard_error":442.32266884459113},"MedianAbsDev":{"confidence_interval":{"confidence_level":0.95,"lower_bound":762.2109888795612,"upper_bound":2041.4600278541207},"point_estimate":1342.1252101469515,"standard_error":316.63481273898026},"Slope":{"confidence_interval":{"confidence_level":0.95,"lower_bound":620847.3645579392,"upper_bound":621670.1024910877},"point_estimate":621255.513802221,"standard_error":210.9982397744515},"StdDev":{"confidence_interval":{"confidence_level":0.95,"lower_bound":1081.5752914698248,"upper_bound":2314.7456447703253},"point_estimate":1774.1657171503098,"standard_error":317.53282266280706}}