{"Mean":{"confidence_interval":{"confidence_level":0.95,"lower_bound":494.6551355888366,"upper_bound":494.89082080612354},"point_estimate":494.77094324494755,"standard_error":0.06023615416188405},"Median":{"confidence_interval":{"confidence_level":0.95,"lower_bound":494.63232822730265,"upper_bound":494.84932360427496},"point_estimate":494.7498306775555,"standard_error":0.05268271185343003},"MedianAbsDev":{"confidence_interval":{"confidence_level":0.95,"lower_bound":0.1385487221826196,"upper_bound":0.48327824708961403},"point_estimate":0.2700673190592555,"standard_error":0.08954198817775932},"Slope":{"confidence_interval":{"confidence_level":0.95,"lower_bound":494.6244866989786,"upper_bound":494.85850892541043},"point_estimate":494.7295758446153,"standard_error":0.059450134021920654},"StdDev":{"confidence_interval":{"confidence_level":0.95,"lower_bound":0.23994615120523305,"upper_bound":0.4093850481895869},"point_estimate":0.3358166011003617,"standard_error":0.04321310520012268}}