{"Mean":{"confidence_interval":{"confidence_level":0.95,"lower_bound":13924682.098289408,"upper_bound":13970338.708236532},"point_estimate":13946773.01364595,"standard_error":11668.590921078287},"Median":{"confidence_interval":{"confidence_level":0.95,"lower_bound":13916548.568421053,"upper_bound":13966204.476190476},"point_estimate":13935431.125,"standard_error":15313.149379195655},"MedianAbsDev":{"confidence_interval":{"confidence_level":0.95,"lower_bound":35670.61687467459,"upper_bound":86483.88651460501},"point_estimate":63840.26066660927,"standard_error":13336.624989672955},"Slope":{"confidence_interval":{"confidence_level":0.95,"lower_bound":13919098.848993631,"upper_bound":13955225.84446324},"point_estimate":13937310.5831835,"standard_error":9198.696569671034},"StdDev":{"confidence_interval":{"confidence_level":0.95,"lower_bound":44080.8709467787,"upper_bound":84494.02237270986},"point_estimate":64911.921967942115,"standard_error":10674.765776410868}}