{"Mean":{"confidence_interval":{"confidence_level":0.95,"lower_bound":3416476.443558013,"upper_bound":3428739.3227821738},"point_estimate":3422815.1152575235,"standard_error":3132.795265833932},"Median":{"confidence_interval":{"confidence_level":0.95,"lower_bound":3419142.380208333,"upper_bound":3426918.6802083333},"point_estimate":3421989.006118881,"standard_error":2005.658966907495},"MedianAbsDev":{"confidence_interval":{"confidence_level":0.95,"lower_bound":5648.397024721023,"upper_bound":24283.078721389036},"point_estimate":15351.856473283575,"standard_error":4838.605894979444},"Slope":{"confidence_interval":{"confidence_level":0.95,"lower_bound":3418321.264951758,"upper_bound":3430245.3842659476},"point_estimate":3424117.45280275,"standard_error":3038.0248598356884},"StdDev":{"confidence_interval":{"confidence_level":0.95,"lower_bound":11667.001391381169,"upper_bound":22657.09116897981},"point_estimate":17424.70169784984,"standard_error":2879.2032063134006}}