{"Mean":{"confidence_interval":{"confidence_level":0.95,"lower_bound":0.0035334430146396647,"upper_bound":0.005897294401609926},"point_estimate":0.004751931579180413,"standard_error":0.000596529216096648},"Median":{"confidence_interval":{"confidence_level":0.95,"lower_bound":0.003009659279370469,"upper_bound":0.005604362405991159},"point_estimate":0.0045903730367953255,"standard_error":0.0006945343493481279}}