{"Mean":{"confidence_interval":{"confidence_level":0.95,"lower_bound":429.1954385546935,"upper_bound":430.86545151567185},"point_estimate":430.0289004708186,"standard_error":0.4266726288141253},"Median":{"confidence_interval":{"confidence_level":0.95,"lower_bound":427.66363293752306,"upper_bound":432.22834711521705},"point_estimate":429.7475443930989,"standard_error":1.7206064103295393},"MedianAbsDev":{"confidence_interval":{"confidence_level":0.95,"lower_bound":0.20720101999896207,"upper_bound":3.600046978955961},"point_estimate":3.293934637390335,"standard_error":1.0330768035429934},"Slope":{"confidence_interval":{"confidence_level":0.95,"lower_bound":428.2161038767377,"upper_bound":430.6521161367326},"point_estimate":429.4569453392434,"standard_error":0.6209757252089071},"StdDev":{"confidence_interval":{"confidence_level":0.95,"lower_bound":2.1313344557480813,"upper_bound":2.4947649601625703},"point_estimate":2.3798491822806045,"standard_error":0.09290182172094096}}