{"Mean":{"confidence_interval":{"confidence_level":0.95,"lower_bound":425.12979347778906,"upper_bound":426.2232452015604},"point_estimate":425.6631572515905,"standard_error":0.27946378693404395},"Median":{"confidence_interval":{"confidence_level":0.95,"lower_bound":424.99256718286335,"upper_bound":426.06611964526087},"point_estimate":425.2847943609304,"standard_error":0.3105201947429904},"MedianAbsDev":{"confidence_interval":{"confidence_level":0.95,"lower_bound":0.5679089279174528,"upper_bound":2.2341036629940114},"point_estimate":1.0769609217392857,"standard_error":0.44211489768130224},"Slope":{"confidence_interval":{"confidence_level":0.95,"lower_bound":425.6371384658279,"upper_bound":426.64989305313696},"point_estimate":426.1690965439729,"standard_error":0.25882271985197325},"StdDev":{"confidence_interval":{"confidence_level":0.95,"lower_bound":1.1026107700832042,"upper_bound":1.901710907313712},"point_estimate":1.5529156090354796,"standard_error":0.2046125801925401}}