{"Mean":{"confidence_interval":{"confidence_level":0.95,"lower_bound":1082.0975363262557,"upper_bound":1084.8561864565902},"point_estimate":1083.4685146647064,"standard_error":0.7045249233651504},"Median":{"confidence_interval":{"confidence_level":0.95,"lower_bound":1081.4196954939664,"upper_bound":1085.5301377549845},"point_estimate":1083.9045100074254,"standard_error":1.2791036651811505},"MedianAbsDev":{"confidence_interval":{"confidence_level":0.95,"lower_bound":2.058084510430101,"upper_bound":5.611169127229412},"point_estimate":3.68398593225051,"standard_error":0.8429640459555017},"Slope":{"confidence_interval":{"confidence_level":0.95,"lower_bound":1082.3031008946361,"upper_bound":1084.623491978382},"point_estimate":1083.5027295310074,"standard_error":0.5923490449798933},"StdDev":{"confidence_interval":{"confidence_level":0.95,"lower_bound":2.907076096857208,"upper_bound":4.754951875160511},"point_estimate":3.9141104822466612,"standard_error":0.4731709425646099}}