{"Mean":{"confidence_interval":{"confidence_level":0.95,"lower_bound":598694.9885727438,"upper_bound":598923.0844614714},"point_estimate":598808.8442626388,"standard_error":58.36508644977824},"Median":{"confidence_interval":{"confidence_level":0.95,"lower_bound":598657.1168630752,"upper_bound":598970.6224747475},"point_estimate":598831.094047619,"standard_error":75.0869298644506},"MedianAbsDev":{"confidence_interval":{"confidence_level":0.95,"lower_bound":189.04772772214514,"upper_bound":520.2330053473704},"point_estimate":337.1431032736904,"standard_error":87.03423282120599},"Slope":{"confidence_interval":{"confidence_level":0.95,"lower_bound":598791.2147515147,"upper_bound":599080.899358688},"point_estimate":598944.1603031906,"standard_error":74.72025906445823},"StdDev":{"confidence_interval":{"confidence_level":0.95,"lower_bound":251.29779048515178,"upper_bound":383.5854599415386},"point_estimate":325.4769872603353,"standard_error":33.81517167749188}}