{"Mean":{"confidence_interval":{"confidence_level":0.95,"lower_bound":532.6468278485578,"upper_bound":533.2599682884819},"point_estimate":532.949042165337,"standard_error":0.15619534449383504},"Median":{"confidence_interval":{"confidence_level":0.95,"lower_bound":532.6245618390349,"upper_bound":533.3536980950962},"point_estimate":532.8840387226574,"standard_error":0.2126313175323261},"MedianAbsDev":{"confidence_interval":{"confidence_level":0.95,"lower_bound":0.4989412356941632,"upper_bound":1.213264886856067},"point_estimate":0.7913852895596991,"standard_error":0.17859909770729004},"Slope":{"confidence_interval":{"confidence_level":0.95,"lower_bound":532.7564413650673,"upper_bound":533.4498610852379},"point_estimate":533.1062295376033,"standard_error":0.17793984516642325},"StdDev":{"confidence_interval":{"confidence_level":0.95,"lower_bound":0.6178126223034127,"upper_bound":1.0974437435074953},"point_estimate":0.8706564956436459,"standard_error":0.12427537976387154}}