{"Mean":{"confidence_interval":{"confidence_level":0.95,"lower_bound":15123100.954950629,"upper_bound":15139406.137581691},"point_estimate":15130018.267505465,"standard_error":4219.891502766573},"Median":{"confidence_interval":{"confidence_level":0.95,"lower_bound":15122707.242610838,"upper_bound":15133832.213043477},"point_estimate":15128382.775641024,"standard_error":3036.128674019113},"MedianAbsDev":{"confidence_interval":{"confidence_level":0.95,"lower_bound":7085.926909584116,"upper_bound":18152.38221773174},"point_estimate":10209.239750639914,"standard_error":2958.3238941073223},"Slope":{"confidence_interval":{"confidence_level":0.95,"lower_bound":15124190.012693463,"upper_bound":15132458.98658209},"point_estimate":15128234.183289265,"standard_error":2112.5603686455925},"StdDev":{"confidence_interval":{"confidence_level":0.95,"lower_bound":9555.274894696757,"upper_bound":36847.56267565327},"point_estimate":23549.673023475247,"standard_error":8498.677154703742}}