{"Mean":{"confidence_interval":{"confidence_level":0.95,"lower_bound":402.94757279259346,"upper_bound":403.3195429674698},"point_estimate":403.12908922554766,"standard_error":0.09467752981291565},"Median":{"confidence_interval":{"confidence_level":0.95,"lower_bound":403.105177433564,"upper_bound":403.27392805800366},"point_estimate":403.1997624851553,"standard_error":0.04112323063278465},"MedianAbsDev":{"confidence_interval":{"confidence_level":0.95,"lower_bound":0.10085785026275082,"upper_bound":0.452347284675007},"point_estimate":0.18391835250158686,"standard_error":0.08680395548053463},"Slope":{"confidence_interval":{"confidence_level":0.95,"lower_bound":402.78311466232805,"upper_bound":403.38857135527763},"point_estimate":403.0587323275658,"standard_error":0.15512151554434853},"StdDev":{"confidence_interval":{"confidence_level":0.95,"lower_bound":0.29686397982288354,"upper_bound":0.7271029562875445},"point_estimate":0.5278500573500718,"standard_error":0.11124053279126946}}