{"Mean":{"confidence_interval":{"confidence_level":0.95,"lower_bound":406.33409931492673,"upper_bound":406.9939522375862},"point_estimate":406.7159351611791,"standard_error":0.17187330310891705},"Median":{"confidence_interval":{"confidence_level":0.95,"lower_bound":406.86194328791316,"upper_bound":406.96862225586676},"point_estimate":406.92996719656827,"standard_error":0.02962489512654954},"MedianAbsDev":{"confidence_interval":{"confidence_level":0.95,"lower_bound":0.06178126391188944,"upper_bound":0.1857750853533991},"point_estimate":0.11785074784948754,"standard_error":0.03238635287381803},"Slope":{"confidence_interval":{"confidence_level":0.95,"lower_bound":405.41125579186047,"upper_bound":406.9150111826085},"point_estimate":406.225105710103,"standard_error":0.4043858193763465},"StdDev":{"confidence_interval":{"confidence_level":0.95,"lower_bound":0.16084380962874337,"upper_bound":1.4159968304290569},"point_estimate":0.9574843303819949,"standard_error":0.3337530052713627}}