{"Mean":{"confidence_interval":{"confidence_level":0.95,"lower_bound":-0.0034062417529095957,"upper_bound":-0.00011968940051818451},"point_estimate":-0.0017487659914473541,"standard_error":0.0008364622876766917},"Median":{"confidence_interval":{"confidence_level":0.95,"lower_bound":-0.003233934089209667,"upper_bound":-0.0003725779602435919},"point_estimate":-0.0011612036897805655,"standard_error":0.0006537986239047159}}