{"Mean":{"confidence_interval":{"confidence_level":0.95,"lower_bound":426.5357919650768,"upper_bound":428.16165273502816},"point_estimate":427.4125830987488,"standard_error":0.41652390816189927},"Median":{"confidence_interval":{"confidence_level":0.95,"lower_bound":427.4373576890679,"upper_bound":428.6164070520414},"point_estimate":428.2495645092092,"standard_error":0.31654377377969695},"MedianAbsDev":{"confidence_interval":{"confidence_level":0.95,"lower_bound":0.5877260800130364,"upper_bound":2.3509428825299215},"point_estimate":1.0547258183592902,"standard_error":0.41841508006473715},"Slope":{"confidence_interval":{"confidence_level":0.95,"lower_bound":425.2916905996001,"upper_bound":427.70301438804904},"point_estimate":426.5770664109551,"standard_error":0.6170304601702167},"StdDev":{"confidence_interval":{"confidence_level":0.95,"lower_bound":1.2534870121831312,"upper_bound":3.095456920596292},"point_estimate":2.320874282223748,"standard_error":0.4757426359605871}}