{"Mean":{"confidence_interval":{"confidence_level":0.95,"lower_bound":796.1534767948142,"upper_bound":797.0280400666509},"point_estimate":796.598495762714,"standard_error":0.22308195056471253},"Median":{"confidence_interval":{"confidence_level":0.95,"lower_bound":796.3660727515187,"upper_bound":797.1128027988952},"point_estimate":796.8963855475783,"standard_error":0.19790138812377975},"MedianAbsDev":{"confidence_interval":{"confidence_level":0.95,"lower_bound":0.4145283790681874,"upper_bound":1.507518351820168},"point_estimate":0.8627539000779445,"standard_error":0.29108273630003606},"Slope":{"confidence_interval":{"confidence_level":0.95,"lower_bound":796.0288555911117,"upper_bound":796.9509920806356},"point_estimate":796.5217964092689,"standard_error":0.23676549443005224},"StdDev":{"confidence_interval":{"confidence_level":0.95,"lower_bound":0.8654944360011582,"upper_bound":1.5331074519469592},"point_estimate":1.240570564718686,"standard_error":0.16947099176971198}}