{"Mean":{"confidence_interval":{"confidence_level":0.95,"lower_bound":591.3118177301453,"upper_bound":591.4856214177317},"point_estimate":591.392106543023,"standard_error":0.044401757754222365},"Median":{"confidence_interval":{"confidence_level":0.95,"lower_bound":591.2731298322335,"upper_bound":591.3922495497125},"point_estimate":591.3341264458714,"standard_error":0.03147189307563946},"MedianAbsDev":{"confidence_interval":{"confidence_level":0.95,"lower_bound":0.08111148069402213,"upper_bound":0.2616486779621465},"point_estimate":0.1809529174102111,"standard_error":0.04294911578478611},"Slope":{"confidence_interval":{"confidence_level":0.95,"lower_bound":591.2620047500833,"upper_bound":591.3781761413296},"point_estimate":591.3186372490981,"standard_error":0.029591707626369514},"StdDev":{"confidence_interval":{"confidence_level":0.95,"lower_bound":0.13547346333702143,"upper_bound":0.33538227654979985},"point_estimate":0.24681312680593254,"standard_error":0.0523564057244298}}