{"Mean":{"confidence_interval":{"confidence_level":0.95,"lower_bound":7422576.815473413,"upper_bound":7434662.603140303},"point_estimate":7429446.27112253,"standard_error":3100.226608567952},"Median":{"confidence_interval":{"confidence_level":0.95,"lower_bound":7427259.822916666,"upper_bound":7434925.084722222},"point_estimate":7430158.846491229,"standard_error":2479.5610972561494},"MedianAbsDev":{"confidence_interval":{"confidence_level":0.95,"lower_bound":4274.681664109322,"upper_bound":13330.997897932615},"point_estimate":8523.235362596852,"standard_error":2099.8768593900304},"Slope":{"confidence_interval":{"confidence_level":0.95,"lower_bound":7428607.656403496,"upper_bound":7434277.555601061},"point_estimate":7431388.690586991,"standard_error":1452.5490310422795},"StdDev":{"confidence_interval":{"confidence_level":0.95,"lower_bound":6958.5809940553145,"upper_bound":26876.90936891006},"point_estimate":17293.828960409333,"standard_error":5916.572645570241}}