{"Mean":{"confidence_interval":{"confidence_level":0.95,"lower_bound":42603694.68529631,"upper_bound":42849524.127778195},"point_estimate":42723011.16710819,"standard_error":62409.759887122964},"Median":{"confidence_interval":{"confidence_level":0.95,"lower_bound":42667934.83333333,"upper_bound":42771766.34210526},"point_estimate":42728552.18461539,"standard_error":28146.471736364478},"MedianAbsDev":{"confidence_interval":{"confidence_level":0.95,"lower_bound":73765.04499567008,"upper_bound":294904.0843144096},"point_estimate":160901.17220689642,"standard_error":55400.92982280204},"Slope":{"confidence_interval":{"confidence_level":0.95,"lower_bound":42694804.890735455,"upper_bound":42804893.257685654},"point_estimate":42751877.957271285,"standard_error":27905.043516377897},"StdDev":{"confidence_interval":{"confidence_level":0.95,"lower_bound":201856.89407218833,"upper_bound":469394.04179233976},"point_estimate":348872.79322975286,"standard_error":69009.18113767031}}