{"Mean":{"confidence_interval":{"confidence_level":0.95,"lower_bound":15220436.439756714,"upper_bound":15232966.283289105},"point_estimate":15226842.285387537,"standard_error":3201.7812775623825},"Median":{"confidence_interval":{"confidence_level":0.95,"lower_bound":15221054.452941176,"upper_bound":15236908.454968944},"point_estimate":15232626.810344826,"standard_error":4001.51726750631},"MedianAbsDev":{"confidence_interval":{"confidence_level":0.95,"lower_bound":6337.0156092896,"upper_bound":27623.770939579164},"point_estimate":14674.467977235581,"standard_error":5646.643217607267},"Slope":{"confidence_interval":{"confidence_level":0.95,"lower_bound":15232220.446559928,"upper_bound":15239564.712318266},"point_estimate":15236026.555261767,"standard_error":1870.7982890378719},"StdDev":{"confidence_interval":{"confidence_level":0.95,"lower_bound":13790.187385112893,"upper_bound":20589.16785445971},"point_estimate":17789.09539984404,"standard_error":1734.9614344309937}}