{"Mean":{"confidence_interval":{"confidence_level":0.95,"lower_bound":444.9184791515068,"upper_bound":445.33430603551466},"point_estimate":445.1388153523237,"standard_error":0.1061027869194589},"Median":{"confidence_interval":{"confidence_level":0.95,"lower_bound":445.03702297220093,"upper_bound":445.3828764555906},"point_estimate":445.31985174458697,"standard_error":0.11332983202957977},"MedianAbsDev":{"confidence_interval":{"confidence_level":0.95,"lower_bound":0.18702716257431978,"upper_bound":0.6240461972438286},"point_estimate":0.3837572508316967,"standard_error":0.10708255298509638},"Slope":{"confidence_interval":{"confidence_level":0.95,"lower_bound":444.9612555411198,"upper_bound":445.273440464899},"point_estimate":445.12988920582154,"standard_error":0.079430676715699},"StdDev":{"confidence_interval":{"confidence_level":0.95,"lower_bound":0.3567768334312231,"upper_bound":0.8010108535853946},"point_estimate":0.5929625081320563,"standard_error":0.11777167018282556}}