{"Mean":{"confidence_interval":{"confidence_level":0.95,"lower_bound":1295992.5569207803,"upper_bound":1297177.3885182873},"point_estimate":1296609.492820847,"standard_error":304.0632793796183},"Median":{"confidence_interval":{"confidence_level":0.95,"lower_bound":1296123.297979798,"upper_bound":1297422.0237732013},"point_estimate":1297113.045138889,"standard_error":299.00924979007743},"MedianAbsDev":{"confidence_interval":{"confidence_level":0.95,"lower_bound":633.9213109679971,"upper_bound":2251.2638336431046},"point_estimate":1467.3991120168596,"standard_error":434.0936000517354},"Slope":{"confidence_interval":{"confidence_level":0.95,"lower_bound":1297194.3551773273,"upper_bound":1298005.810837978},"point_estimate":1297640.6722956696,"standard_error":206.89723141949602},"StdDev":{"confidence_interval":{"confidence_level":0.95,"lower_bound":1166.8394583560464,"upper_bound":2113.4615633938247},"point_estimate":1694.4457552572394,"standard_error":243.3242003355812}}