{"Mean":{"confidence_interval":{"confidence_level":0.95,"lower_bound":15328276.86564885,"upper_bound":15341299.920011569},"point_estimate":15334361.510413246,"standard_error":3316.0451017492733},"Median":{"confidence_interval":{"confidence_level":0.95,"lower_bound":15326688.2,"upper_bound":15336784.287878787},"point_estimate":15334231.614583332,"standard_error":2544.6886445778596},"MedianAbsDev":{"confidence_interval":{"confidence_level":0.95,"lower_bound":5325.906820446805,"upper_bound":18244.45344109649},"point_estimate":12851.621351837835,"standard_error":3169.2813899418456},"Slope":{"confidence_interval":{"confidence_level":0.95,"lower_bound":15327445.685617022,"upper_bound":15339150.194198722},"point_estimate":15333522.333051296,"standard_error":2973.398453239971},"StdDev":{"confidence_interval":{"confidence_level":0.95,"lower_bound":10405.98749470415,"upper_bound":25394.281144998073},"point_estimate":18461.595508196835,"standard_error":3964.122551216611}}