{"Mean":{"confidence_interval":{"confidence_level":0.95,"lower_bound":7485468.217211311,"upper_bound":7490753.008201011},"point_estimate":7488027.298499382,"standard_error":1347.551797304049},"Median":{"confidence_interval":{"confidence_level":0.95,"lower_bound":7483584.069444444,"upper_bound":7490473.78508772},"point_estimate":7487825.502857143,"standard_error":1908.3550005915376},"MedianAbsDev":{"confidence_interval":{"confidence_level":0.95,"lower_bound":2509.593459398376,"upper_bound":8470.809210028514},"point_estimate":6804.0359707599455,"standard_error":1518.2001283659692},"Slope":{"confidence_interval":{"confidence_level":0.95,"lower_bound":7485189.85725461,"upper_bound":7490466.83330712},"point_estimate":7487758.710312004,"standard_error":1353.3724428897647},"StdDev":{"confidence_interval":{"confidence_level":0.95,"lower_bound":4629.656451639512,"upper_bound":9992.811944956076},"point_estimate":7489.005387730407,"standard_error":1394.1869925389085}}