{"Mean":{"confidence_interval":{"confidence_level":0.95,"lower_bound":22202028.705056857,"upper_bound":22239832.951282986},"point_estimate":22219260.01879433,"standard_error":9702.769256191594},"Median":{"confidence_interval":{"confidence_level":0.95,"lower_bound":22189732.896464646,"upper_bound":22221228.9375},"point_estimate":22198806.23901099,"standard_error":9180.100025229774},"MedianAbsDev":{"confidence_interval":{"confidence_level":0.95,"lower_bound":8025.133910869182,"upper_bound":44938.370936881656},"point_estimate":23480.904360823184,"standard_error":9499.727259247971},"Slope":{"confidence_interval":{"confidence_level":0.95,"lower_bound":22194142.649598066,"upper_bound":22254434.400596123},"point_estimate":22218067.69360127,"standard_error":16586.953124341904},"StdDev":{"confidence_interval":{"confidence_level":0.95,"lower_bound":25359.628209648683,"upper_bound":71578.54886933713},"point_estimate":53808.28672395483,"standard_error":11394.086378402288}}