{"Mean":{"confidence_interval":{"confidence_level":0.95,"lower_bound":951.2139004080472,"upper_bound":952.3955784782179},"point_estimate":951.8218084052373,"standard_error":0.3016336185123455},"Median":{"confidence_interval":{"confidence_level":0.95,"lower_bound":951.3258360768316,"upper_bound":952.6966061263015},"point_estimate":952.251302982037,"standard_error":0.35929779622939484},"MedianAbsDev":{"confidence_interval":{"confidence_level":0.95,"lower_bound":0.720411306748882,"upper_bound":2.1587831945454585},"point_estimate":1.37209720929799,"standard_error":0.37081325689403244},"Slope":{"confidence_interval":{"confidence_level":0.95,"lower_bound":951.3311738471361,"upper_bound":952.2782415257523},"point_estimate":951.8238975215523,"standard_error":0.24157716410747007},"StdDev":{"confidence_interval":{"confidence_level":0.95,"lower_bound":1.1718542797080669,"upper_bound":2.0868415492613535},"point_estimate":1.6830609053265457,"standard_error":0.2342119672230035}}