{"Mean":{"confidence_interval":{"confidence_level":0.95,"lower_bound":309810.8284508503,"upper_bound":309978.24261579214},"point_estimate":309892.36835721036,"standard_error":42.71912209467094},"Median":{"confidence_interval":{"confidence_level":0.95,"lower_bound":309779.6949074074,"upper_bound":309956.33999999997},"point_estimate":309888.162605042,"standard_error":43.64066895100364},"MedianAbsDev":{"confidence_interval":{"confidence_level":0.95,"lower_bound":111.85049494608582,"upper_bound":355.646179957005},"point_estimate":260.2328418350831,"standard_error":62.848849592834725},"Slope":{"confidence_interval":{"confidence_level":0.95,"lower_bound":309731.10619562503,"upper_bound":309891.6832915983},"point_estimate":309807.680740349,"standard_error":41.06102497162008},"StdDev":{"confidence_interval":{"confidence_level":0.95,"lower_bound":173.44568305992763,"upper_bound":287.69124705649193},"point_estimate":237.80580839960953,"standard_error":29.172072104307404}}