{"Mean":{"confidence_interval":{"confidence_level":0.95,"lower_bound":5957642.81111027,"upper_bound":5962628.94899731},"point_estimate":5960081.573816794,"standard_error":1266.939643857515},"Median":{"confidence_interval":{"confidence_level":0.95,"lower_bound":5958845.777777778,"upper_bound":5961217.3833732065},"point_estimate":5960204.044642857,"standard_error":600.4749791200409},"MedianAbsDev":{"confidence_interval":{"confidence_level":0.95,"lower_bound":1692.9774156002577,"upper_bound":6928.325044823766},"point_estimate":3540.8132096376776,"standard_error":1349.774604972799},"Slope":{"confidence_interval":{"confidence_level":0.95,"lower_bound":5959298.365393916,"upper_bound":5961807.566910594},"point_estimate":5960616.382443151,"standard_error":638.0263505413517},"StdDev":{"confidence_interval":{"confidence_level":0.95,"lower_bound":3620.898356506779,"upper_bound":9836.393390720395},"point_estimate":7062.659086341283,"standard_error":1599.3503490312175}}