{"Mean":{"confidence_interval":{"confidence_level":0.95,"lower_bound":47137468.78633976,"upper_bound":47345619.44726414},"point_estimate":47259322.507654235,"standard_error":54190.15176997656},"Median":{"confidence_interval":{"confidence_level":0.95,"lower_bound":47245182.075,"upper_bound":47354775.85909091},"point_estimate":47325383.14285714,"standard_error":28952.570074288844},"MedianAbsDev":{"confidence_interval":{"confidence_level":0.95,"lower_bound":56105.55773747842,"upper_bound":222404.10008979862},"point_estimate":123610.1460638121,"standard_error":39564.549041848135},"Slope":{"confidence_interval":{"confidence_level":0.95,"lower_bound":47213005.85230822,"upper_bound":47361187.27374495},"point_estimate":47284220.33802221,"standard_error":37839.66720013575},"StdDev":{"confidence_interval":{"confidence_level":0.95,"lower_bound":112212.73583782658,"upper_bound":474033.2597495448},"point_estimate":300302.4117563706,"standard_error":114232.90216365099}}