{"Mean":{"confidence_interval":{"confidence_level":0.95,"lower_bound":36275993.62515219,"upper_bound":36418394.591059856},"point_estimate":36347565.53580792,"standard_error":36346.08076505009},"Median":{"confidence_interval":{"confidence_level":0.95,"lower_bound":36262379.182608694,"upper_bound":36451584.989389926},"point_estimate":36378084.4875,"standard_error":55649.88317285707},"MedianAbsDev":{"confidence_interval":{"confidence_level":0.95,"lower_bound":108519.15217340177,"upper_bound":277182.0375281621},"point_estimate":181209.7512147299,"standard_error":41797.305117045566},"Slope":{"confidence_interval":{"confidence_level":0.95,"lower_bound":36287916.58201732,"upper_bound":36421508.56185272},"point_estimate":36357135.764569014,"standard_error":34280.208271289084},"StdDev":{"confidence_interval":{"confidence_level":0.95,"lower_bound":148888.55281003405,"upper_bound":245690.9152477316},"point_estimate":202701.25709207635,"standard_error":24697.842099904443}}