{"Mean":{"confidence_interval":{"confidence_level":0.95,"lower_bound":371.54289313289416,"upper_bound":371.6827779965448},"point_estimate":371.60472539564387,"standard_error":0.03558885912582842},"Median":{"confidence_interval":{"confidence_level":0.95,"lower_bound":371.5421484604485,"upper_bound":371.55272747693266},"point_estimate":371.54938382363184,"standard_error":0.0023087036075088306},"MedianAbsDev":{"confidence_interval":{"confidence_level":0.95,"lower_bound":0.005745266538280447,"upper_bound":0.03590608448908081},"point_estimate":0.014160782468421873,"standard_error":0.007892909091101316},"Slope":{"confidence_interval":{"confidence_level":0.95,"lower_bound":371.5452034034136,"upper_bound":371.63517824275624},"point_estimate":371.5803406832111,"standard_error":0.02304095095464783},"StdDev":{"confidence_interval":{"confidence_level":0.95,"lower_bound":0.024512265030176304,"upper_bound":0.2844993350830481},"point_estimate":0.19858598043853867,"standard_error":0.05953929998693737}}