{"Mean":{"confidence_interval":{"confidence_level":0.95,"lower_bound":4187419.594345709,"upper_bound":4192037.154497523},"point_estimate":4189682.2931744666,"standard_error":1177.989070297781},"Median":{"confidence_interval":{"confidence_level":0.95,"lower_bound":4186259.4040935673,"upper_bound":4191792.7495974237},"point_estimate":4188143.8484848486,"standard_error":1413.7394225489795},"MedianAbsDev":{"confidence_interval":{"confidence_level":0.95,"lower_bound":3549.196076989381,"upper_bound":8971.86715011898},"point_estimate":6252.632792689316,"standard_error":1397.833667589929},"Slope":{"confidence_interval":{"confidence_level":0.95,"lower_bound":4185584.681968248,"upper_bound":4189148.7585442737},"point_estimate":4187316.9360479466,"standard_error":908.6710502544321},"StdDev":{"confidence_interval":{"confidence_level":0.95,"lower_bound":4784.886249874786,"upper_bound":7897.042742515043},"point_estimate":6561.104356892011,"standard_error":793.3556659837913}}