{"Mean":{"confidence_interval":{"confidence_level":0.95,"lower_bound":472.9754328963089,"upper_bound":474.1315324681786},"point_estimate":473.556278233511,"standard_error":0.29563891852291},"Median":{"confidence_interval":{"confidence_level":0.95,"lower_bound":471.8318931795177,"upper_bound":474.8031983553294},"point_estimate":474.02904589797834,"standard_error":0.8418402542165727},"MedianAbsDev":{"confidence_interval":{"confidence_level":0.95,"lower_bound":0.47632139216754155,"upper_bound":2.6555194214660847},"point_estimate":1.972158373247521,"standard_error":0.6307933802839253},"Slope":{"confidence_interval":{"confidence_level":0.95,"lower_bound":472.3445536563787,"upper_bound":473.815631779444},"point_estimate":473.0315959011545,"standard_error":0.3777721427113526},"StdDev":{"confidence_interval":{"confidence_level":0.95,"lower_bound":1.4158889403666828,"upper_bound":1.8070773269338005},"point_estimate":1.647655188844407,"standard_error":0.09946051750887899}}