{"Mean":{"confidence_interval":{"confidence_level":0.95,"lower_bound":437.86629018038553,"upper_bound":438.0730929570642},"point_estimate":437.9649892803529,"standard_error":0.05282681354750133},"Median":{"confidence_interval":{"confidence_level":0.95,"lower_bound":437.8079087551952,"upper_bound":438.02774156016426},"point_estimate":437.89188745263414,"standard_error":0.05699863122127959},"MedianAbsDev":{"confidence_interval":{"confidence_level":0.95,"lower_bound":0.11954284451414822,"upper_bound":0.3232574346038415},"point_estimate":0.2014172962482868,"standard_error":0.053520322540524495},"Slope":{"confidence_interval":{"confidence_level":0.95,"lower_bound":437.83266942207626,"upper_bound":438.0001827760709},"point_estimate":437.91057666238254,"standard_error":0.04291029208442479},"StdDev":{"confidence_interval":{"confidence_level":0.95,"lower_bound":0.1853204731364155,"upper_bound":0.37844473791087296},"point_estimate":0.29442130969820557,"standard_error":0.04943356589611418}}