{"Mean":{"confidence_interval":{"confidence_level":0.95,"lower_bound":1201839.3712569242,"upper_bound":1202893.3838412482},"point_estimate":1202353.0667551511,"standard_error":266.9516304723475},"Median":{"confidence_interval":{"confidence_level":0.95,"lower_bound":1202003.2981481482,"upper_bound":1202815.6948148147},"point_estimate":1202229.847126437,"standard_error":208.65340496053528},"MedianAbsDev":{"confidence_interval":{"confidence_level":0.95,"lower_bound":482.1153075355681,"upper_bound":1397.2395615707753},"point_estimate":1088.9654874549635,"standard_error":245.63077089237953},"Slope":{"confidence_interval":{"confidence_level":0.95,"lower_bound":1202094.8076605718,"upper_bound":1202657.2167487692},"point_estimate":1202384.0399435924,"standard_error":143.47728524822287},"StdDev":{"confidence_interval":{"confidence_level":0.95,"lower_bound":833.5848269016362,"upper_bound":2036.9347099336862},"point_estimate":1488.6344213635232,"standard_error":311.02754366481145}}