{"Mean":{"confidence_interval":{"confidence_level":0.95,"lower_bound":7751187.0064862,"upper_bound":7813116.919520588},"point_estimate":7779794.523903293,"standard_error":15656.914329741718},"Median":{"confidence_interval":{"confidence_level":0.95,"lower_bound":7740318.040178571,"upper_bound":7747482.572440087},"point_estimate":7743733.215789474,"standard_error":1657.4490707997402},"MedianAbsDev":{"confidence_interval":{"confidence_level":0.95,"lower_bound":3886.8026234951835,"upper_bound":13965.03848832165},"point_estimate":8023.986377545482,"standard_error":2557.2569943433264},"Slope":{"confidence_interval":{"confidence_level":0.95,"lower_bound":7740681.225050455,"upper_bound":7745916.761630335},"point_estimate":7743124.36171338,"standard_error":1325.6653537883242},"StdDev":{"confidence_interval":{"confidence_level":0.95,"lower_bound":50344.36930715335,"upper_bound":111339.45492665026},"point_estimate":87056.73878486772,"standard_error":16757.377709663924}}