{"Mean":{"confidence_interval":{"confidence_level":0.95,"lower_bound":-0.004840009597928443,"upper_bound":-0.002931981446807786},"point_estimate":-0.004020630196949981,"standard_error":0.0004887083607366779},"Median":{"confidence_interval":{"confidence_level":0.95,"lower_bound":-0.004921631603062847,"upper_bound":-0.003944939935014189},"point_estimate":-0.004473438030509702,"standard_error":0.0002391278756136781}}