{"Mean":{"confidence_interval":{"confidence_level":0.95,"lower_bound":2206180.217795192,"upper_bound":2209805.2673917124},"point_estimate":2207880.582843477,"standard_error":924.2856717291497},"Median":{"confidence_interval":{"confidence_level":0.95,"lower_bound":2205934.625,"upper_bound":2208683.854166667},"point_estimate":2208153.873474801,"standard_error":804.0993637731852},"MedianAbsDev":{"confidence_interval":{"confidence_level":0.95,"lower_bound":1803.1893050780038,"upper_bound":4934.899588926369},"point_estimate":3303.1903813567565,"standard_error":836.1519022843386},"Slope":{"confidence_interval":{"confidence_level":0.95,"lower_bound":2207390.415248412,"upper_bound":2209039.1858188524},"point_estimate":2208331.1494447384,"standard_error":419.3885921965047},"StdDev":{"confidence_interval":{"confidence_level":0.95,"lower_bound":2702.178881014936,"upper_bound":6971.939227604119},"point_estimate":5149.989076751003,"standard_error":1095.7004889870163}}