{"Mean":{"confidence_interval":{"confidence_level":0.95,"lower_bound":308876.6205722934,"upper_bound":309148.0277579682},"point_estimate":309020.1580229767,"standard_error":68.83638321366793},"Median":{"confidence_interval":{"confidence_level":0.95,"lower_bound":308969.0635161135,"upper_bound":309069.48520408163},"point_estimate":309004.7590136054,"standard_error":28.287952040210058},"MedianAbsDev":{"confidence_interval":{"confidence_level":0.95,"lower_bound":74.26903025289239,"upper_bound":265.9893550029951},"point_estimate":158.12974830824274,"standard_error":52.16086392289464},"Slope":{"confidence_interval":{"confidence_level":0.95,"lower_bound":308887.25616408855,"upper_bound":309028.1137920594},"point_estimate":308958.8206995543,"standard_error":36.18113959137357},"StdDev":{"confidence_interval":{"confidence_level":0.95,"lower_bound":181.60402542880573,"upper_bound":556.6921630268143},"point_estimate":383.8180944062177,"standard_error":99.64788912324374}}