{"Mean":{"confidence_interval":{"confidence_level":0.95,"lower_bound":4183666.1750476947,"upper_bound":4186174.2576054074},"point_estimate":4184876.9780239817,"standard_error":641.2339060548943},"Median":{"confidence_interval":{"confidence_level":0.95,"lower_bound":4183177.8180708177,"upper_bound":4185353.2998737376},"point_estimate":4184741.637037037,"standard_error":664.1373276751747},"MedianAbsDev":{"confidence_interval":{"confidence_level":0.95,"lower_bound":1621.9094600945211,"upper_bound":4801.619012864628},"point_estimate":2536.7651623707507,"standard_error":830.6223082128191},"Slope":{"confidence_interval":{"confidence_level":0.95,"lower_bound":4183331.7743158615,"upper_bound":4185393.272782763},"point_estimate":4184402.8988542217,"standard_error":526.5995364166022},"StdDev":{"confidence_interval":{"confidence_level":0.95,"lower_bound":2485.524339905937,"upper_bound":4337.263159894756},"point_estimate":3564.145903966472,"standard_error":472.16353912272416}}