{"Mean":{"confidence_interval":{"confidence_level":0.95,"lower_bound":445951.44294220675,"upper_bound":447067.15218621335},"point_estimate":446471.7794685184,"standard_error":285.5307506495535},"Median":{"confidence_interval":{"confidence_level":0.95,"lower_bound":445583.4057800752,"upper_bound":446189.2924145299},"point_estimate":445760.66966711957,"standard_error":180.48606197774703},"MedianAbsDev":{"confidence_interval":{"confidence_level":0.95,"lower_bound":233.31614010783179,"upper_bound":1048.007101287286},"point_estimate":528.9080152275908,"standard_error":206.3650669977708},"Slope":{"confidence_interval":{"confidence_level":0.95,"lower_bound":445680.63881031,"upper_bound":446004.4163487158},"point_estimate":445855.6773708796,"standard_error":82.44425513049407},"StdDev":{"confidence_interval":{"confidence_level":0.95,"lower_bound":960.7793586061983,"upper_bound":1956.6016340419137},"point_estimate":1588.0196480268598,"standard_error":255.0061011687464}}