{"Mean":{"confidence_interval":{"confidence_level":0.95,"lower_bound":-0.0007156679765227487,"upper_bound":0.002661829754395694},"point_estimate":0.0010857046598995446,"standard_error":0.0008623824987871662},"Median":{"confidence_interval":{"confidence_level":0.95,"lower_bound":-0.0009425644392102475,"upper_bound":0.002198992641501807},"point_estimate":0.00014373917817844806,"standard_error":0.0007427084774078569}}