{"Mean":{"confidence_interval":{"confidence_level":0.95,"lower_bound":5601652.981592711,"upper_bound":5611317.719664981},"point_estimate":5606648.892602886,"standard_error":2470.6351546745136},"Median":{"confidence_interval":{"confidence_level":0.95,"lower_bound":5602496.383333333,"upper_bound":5614417.017676767},"point_estimate":5604611.340722496,"standard_error":3591.303622634975},"MedianAbsDev":{"confidence_interval":{"confidence_level":0.95,"lower_bound":6149.936812442569,"upper_bound":18019.031496007272},"point_estimate":13911.435292189151,"standard_error":2955.5465047438834},"Slope":{"confidence_interval":{"confidence_level":0.95,"lower_bound":5603530.234091468,"upper_bound":5609935.215589962},"point_estimate":5606510.483342147,"standard_error":1636.3188638155061},"StdDev":{"confidence_interval":{"confidence_level":0.95,"lower_bound":9401.551863683997,"upper_bound":17979.98375786089},"point_estimate":13812.952235787143,"standard_error":2272.893163810817}}