{"Mean":{"confidence_interval":{"confidence_level":0.95,"lower_bound":777.835501328539,"upper_bound":780.2780004282232},"point_estimate":778.9831951019951,"standard_error":0.6251973190749136},"Median":{"confidence_interval":{"confidence_level":0.95,"lower_bound":777.0526387855489,"upper_bound":778.4811559606482},"point_estimate":777.4480374520285,"standard_error":0.4466144488801539},"MedianAbsDev":{"confidence_interval":{"confidence_level":0.95,"lower_bound":0.5515658949144991,"upper_bound":3.5047652946581938},"point_estimate":1.4132863156933124,"standard_error":0.7519127755153363},"Slope":{"confidence_interval":{"confidence_level":0.95,"lower_bound":779.4331129425118,"upper_bound":783.1547734676121},"point_estimate":781.4346413536587,"standard_error":0.9439277715808262},"StdDev":{"confidence_interval":{"confidence_level":0.95,"lower_bound":2.3123326186032416,"upper_bound":4.439164003420303},"point_estimate":3.4824136926288647,"standard_error":0.5537439671986607}}