{"Mean":{"confidence_interval":{"confidence_level":0.95,"lower_bound":0.0003959643847790462,"upper_bound":0.0034928071125952575},"point_estimate":0.0019500053620686852,"standard_error":0.0007869600755445217},"Median":{"confidence_interval":{"confidence_level":0.95,"lower_bound":0.0011704336075472894,"upper_bound":0.002581882480126918},"point_estimate":0.0018491149648725003,"standard_error":0.00036274703306671616}}