{"Mean":{"confidence_interval":{"confidence_level":0.95,"lower_bound":12607461.856732212,"upper_bound":12675636.572701054},"point_estimate":12642796.488327483,"standard_error":17377.954939429117},"Median":{"confidence_interval":{"confidence_level":0.95,"lower_bound":12612328.913043479,"upper_bound":12695054.524999999},"point_estimate":12660018.099166667,"standard_error":24200.63145318307},"MedianAbsDev":{"confidence_interval":{"confidence_level":0.95,"lower_bound":41848.893557533454,"upper_bound":123544.69574664257},"point_estimate":75612.44959184945,"standard_error":20259.541276606924},"Slope":{"confidence_interval":{"confidence_level":0.95,"lower_bound":12620551.951748768,"upper_bound":12679771.918262407},"point_estimate":12649857.12934955,"standard_error":15093.836611608507},"StdDev":{"confidence_interval":{"confidence_level":0.95,"lower_bound":65433.0048067131,"upper_bound":124984.67599708503},"point_estimate":96719.04346712612,"standard_error":15614.41650158725}}