{"Mean":{"confidence_interval":{"confidence_level":0.95,"lower_bound":1408760.9945557446,"upper_bound":1412372.7669731532},"point_estimate":1410662.34957557,"standard_error":919.3735199306566},"Median":{"confidence_interval":{"confidence_level":0.95,"lower_bound":1410197.4463235294,"upper_bound":1412046.4839015151},"point_estimate":1411379.060096154,"standard_error":409.9199378795638},"MedianAbsDev":{"confidence_interval":{"confidence_level":0.95,"lower_bound":903.5698411699406,"upper_bound":2238.979237750092},"point_estimate":1870.1475892630815,"standard_error":363.7612310452896},"Slope":{"confidence_interval":{"confidence_level":0.95,"lower_bound":1406189.4500776848,"upper_bound":1411542.4374481791},"point_estimate":1409186.5374933898,"standard_error":1389.334977487367},"StdDev":{"confidence_interval":{"confidence_level":0.95,"lower_bound":1227.3885779174198,"upper_bound":7195.77050879738},"point_estimate":5117.447904482447,"standard_error":1399.7545410006524}}