{"Mean":{"confidence_interval":{"confidence_level":0.95,"lower_bound":372.8064662507635,"upper_bound":373.21566458403663},"point_estimate":372.99775721776206,"standard_error":0.10505922595424294},"Median":{"confidence_interval":{"confidence_level":0.95,"lower_bound":372.68467677573824,"upper_bound":373.05687798558824},"point_estimate":372.7934878995724,"standard_error":0.10361921145116074},"MedianAbsDev":{"confidence_interval":{"confidence_level":0.95,"lower_bound":0.21445456991133469,"upper_bound":0.5922086346161761},"point_estimate":0.366717791845841,"standard_error":0.09611372622040404},"Slope":{"confidence_interval":{"confidence_level":0.95,"lower_bound":372.74209922688675,"upper_bound":373.2054282183101},"point_estimate":372.96596640506624,"standard_error":0.11871202295515437},"StdDev":{"confidence_interval":{"confidence_level":0.95,"lower_bound":0.3342092386779777,"upper_bound":0.7546397344616246},"point_estimate":0.58467414070908,"standard_error":0.10637799539438572}}