{"Mean":{"confidence_interval":{"confidence_level":0.95,"lower_bound":405.4398963650069,"upper_bound":406.02883442661596},"point_estimate":405.70115135148706,"standard_error":0.1518099540763268},"Median":{"confidence_interval":{"confidence_level":0.95,"lower_bound":405.2846889576183,"upper_bound":405.65344170784147},"point_estimate":405.34200486553766,"standard_error":0.11108028658919614},"MedianAbsDev":{"confidence_interval":{"confidence_level":0.95,"lower_bound":0.1240153698422204,"upper_bound":0.5617154046909754},"point_estimate":0.2886586117802167,"standard_error":0.11225497334207225},"Slope":{"confidence_interval":{"confidence_level":0.95,"lower_bound":405.4855510334998,"upper_bound":406.01912470834134},"point_estimate":405.737710032114,"standard_error":0.13549569601724065},"StdDev":{"confidence_interval":{"confidence_level":0.95,"lower_bound":0.2880766701723728,"upper_bound":1.2225111022592212},"point_estimate":0.8502838243061045,"standard_error":0.23732865619403828}}