{"Mean":{"confidence_interval":{"confidence_level":0.95,"lower_bound":0.0050685989421622064,"upper_bound":0.006097563976429293},"point_estimate":0.005575717280742687,"standard_error":0.00026226723974603086},"Median":{"confidence_interval":{"confidence_level":0.95,"lower_bound":0.004262898161660367,"upper_bound":0.006438948321674465},"point_estimate":0.005916390941042904,"standard_error":0.0006929242849729005}}