{"Mean":{"confidence_interval":{"confidence_level":0.95,"lower_bound":5259326.70998041,"upper_bound":5267406.454979923},"point_estimate":5263546.494349874,"standard_error":2056.628342565095},"Median":{"confidence_interval":{"confidence_level":0.95,"lower_bound":5260834.05,"upper_bound":5266802.927777778},"point_estimate":5262541.694444444,"standard_error":1495.7809034795782},"MedianAbsDev":{"confidence_interval":{"confidence_level":0.95,"lower_bound":2610.553796986954,"upper_bound":14907.271158219144},"point_estimate":7414.291995453645,"standard_error":2990.0801749147386},"Slope":{"confidence_interval":{"confidence_level":0.95,"lower_bound":5259805.030573267,"upper_bound":5264743.534342412},"point_estimate":5262280.3568129735,"standard_error":1256.4146896365592},"StdDev":{"confidence_interval":{"confidence_level":0.95,"lower_bound":7311.844252586501,"upper_bound":15468.920401939984},"point_estimate":11465.038137078254,"standard_error":2181.2970190578726}}