{"Mean":{"confidence_interval":{"confidence_level":0.95,"lower_bound":12187574.860532802,"upper_bound":12245787.882223502},"point_estimate":12217486.274998058,"standard_error":14857.092998295111},"Median":{"confidence_interval":{"confidence_level":0.95,"lower_bound":12211749.18382353,"upper_bound":12265425.25},"point_estimate":12236702.068275861,"standard_error":16299.13792253335},"MedianAbsDev":{"confidence_interval":{"confidence_level":0.95,"lower_bound":33232.6873218224,"upper_bound":116857.07065299302},"point_estimate":54299.19618520439,"standard_error":21317.229594286087},"Slope":{"confidence_interval":{"confidence_level":0.95,"lower_bound":12206239.288666151,"upper_bound":12254404.057614537},"point_estimate":12230832.69920677,"standard_error":12302.871960382161},"StdDev":{"confidence_interval":{"confidence_level":0.95,"lower_bound":60604.66180938959,"upper_bound":100247.90518968081},"point_estimate":83111.22109559223,"standard_error":10142.422630850095}}