{"Mean":{"confidence_interval":{"confidence_level":0.95,"lower_bound":6452601.868513719,"upper_bound":6458591.701295303},"point_estimate":6455502.990674215,"standard_error":1525.52617348956},"Median":{"confidence_interval":{"confidence_level":0.95,"lower_bound":6451860.508241758,"upper_bound":6458168.831168831},"point_estimate":6455757.906130268,"standard_error":1623.6266842130253},"MedianAbsDev":{"confidence_interval":{"confidence_level":0.95,"lower_bound":3672.7433968650353,"upper_bound":11191.088201318764},"point_estimate":7552.823301679377,"standard_error":1933.2550465169295},"Slope":{"confidence_interval":{"confidence_level":0.95,"lower_bound":6449070.032435858,"upper_bound":6454753.952787319},"point_estimate":6451896.215230037,"standard_error":1450.2989825670363},"StdDev":{"confidence_interval":{"confidence_level":0.95,"lower_bound":5881.444435676369,"upper_bound":10630.396482909706},"point_estimate":8498.14914607673,"standard_error":1219.7281141645628}}