{"Mean":{"confidence_interval":{"confidence_level":0.95,"lower_bound":1173731.9724363505,"upper_bound":1175757.4140544878},"point_estimate":1174837.54371876,"standard_error":517.8464854882078},"Median":{"confidence_interval":{"confidence_level":0.95,"lower_bound":1174348.4127450981,"upper_bound":1176191.696},"point_estimate":1175401.7625000002,"standard_error":504.80198817630406},"MedianAbsDev":{"confidence_interval":{"confidence_level":0.95,"lower_bound":1135.7005872284728,"upper_bound":2903.8755689912646},"point_estimate":1771.8084095966026,"standard_error":445.4586256948856},"Slope":{"confidence_interval":{"confidence_level":0.95,"lower_bound":1174742.183491485,"upper_bound":1176520.7658152885},"point_estimate":1175628.2282601797,"standard_error":453.30998809502864},"StdDev":{"confidence_interval":{"confidence_level":0.95,"lower_bound":1554.5895098189142,"upper_bound":4130.129981557184},"point_estimate":2880.5198727535803,"standard_error":724.2705675126155}}