{"Mean":{"confidence_interval":{"confidence_level":0.95,"lower_bound":755.7527286703374,"upper_bound":758.3716315420926},"point_estimate":756.9138413114258,"standard_error":0.6734462502895289},"Median":{"confidence_interval":{"confidence_level":0.95,"lower_bound":755.098839171684,"upper_bound":756.9582785987958},"point_estimate":755.8192950973494,"standard_error":0.43468313597254304},"MedianAbsDev":{"confidence_interval":{"confidence_level":0.95,"lower_bound":0.9864817094393115,"upper_bound":2.9730968853527737},"point_estimate":2.084887184055704,"standard_error":0.5098461616906411},"Slope":{"confidence_interval":{"confidence_level":0.95,"lower_bound":755.7145178300196,"upper_bound":758.7141650178928},"point_estimate":757.1268047654154,"standard_error":0.7746640567570706},"StdDev":{"confidence_interval":{"confidence_level":0.95,"lower_bound":1.7212354519622681,"upper_bound":5.447675660648936},"point_estimate":3.7407987286045263,"standard_error":1.045366492607236}}