{"Mean":{"confidence_interval":{"confidence_level":0.95,"lower_bound":17381029.40698885,"upper_bound":17556200.31844668},"point_estimate":17441049.82434077,"standard_error":55335.676375736024},"Median":{"confidence_interval":{"confidence_level":0.95,"lower_bound":17379936.4875,"upper_bound":17389084.24401914},"point_estimate":17383246.70039683,"standard_error":2700.1863588949395},"MedianAbsDev":{"confidence_interval":{"confidence_level":0.95,"lower_bound":6151.936072032486,"upper_bound":19985.56469255459},"point_estimate":14604.896114241325,"standard_error":3771.1208911353074},"Slope":{"confidence_interval":{"confidence_level":0.95,"lower_bound":17378734.232246988,"upper_bound":17389628.483544588},"point_estimate":17384069.018508725,"standard_error":2796.0707210946402},"StdDev":{"confidence_interval":{"confidence_level":0.95,"lower_bound":10807.396637584616,"upper_bound":516399.3137657253},"point_estimate":308685.77740607405,"standard_error":183437.32657727797}}