{"Mean":{"confidence_interval":{"confidence_level":0.95,"lower_bound":5146858.3901922265,"upper_bound":5150126.872595795},"point_estimate":5148475.36698992,"standard_error":830.8998775420238},"Median":{"confidence_interval":{"confidence_level":0.95,"lower_bound":5146178.269444444,"upper_bound":5150160.454166667},"point_estimate":5147738.658179012,"standard_error":1027.457480579258},"MedianAbsDev":{"confidence_interval":{"confidence_level":0.95,"lower_bound":2572.2057080385207,"upper_bound":7445.253676947545},"point_estimate":5390.259895970347,"standard_error":1228.954101463726},"Slope":{"confidence_interval":{"confidence_level":0.95,"lower_bound":5145207.734867041,"upper_bound":5148436.998841268},"point_estimate":5146735.085069628,"standard_error":824.6384303024245},"StdDev":{"confidence_interval":{"confidence_level":0.95,"lower_bound":3606.465440411504,"upper_bound":5364.906101752001},"point_estimate":4627.741427574276,"standard_error":446.6008551703522}}