{"Mean":{"confidence_interval":{"confidence_level":0.95,"lower_bound":0.008060431264446073,"upper_bound":0.014989471514174136},"point_estimate":0.011423062346885393,"standard_error":0.0017666935980376489},"Median":{"confidence_interval":{"confidence_level":0.95,"lower_bound":0.007041783184759121,"upper_bound":0.013235449243232944},"point_estimate":0.010191428378066192,"standard_error":0.001472851478943596}}