{"Mean":{"confidence_interval":{"confidence_level":0.95,"lower_bound":1629103.1723916114,"upper_bound":1631603.4731719901},"point_estimate":1630309.224130463,"standard_error":634.8664910606863},"Median":{"confidence_interval":{"confidence_level":0.95,"lower_bound":1629955.7208994708,"upper_bound":1631340.7129870132},"point_estimate":1630717.5997732426,"standard_error":410.9976642895039},"MedianAbsDev":{"confidence_interval":{"confidence_level":0.95,"lower_bound":829.2693193126503,"upper_bound":3528.6943804301163},"point_estimate":1653.842581947959,"standard_error":719.4148573335981},"Slope":{"confidence_interval":{"confidence_level":0.95,"lower_bound":1630498.6133668015,"upper_bound":1631563.7164958818},"point_estimate":1631085.3243030899,"standard_error":271.77081602755624},"StdDev":{"confidence_interval":{"confidence_level":0.95,"lower_bound":2067.5390097522413,"upper_bound":4863.108815798501},"point_estimate":3528.9119618331715,"standard_error":740.4864403862993}}