{"Mean":{"confidence_interval":{"confidence_level":0.95,"lower_bound":377.6743530537207,"upper_bound":378.726739667457},"point_estimate":378.21926236677524,"standard_error":0.2680482820808954},"Median":{"confidence_interval":{"confidence_level":0.95,"lower_bound":377.93681477727284,"upper_bound":379.0908318232629},"point_estimate":378.30766096455795,"standard_error":0.3002519461539452},"MedianAbsDev":{"confidence_interval":{"confidence_level":0.95,"lower_bound":0.786186209068632,"upper_bound":2.083129969487614},"point_estimate":1.4499558645539996,"standard_error":0.34059327182189864},"Slope":{"confidence_interval":{"confidence_level":0.95,"lower_bound":377.57887796566615,"upper_bound":378.79728986158864},"point_estimate":378.1713830247487,"standard_error":0.3105151678090522},"StdDev":{"confidence_interval":{"confidence_level":0.95,"lower_bound":1.0400559372375031,"upper_bound":1.834446921877824},"point_estimate":1.4853437669399072,"standard_error":0.20317388842268483}}