{"Mean":{"confidence_interval":{"confidence_level":0.95,"lower_bound":408.2663808065829,"upper_bound":408.50284147951635},"point_estimate":408.37545902603955,"standard_error":0.060556679081665926},"Median":{"confidence_interval":{"confidence_level":0.95,"lower_bound":408.18080102893157,"upper_bound":408.3489542339493},"point_estimate":408.2434052374082,"standard_error":0.048290402634962266},"MedianAbsDev":{"confidence_interval":{"confidence_level":0.95,"lower_bound":0.09304391322960086,"upper_bound":0.31632656924771524},"point_estimate":0.18012378583534272,"standard_error":0.06346507121845531},"Slope":{"confidence_interval":{"confidence_level":0.95,"lower_bound":408.2332629539606,"upper_bound":408.4711721354173},"point_estimate":408.3466267851213,"standard_error":0.06080789754778052},"StdDev":{"confidence_interval":{"confidence_level":0.95,"lower_bound":0.19565131343382286,"upper_bound":0.4550817910494475},"point_estimate":0.3379689142420443,"standard_error":0.06925703204747871}}