{"Mean":{"confidence_interval":{"confidence_level":0.95,"lower_bound":1818.4941392128735,"upper_bound":1820.1797828047368},"point_estimate":1819.3042360049496,"standard_error":0.4321064075931351},"Median":{"confidence_interval":{"confidence_level":0.95,"lower_bound":1817.7301417990311,"upper_bound":1820.2233070716459},"point_estimate":1819.0700388976138,"standard_error":0.6470399788643508},"MedianAbsDev":{"confidence_interval":{"confidence_level":0.95,"lower_bound":1.5758753606673557,"upper_bound":3.42879253868179},"point_estimate":2.8282608086363026,"standard_error":0.5018226031476879},"Slope":{"confidence_interval":{"confidence_level":0.95,"lower_bound":1818.855808390577,"upper_bound":1820.4840764026458},"point_estimate":1819.668765031135,"standard_error":0.4156981396311184},"StdDev":{"confidence_interval":{"confidence_level":0.95,"lower_bound":1.7200851220045048,"upper_bound":3.0743023246496755},"point_estimate":2.4094631539855276,"standard_error":0.36013944945153514}}