{"Mean":{"confidence_interval":{"confidence_level":0.95,"lower_bound":575401.076517954,"upper_bound":576014.7843274054},"point_estimate":575716.091247131,"standard_error":155.7837054041735},"Median":{"confidence_interval":{"confidence_level":0.95,"lower_bound":575608.7850877193,"upper_bound":575955.1694078947},"point_estimate":575757.1885583524,"standard_error":97.28205098520499},"MedianAbsDev":{"confidence_interval":{"confidence_level":0.95,"lower_bound":237.07665368573296,"upper_bound":708.5738433312702},"point_estimate":416.0294626971155,"standard_error":124.7713205280826},"Slope":{"confidence_interval":{"confidence_level":0.95,"lower_bound":575671.7914153116,"upper_bound":576093.0602885336},"point_estimate":575901.5161735645,"standard_error":107.81155173944913},"StdDev":{"confidence_interval":{"confidence_level":0.95,"lower_bound":483.3966173894561,"upper_bound":1172.9210979494937},"point_estimate":867.5368200842125,"standard_error":177.06149469261558}}