{"Mean":{"confidence_interval":{"confidence_level":0.95,"lower_bound":402.227842531044,"upper_bound":405.517533372141},"point_estimate":403.8540894084739,"standard_error":0.8404329019425447},"Median":{"confidence_interval":{"confidence_level":0.95,"lower_bound":399.5333452136557,"upper_bound":408.0523138115876},"point_estimate":401.2871554530504,"standard_error":3.497584853583289},"MedianAbsDev":{"confidence_interval":{"confidence_level":0.95,"lower_bound":0.39259267367153355,"upper_bound":7.175312930090237},"point_estimate":3.1901472012373264,"standard_error":2.3543797929254526},"Slope":{"confidence_interval":{"confidence_level":0.95,"lower_bound":399.84632944474595,"upper_bound":401.5315850577085},"point_estimate":400.4722100283582,"standard_error":0.4350607111935933},"StdDev":{"confidence_interval":{"confidence_level":0.95,"lower_bound":4.1372073647040395,"upper_bound":5.081497516304235},"point_estimate":4.695856292749946,"standard_error":0.23899101381544824}}