{"Mean":{"confidence_interval":{"confidence_level":0.95,"lower_bound":223754.08096049863,"upper_bound":224217.190329653},"point_estimate":223964.2691002005,"standard_error":118.62515974385835},"Median":{"confidence_interval":{"confidence_level":0.95,"lower_bound":223747.59175531915,"upper_bound":224078.07549251377},"point_estimate":223890.84898242366,"standard_error":92.03607804318749},"MedianAbsDev":{"confidence_interval":{"confidence_level":0.95,"lower_bound":250.22393289804572,"upper_bound":635.8198333928005},"point_estimate":456.318702689354,"standard_error":104.52435833361356},"Slope":{"confidence_interval":{"confidence_level":0.95,"lower_bound":223862.34473251604,"upper_bound":224218.13036930683},"point_estimate":224052.50465249727,"standard_error":90.7425802150972},"StdDev":{"confidence_interval":{"confidence_level":0.95,"lower_bound":345.6058633263696,"upper_bound":956.5491133666294},"point_estimate":660.6435796463943,"standard_error":172.4631885753812}}