{"Mean":{"confidence_interval":{"confidence_level":0.95,"lower_bound":36365025.277418375,"upper_bound":36638237.670271695},"point_estimate":36475305.94219103,"standard_error":71552.71061113781},"Median":{"confidence_interval":{"confidence_level":0.95,"lower_bound":36335798.09375,"upper_bound":36483538.51358695},"point_estimate":36419176.21428572,"standard_error":43694.581017865996},"MedianAbsDev":{"confidence_interval":{"confidence_level":0.95,"lower_bound":99498.97863353844,"upper_bound":253321.4988273417},"point_estimate":165402.7537135136,"standard_error":38406.272315515664},"Slope":{"confidence_interval":{"confidence_level":0.95,"lower_bound":36326936.68332294,"upper_bound":36434270.22694744},"point_estimate":36381724.57017451,"standard_error":27347.437024413455},"StdDev":{"confidence_interval":{"confidence_level":0.95,"lower_bound":134944.26560733706,"upper_bound":636088.2786641704},"point_estimate":397395.1007765273,"standard_error":161675.32820593647}}