{"Mean":{"confidence_interval":{"confidence_level":0.95,"lower_bound":-0.00872492589282866,"upper_bound":-0.0011310178110802295},"point_estimate":-0.004074358406358947,"standard_error":0.002045655067995382},"Median":{"confidence_interval":{"confidence_level":0.95,"lower_bound":-0.003864204942807925,"upper_bound":-0.0008038352765886472},"point_estimate":-0.002759906131775569,"standard_error":0.0008088794729131885}}