{"Mean":{"confidence_interval":{"confidence_level":0.95,"lower_bound":367.0968628845682,"upper_bound":367.9837522780689},"point_estimate":367.4770384775277,"standard_error":0.23123206254251252},"Median":{"confidence_interval":{"confidence_level":0.95,"lower_bound":367.0706671451519,"upper_bound":367.4072322476275},"point_estimate":367.17948760013354,"standard_error":0.10603074496680313},"MedianAbsDev":{"confidence_interval":{"confidence_level":0.95,"lower_bound":0.240134863479107,"upper_bound":0.5888640172806016},"point_estimate":0.3736912442960154,"standard_error":0.0889332805851386},"Slope":{"confidence_interval":{"confidence_level":0.95,"lower_bound":366.98083643182935,"upper_bound":367.2832183055525},"point_estimate":367.13246891142654,"standard_error":0.0775205925141445},"StdDev":{"confidence_interval":{"confidence_level":0.95,"lower_bound":0.34084416955324986,"upper_bound":1.9037074266826606},"point_estimate":1.2823315760346334,"standard_error":0.42141757980152544}}