{"Mean":{"confidence_interval":{"confidence_level":0.95,"lower_bound":129110.67148822127,"upper_bound":129170.4538625052},"point_estimate":129139.73969479775,"standard_error":15.222441876967666},"Median":{"confidence_interval":{"confidence_level":0.95,"lower_bound":129090.24300411523,"upper_bound":129163.02675828166},"point_estimate":129127.36366843033,"standard_error":15.724482369078013},"MedianAbsDev":{"confidence_interval":{"confidence_level":0.95,"lower_bound":48.437353481708854,"upper_bound":120.81435680573604},"point_estimate":82.08269632051076,"standard_error":18.894468808858644},"Slope":{"confidence_interval":{"confidence_level":0.95,"lower_bound":129079.61521373643,"upper_bound":129124.96763826368},"point_estimate":129101.37111724804,"standard_error":11.565267692282436},"StdDev":{"confidence_interval":{"confidence_level":0.95,"lower_bound":62.00143996463278,"upper_bound":104.21392277169637},"point_estimate":84.81316764097384,"standard_error":10.870941944106805}}