{"Mean":{"confidence_interval":{"confidence_level":0.95,"lower_bound":465.045958122864,"upper_bound":465.88519410144704},"point_estimate":465.4435041971501,"standard_error":0.2139646541955309},"Median":{"confidence_interval":{"confidence_level":0.95,"lower_bound":464.4703362921267,"upper_bound":466.303888336712},"point_estimate":465.31902576315224,"standard_error":0.44086411513518026},"MedianAbsDev":{"confidence_interval":{"confidence_level":0.95,"lower_bound":0.35453440058705327,"upper_bound":1.5781021770058017},"point_estimate":1.5503632479680451,"standard_error":0.353652692677495},"Slope":{"confidence_interval":{"confidence_level":0.95,"lower_bound":465.3772981027483,"upper_bound":466.0814397707245},"point_estimate":465.7613859476567,"standard_error":0.17964666837989574},"StdDev":{"confidence_interval":{"confidence_level":0.95,"lower_bound":0.8462684047501181,"upper_bound":1.5762588200157077},"point_estimate":1.1960588649511084,"standard_error":0.20660800084763054}}