{"Mean":{"confidence_interval":{"confidence_level":0.95,"lower_bound":506.78861181793604,"upper_bound":506.80291587878145},"point_estimate":506.7955188093283,"standard_error":0.003657491601825349},"Median":{"confidence_interval":{"confidence_level":0.95,"lower_bound":506.7850648313804,"upper_bound":506.79881699342},"point_estimate":506.78752936254324,"standard_error":0.003915548943737531},"MedianAbsDev":{"confidence_interval":{"confidence_level":0.95,"lower_bound":0.007142001580666697,"upper_bound":0.029290744341226055},"point_estimate":0.016225032342366,"standard_error":0.004625779198367218},"Slope":{"confidence_interval":{"confidence_level":0.95,"lower_bound":506.78603819748014,"upper_bound":506.7941339574628},"point_estimate":506.78990871237454,"standard_error":0.0020698255411972294},"StdDev":{"confidence_interval":{"confidence_level":0.95,"lower_bound":0.014851654820296349,"upper_bound":0.024048768489075372},"point_estimate":0.020310882643807163,"standard_error":0.0023453985131446395}}