{"Mean":{"confidence_interval":{"confidence_level":0.95,"lower_bound":416.87944783357415,"upper_bound":417.2473471901606},"point_estimate":417.0568487618727,"standard_error":0.09401322393445223},"Median":{"confidence_interval":{"confidence_level":0.95,"lower_bound":416.88151709342924,"upper_bound":417.13127960621756},"point_estimate":416.98458102264794,"standard_error":0.06552414266738787},"MedianAbsDev":{"confidence_interval":{"confidence_level":0.95,"lower_bound":0.1749968709166016,"upper_bound":0.6177835285497232},"point_estimate":0.31982832549369755,"standard_error":0.11435913288614447},"Slope":{"confidence_interval":{"confidence_level":0.95,"lower_bound":416.7479094859233,"upper_bound":417.01392958976584},"point_estimate":416.8863073534957,"standard_error":0.0679559209147231},"StdDev":{"confidence_interval":{"confidence_level":0.95,"lower_bound":0.3483816906965166,"upper_bound":0.6652915745731611},"point_estimate":0.5251603264150841,"standard_error":0.08132623895841243}}