{"Mean":{"confidence_interval":{"confidence_level":0.95,"lower_bound":453.33088452528403,"upper_bound":453.800124074842},"point_estimate":453.4983345748945,"standard_error":0.13988692835160124},"Median":{"confidence_interval":{"confidence_level":0.95,"lower_bound":453.3110692832442,"upper_bound":453.3845377818938},"point_estimate":453.3526799711877,"standard_error":0.017633133532009904},"MedianAbsDev":{"confidence_interval":{"confidence_level":0.95,"lower_bound":0.04872528131009835,"upper_bound":0.11816951037303465},"point_estimate":0.08222725028460767,"standard_error":0.017796034110015152},"Slope":{"confidence_interval":{"confidence_level":0.95,"lower_bound":453.3146164850627,"upper_bound":453.4263628120182},"point_estimate":453.36522204566484,"standard_error":0.028914114700201343},"StdDev":{"confidence_interval":{"confidence_level":0.95,"lower_bound":0.06718706312763492,"upper_bound":1.3022574454034108},"point_estimate":0.7800890382944133,"standard_error":0.4337970799234727}}