{"Mean":{"confidence_interval":{"confidence_level":0.95,"lower_bound":540.0875308009015,"upper_bound":541.3629395170494},"point_estimate":540.7262782796702,"standard_error":0.3259330906001295},"Median":{"confidence_interval":{"confidence_level":0.95,"lower_bound":539.4584439561584,"upper_bound":542.34020618778},"point_estimate":540.3074357955687,"standard_error":0.795705535754135},"MedianAbsDev":{"confidence_interval":{"confidence_level":0.95,"lower_bound":0.9058471645316438,"upper_bound":3.1441023240982626},"point_estimate":2.3843913898598785,"standard_error":0.5731454764814508},"Slope":{"confidence_interval":{"confidence_level":0.95,"lower_bound":539.968107885826,"upper_bound":541.5951671131612},"point_estimate":540.7317233414373,"standard_error":0.41940851647198135},"StdDev":{"confidence_interval":{"confidence_level":0.95,"lower_bound":1.49928637470011,"upper_bound":2.058883964623807},"point_estimate":1.8185152930971,"standard_error":0.1423940900648162}}