{"Mean":{"confidence_interval":{"confidence_level":0.95,"lower_bound":551.2648706233807,"upper_bound":551.6607424391332},"point_estimate":551.4485546765138,"standard_error":0.10121231707349881},"Median":{"confidence_interval":{"confidence_level":0.95,"lower_bound":551.1486677758957,"upper_bound":551.4094781071406},"point_estimate":551.3051080888482,"standard_error":0.07663710010805826},"MedianAbsDev":{"confidence_interval":{"confidence_level":0.95,"lower_bound":0.17510310334822507,"upper_bound":0.5345228483387717},"point_estimate":0.28596293821101204,"standard_error":0.0876535305367347},"Slope":{"confidence_interval":{"confidence_level":0.95,"lower_bound":551.1378195814399,"upper_bound":551.4611928928311},"point_estimate":551.2676215936523,"standard_error":0.08290142264562009},"StdDev":{"confidence_interval":{"confidence_level":0.95,"lower_bound":0.31473841864918173,"upper_bound":0.7214339942363069},"point_estimate":0.5628795817083854,"standard_error":0.10290795647832357}}