{"Mean":{"confidence_interval":{"confidence_level":0.95,"lower_bound":904.5044581610315,"upper_bound":905.110019171599},"point_estimate":904.7845080494072,"standard_error":0.1550512838693661},"Median":{"confidence_interval":{"confidence_level":0.95,"lower_bound":904.360618245614,"upper_bound":904.9502682456141},"point_estimate":904.6402197129187,"standard_error":0.16565524366836337},"MedianAbsDev":{"confidence_interval":{"confidence_level":0.95,"lower_bound":0.35271290861226867,"upper_bound":0.8829785780082531},"point_estimate":0.5630879481500767,"standard_error":0.1333672051695738},"Slope":{"confidence_interval":{"confidence_level":0.95,"lower_bound":904.5969467121578,"upper_bound":905.5341281982238},"point_estimate":905.0283676272649,"standard_error":0.24144691463484977},"StdDev":{"confidence_interval":{"confidence_level":0.95,"lower_bound":0.4655976464624139,"upper_bound":1.1697095930316959},"point_estimate":0.8645266410547786,"standard_error":0.18407236965205126}}