{"Mean":{"confidence_interval":{"confidence_level":0.95,"lower_bound":141358.1321022001,"upper_bound":142138.9702810307},"point_estimate":141705.54172990646,"standard_error":200.49763825653068},"Median":{"confidence_interval":{"confidence_level":0.95,"lower_bound":141231.2531372549,"upper_bound":141549.6409685086},"point_estimate":141407.06838235294,"standard_error":85.97350640170927},"MedianAbsDev":{"confidence_interval":{"confidence_level":0.95,"lower_bound":198.6042455125579,"upper_bound":786.6933741329276},"point_estimate":386.68969019370707,"standard_error":151.3360791490924},"Slope":{"confidence_interval":{"confidence_level":0.95,"lower_bound":141317.06889954006,"upper_bound":141735.7154849637},"point_estimate":141515.73697079043,"standard_error":107.35543947046047},"StdDev":{"confidence_interval":{"confidence_level":0.95,"lower_bound":518.2261404658814,"upper_bound":1612.3654075886122},"point_estimate":1115.0199720781586,"standard_error":299.5651154991305}}