{"Mean":{"confidence_interval":{"confidence_level":0.95,"lower_bound":13131501.022947302,"upper_bound":13179242.98672653},"point_estimate":13156503.37927136,"standard_error":12200.94696861271},"Median":{"confidence_interval":{"confidence_level":0.95,"lower_bound":13135689.233516484,"upper_bound":13193262.42368421},"point_estimate":13165231.858695652,"standard_error":14944.67082976239},"MedianAbsDev":{"confidence_interval":{"confidence_level":0.95,"lower_bound":34313.00550748966,"upper_bound":85038.62909097064},"point_estimate":51537.27543503092,"standard_error":12263.675883834885},"Slope":{"confidence_interval":{"confidence_level":0.95,"lower_bound":13146577.8392997,"upper_bound":13190337.349511605},"point_estimate":13168225.0601798,"standard_error":11234.519042830681},"StdDev":{"confidence_interval":{"confidence_level":0.95,"lower_bound":43975.72846927143,"upper_bound":86678.74455534494},"point_estimate":67942.26637409418,"standard_error":10953.872418468298}}