{"Mean":{"confidence_interval":{"confidence_level":0.95,"lower_bound":-0.027056822522569676,"upper_bound":-0.00242507295907888},"point_estimate":-0.0130001518109083,"standard_error":0.006331214579314718},"Median":{"confidence_interval":{"confidence_level":0.95,"lower_bound":-0.015786353310062062,"upper_bound":-0.004789076625375421},"point_estimate":-0.010270130179537373,"standard_error":0.002780989164659231}}