{"Mean":{"confidence_interval":{"confidence_level":0.95,"lower_bound":139449.06108966534,"upper_bound":139765.7735838595},"point_estimate":139610.18930668544,"standard_error":80.9974789815799},"Median":{"confidence_interval":{"confidence_level":0.95,"lower_bound":139302.58113226865,"upper_bound":140004.75833244313},"point_estimate":139668.0720141097,"standard_error":174.6605566740789},"MedianAbsDev":{"confidence_interval":{"confidence_level":0.95,"lower_bound":231.65049417390657,"upper_bound":762.0281088112876},"point_estimate":619.6106662403669,"standard_error":135.43237059800384},"Slope":{"confidence_interval":{"confidence_level":0.95,"lower_bound":139825.28914668458,"upper_bound":140032.0946868724},"point_estimate":139952.60517243843,"standard_error":52.875862675203564},"StdDev":{"confidence_interval":{"confidence_level":0.95,"lower_bound":373.22133008080516,"upper_bound":503.3349783008875},"point_estimate":450.7960189293807,"standard_error":33.19509158775711}}