{"Mean":{"confidence_interval":{"confidence_level":0.95,"lower_bound":446.50449220584386,"upper_bound":446.797400156793},"point_estimate":446.639629729749,"standard_error":0.07483868280856792},"Median":{"confidence_interval":{"confidence_level":0.95,"lower_bound":446.41171946801387,"upper_bound":446.71972029771706},"point_estimate":446.54714161077004,"standard_error":0.07495283693923639},"MedianAbsDev":{"confidence_interval":{"confidence_level":0.95,"lower_bound":0.17965467363771453,"upper_bound":0.45054750476422417},"point_estimate":0.37994146779965826,"standard_error":0.07126222505408424},"Slope":{"confidence_interval":{"confidence_level":0.95,"lower_bound":446.5531997779566,"upper_bound":446.80436813250293},"point_estimate":446.6676663975043,"standard_error":0.06401797620061199},"StdDev":{"confidence_interval":{"confidence_level":0.95,"lower_bound":0.23483123147044208,"upper_bound":0.5571595689519031},"point_estimate":0.41554630248656715,"standard_error":0.08386431748977058}}