{"Mean":{"confidence_interval":{"confidence_level":0.95,"lower_bound":1530593.7116088313,"upper_bound":1534031.8409261394},"point_estimate":1531900.7052193515,"standard_error":950.1870465188831},"Median":{"confidence_interval":{"confidence_level":0.95,"lower_bound":1530340.5751633989,"upper_bound":1532046.4832142857},"point_estimate":1531119.5804945054,"standard_error":472.78981706230473},"MedianAbsDev":{"confidence_interval":{"confidence_level":0.95,"lower_bound":933.5394269835999,"upper_bound":2272.1332008152744},"point_estimate":1816.153876603277,"standard_error":347.1559418892062},"Slope":{"confidence_interval":{"confidence_level":0.95,"lower_bound":1530537.3767721695,"upper_bound":1531539.1870900365},"point_estimate":1531046.1767923245,"standard_error":255.74044753383956},"StdDev":{"confidence_interval":{"confidence_level":0.95,"lower_bound":1172.7358213771881,"upper_bound":8765.31320018223},"point_estimate":5308.847385066234,"standard_error":2596.1759110406406}}