{"Mean":{"confidence_interval":{"confidence_level":0.95,"lower_bound":6870606.082549364,"upper_bound":6889822.135346025},"point_estimate":6880149.582590383,"standard_error":4917.229809282456},"Median":{"confidence_interval":{"confidence_level":0.95,"lower_bound":6857926.166666666,"upper_bound":6898105.997015915},"point_estimate":6883605.338235294,"standard_error":13250.314825581328},"MedianAbsDev":{"confidence_interval":{"confidence_level":0.95,"lower_bound":13029.388458226704,"upper_bound":43908.24015880628},"point_estimate":37497.31763201685,"standard_error":7785.251452878342},"Slope":{"confidence_interval":{"confidence_level":0.95,"lower_bound":6889374.239313518,"upper_bound":6900651.673818027},"point_estimate":6895834.6013749335,"standard_error":2860.1679738374332},"StdDev":{"confidence_interval":{"confidence_level":0.95,"lower_bound":22623.936278849225,"upper_bound":31259.17673980306},"point_estimate":27463.74592148021,"standard_error":2209.7943118869844}}