{"Mean":{"confidence_interval":{"confidence_level":0.95,"lower_bound":15644880.087732714,"upper_bound":15726141.636412207},"point_estimate":15685866.995995214,"standard_error":20687.348244033758},"Median":{"confidence_interval":{"confidence_level":0.95,"lower_bound":15637563.017857142,"upper_bound":15699932.048181819},"point_estimate":15663959.071929824,"standard_error":16713.23135382406},"MedianAbsDev":{"confidence_interval":{"confidence_level":0.95,"lower_bound":37966.99986056774,"upper_bound":118157.42586710681},"point_estimate":68217.13079569701,"standard_error":21637.907819669657},"Slope":{"confidence_interval":{"confidence_level":0.95,"lower_bound":15649482.329819873,"upper_bound":15715790.713757861},"point_estimate":15680186.91961925,"standard_error":17032.48066454334},"StdDev":{"confidence_interval":{"confidence_level":0.95,"lower_bound":74132.22126830823,"upper_bound":151117.28640391398},"point_estimate":115517.18018654796,"standard_error":19864.81794484032}}