{"Mean":{"confidence_interval":{"confidence_level":0.95,"lower_bound":17591.276333947717,"upper_bound":17658.83243004534},"point_estimate":17618.236695737938,"standard_error":17.900997351766136},"Median":{"confidence_interval":{"confidence_level":0.95,"lower_bound":17582.44500688705,"upper_bound":17592.68266973361},"point_estimate":17586.256444654882,"standard_error":2.464194734442448},"MedianAbsDev":{"confidence_interval":{"confidence_level":0.95,"lower_bound":3.7303179118481653,"upper_bound":16.975880608423285},"point_estimate":8.426595192247488,"standard_error":3.2318803735263852},"Slope":{"confidence_interval":{"confidence_level":0.95,"lower_bound":17587.65790642231,"upper_bound":17639.399531411967},"point_estimate":17610.703373089582,"standard_error":13.05200860357897},"StdDev":{"confidence_interval":{"confidence_level":0.95,"lower_bound":18.772299487416532,"upper_bound":157.576047252471},"point_estimate":99.38093999207179,"standard_error":41.76803145555044}}