{"Mean":{"confidence_interval":{"confidence_level":0.95,"lower_bound":1637705.747016566,"upper_bound":1641087.2465923636},"point_estimate":1639604.9616949318,"standard_error":869.053750205101},"Median":{"confidence_interval":{"confidence_level":0.95,"lower_bound":1638719.5285714285,"upper_bound":1641442.2248677248},"point_estimate":1639430.255952381,"standard_error":816.8814762206111},"MedianAbsDev":{"confidence_interval":{"confidence_level":0.95,"lower_bound":1098.1379210923635,"upper_bound":3604.869218857959},"point_estimate":2972.380975801038,"standard_error":588.9545762709806},"Slope":{"confidence_interval":{"confidence_level":0.95,"lower_bound":1634895.9054823616,"upper_bound":1641542.6530862744},"point_estimate":1638986.0158948402,"standard_error":1826.7781656161194},"StdDev":{"confidence_interval":{"confidence_level":0.95,"lower_bound":1918.9106989653153,"upper_bound":7539.0509995110615},"point_estimate":4852.4548616004895,"standard_error":1638.4930354881528}}