{"Mean":{"confidence_interval":{"confidence_level":0.95,"lower_bound":467.6484852325789,"upper_bound":468.4149902773702},"point_estimate":467.9925175046617,"standard_error":0.19759304280842893},"Median":{"confidence_interval":{"confidence_level":0.95,"lower_bound":467.442298951429,"upper_bound":467.82005492514816},"point_estimate":467.4989635854342,"standard_error":0.11398126821671052},"MedianAbsDev":{"confidence_interval":{"confidence_level":0.95,"lower_bound":0.1416189441245365,"upper_bound":0.6880144605256056},"point_estimate":0.30812941787986203,"standard_error":0.13391428954718496},"Slope":{"confidence_interval":{"confidence_level":0.95,"lower_bound":467.52131470240323,"upper_bound":468.05672688504774},"point_estimate":467.7596964204371,"standard_error":0.13717463819821565},"StdDev":{"confidence_interval":{"confidence_level":0.95,"lower_bound":0.49499309674684716,"upper_bound":1.5612885479338134},"point_estimate":1.102229602532386,"standard_error":0.28374740320005903}}