{"Mean":{"confidence_interval":{"confidence_level":0.95,"lower_bound":570.1572766370359,"upper_bound":570.7168065991385},"point_estimate":570.4306787082515,"standard_error":0.14359974926936872},"Median":{"confidence_interval":{"confidence_level":0.95,"lower_bound":570.025335672672,"upper_bound":570.7293332427311},"point_estimate":570.2191429336862,"standard_error":0.2101250870988212},"MedianAbsDev":{"confidence_interval":{"confidence_level":0.95,"lower_bound":0.4136733067394296,"upper_bound":1.1621137558740424},"point_estimate":0.8304395902811565,"standard_error":0.18661340141270505},"Slope":{"confidence_interval":{"confidence_level":0.95,"lower_bound":570.2227586895251,"upper_bound":571.0801613740564},"point_estimate":570.6655306677314,"standard_error":0.21977435917181543},"StdDev":{"confidence_interval":{"confidence_level":0.95,"lower_bound":0.6029034398934006,"upper_bound":0.9420848294485823},"point_estimate":0.7974425954722811,"standard_error":0.08660521341377313}}