{"Mean":{"confidence_interval":{"confidence_level":0.95,"lower_bound":718919.8528373746,"upper_bound":719278.2659829949},"point_estimate":719098.2090515879,"standard_error":91.6507038642409},"Median":{"confidence_interval":{"confidence_level":0.95,"lower_bound":718958.9042386184,"upper_bound":719283.3716666666},"point_estimate":719069.012605042,"standard_error":83.78229591416076},"MedianAbsDev":{"confidence_interval":{"confidence_level":0.95,"lower_bound":188.57133593792557,"upper_bound":919.6039168902109},"point_estimate":655.5529140967881,"standard_error":186.80953358324913},"Slope":{"confidence_interval":{"confidence_level":0.95,"lower_bound":719240.1928373821,"upper_bound":719586.5434675445},"point_estimate":719441.3045025308,"standard_error":88.21095404002034},"StdDev":{"confidence_interval":{"confidence_level":0.95,"lower_bound":408.8438001245446,"upper_bound":586.0904126997929},"point_estimate":512.0347176054877,"standard_error":45.17765809156878}}