{"Mean":{"confidence_interval":{"confidence_level":0.95,"lower_bound":996.7809363811753,"upper_bound":998.0483342469481},"point_estimate":997.4115536146702,"standard_error":0.32505593310916564},"Median":{"confidence_interval":{"confidence_level":0.95,"lower_bound":996.5676182055493,"upper_bound":998.1026142402955},"point_estimate":997.5240586456619,"standard_error":0.4597215713535098},"MedianAbsDev":{"confidence_interval":{"confidence_level":0.95,"lower_bound":1.0602297749341243,"upper_bound":2.822939729891813},"point_estimate":1.9041698979641268,"standard_error":0.4410334621692656},"Slope":{"confidence_interval":{"confidence_level":0.95,"lower_bound":996.6080252682744,"upper_bound":998.1480077352975},"point_estimate":997.2923483216967,"standard_error":0.39713583274101105},"StdDev":{"confidence_interval":{"confidence_level":0.95,"lower_bound":1.3854752862324964,"upper_bound":2.1468476034188213},"point_estimate":1.8156200374406894,"standard_error":0.19410579146843063}}