{"Mean":{"confidence_interval":{"confidence_level":0.95,"lower_bound":8134044.808382821,"upper_bound":8170427.48327224},"point_estimate":8152011.890522523,"standard_error":9242.013302992178},"Median":{"confidence_interval":{"confidence_level":0.95,"lower_bound":8127962.079545455,"upper_bound":8172702.383333333},"point_estimate":8153286.485789474,"standard_error":12934.513097595038},"MedianAbsDev":{"confidence_interval":{"confidence_level":0.95,"lower_bound":26768.433128098768,"upper_bound":74367.51119971303},"point_estimate":44281.61307031861,"standard_error":12098.186357077331},"Slope":{"confidence_interval":{"confidence_level":0.95,"lower_bound":8145000.127104572,"upper_bound":8170113.314274239},"point_estimate":8157399.422104706,"standard_error":6394.2314984181885},"StdDev":{"confidence_interval":{"confidence_level":0.95,"lower_bound":37911.02537319572,"upper_bound":62890.84388283195},"point_estimate":51577.5786580698,"standard_error":6396.812622727155}}