{"Mean":{"confidence_interval":{"confidence_level":0.95,"lower_bound":58807.97945101357,"upper_bound":58839.43315731967},"point_estimate":58822.7641548068,"standard_error":8.092560929519104},"Median":{"confidence_interval":{"confidence_level":0.95,"lower_bound":58796.098232848235,"upper_bound":58820.17314189189},"point_estimate":58809.27252252252,"standard_error":6.17179559737827},"MedianAbsDev":{"confidence_interval":{"confidence_level":0.95,"lower_bound":15.436351111299457,"upper_bound":43.13761833735038},"point_estimate":26.614034860457423,"standard_error":7.138639088692853},"Slope":{"confidence_interval":{"confidence_level":0.95,"lower_bound":58810.18033309766,"upper_bound":58866.37015661525},"point_estimate":58839.98853673875,"standard_error":14.563769631419355},"StdDev":{"confidence_interval":{"confidence_level":0.95,"lower_bound":28.716851443430418,"upper_bound":54.9056734456679},"point_estimate":45.020940074269326,"standard_error":6.669677300779549}}