{"Mean":{"confidence_interval":{"confidence_level":0.95,"lower_bound":1078.003600026261,"upper_bound":1080.030663577245},"point_estimate":1078.9495228499118,"standard_error":0.5185811724850924},"Median":{"confidence_interval":{"confidence_level":0.95,"lower_bound":1077.4366921298624,"upper_bound":1079.1887701440023},"point_estimate":1077.9913560365594,"standard_error":0.559457089801698},"MedianAbsDev":{"confidence_interval":{"confidence_level":0.95,"lower_bound":1.1626131978313783,"upper_bound":3.558439623627648},"point_estimate":1.8745963902698557,"standard_error":0.6202597527531744},"Slope":{"confidence_interval":{"confidence_level":0.95,"lower_bound":1077.0416491988549,"upper_bound":1079.4986017616845},"point_estimate":1078.1133484844627,"standard_error":0.6299892847373649},"StdDev":{"confidence_interval":{"confidence_level":0.95,"lower_bound":1.7945074158466348,"upper_bound":3.8857027640479505},"point_estimate":2.892482570867043,"standard_error":0.5646965620425298}}