{"Mean":{"confidence_interval":{"confidence_level":0.95,"lower_bound":428.8829049107747,"upper_bound":429.0690426016596},"point_estimate":428.96512688878244,"standard_error":0.047599345270128025},"Median":{"confidence_interval":{"confidence_level":0.95,"lower_bound":428.8647158156817,"upper_bound":428.88553515599017},"point_estimate":428.8740217674961,"standard_error":0.006196017611271074},"MedianAbsDev":{"confidence_interval":{"confidence_level":0.95,"lower_bound":0.013298751709623309,"upper_bound":0.042891154696581245},"point_estimate":0.02645858042155742,"standard_error":0.008504583228806446},"Slope":{"confidence_interval":{"confidence_level":0.95,"lower_bound":428.89648449407497,"upper_bound":429.16567870420465},"point_estimate":429.016048357284,"standard_error":0.0697786381107817},"StdDev":{"confidence_interval":{"confidence_level":0.95,"lower_bound":0.048669782735715234,"upper_bound":0.3792342371495015},"point_estimate":0.2650369985839371,"standard_error":0.07800108655015045}}