{"Mean":{"confidence_interval":{"confidence_level":0.95,"lower_bound":417.99347750726497,"upper_bound":418.3283957567012},"point_estimate":418.1427695019319,"standard_error":0.08614513947578997},"Median":{"confidence_interval":{"confidence_level":0.95,"lower_bound":417.99741484238723,"upper_bound":418.1351204608259},"point_estimate":418.0671283887392,"standard_error":0.03955903828302811},"MedianAbsDev":{"confidence_interval":{"confidence_level":0.95,"lower_bound":0.0989225705396938,"upper_bound":0.39199533967893135},"point_estimate":0.2768611576991332,"standard_error":0.07310286289270465},"Slope":{"confidence_interval":{"confidence_level":0.95,"lower_bound":417.9398601675017,"upper_bound":418.1950399811883},"point_estimate":418.0704658346057,"standard_error":0.06472745684728409},"StdDev":{"confidence_interval":{"confidence_level":0.95,"lower_bound":0.22327171342587848,"upper_bound":0.7176825001131029},"point_estimate":0.4826105791710392,"standard_error":0.14217578596871108}}