{"Mean":{"confidence_interval":{"confidence_level":0.95,"lower_bound":413.2413834386434,"upper_bound":414.4145049236418},"point_estimate":413.6692102252509,"standard_error":0.3356654342041685},"Median":{"confidence_interval":{"confidence_level":0.95,"lower_bound":413.1657707866806,"upper_bound":413.19325345008576},"point_estimate":413.1693102916363,"standard_error":0.019071661110274446},"MedianAbsDev":{"confidence_interval":{"confidence_level":0.95,"lower_bound":0.011769287907741968,"upper_bound":0.06448706150481856},"point_estimate":0.02058874481007821,"standard_error":0.02837613791690281},"Slope":{"confidence_interval":{"confidence_level":0.95,"lower_bound":413.19278003622554,"upper_bound":413.3501400662111},"point_estimate":413.2565294899709,"standard_error":0.040431344289484396},"StdDev":{"confidence_interval":{"confidence_level":0.95,"lower_bound":0.1715034042928137,"upper_bound":3.0860931807434695},"point_estimate":1.8648086817521357,"standard_error":0.9770034828906561}}