{"Mean":{"confidence_interval":{"confidence_level":0.95,"lower_bound":145588.70709356805,"upper_bound":145798.97288724908},"point_estimate":145678.94288734757,"standard_error":54.2998634681993},"Median":{"confidence_interval":{"confidence_level":0.95,"lower_bound":145528.64316239316,"upper_bound":145689.270342312},"point_estimate":145621.52663125508,"standard_error":39.14070949005938},"MedianAbsDev":{"confidence_interval":{"confidence_level":0.95,"lower_bound":101.88875283853807,"upper_bound":277.470398948001},"point_estimate":208.86336954368855,"standard_error":45.760300505184404},"Slope":{"confidence_interval":{"confidence_level":0.95,"lower_bound":145651.7780054263,"upper_bound":146040.46411342177},"point_estimate":145805.48143037994,"standard_error":105.96688352192437},"StdDev":{"confidence_interval":{"confidence_level":0.95,"lower_bound":137.61694333950763,"upper_bound":460.2560554374292},"point_estimate":302.9498441405151,"standard_error":99.23209024071507}}