{"Mean":{"confidence_interval":{"confidence_level":0.95,"lower_bound":28418517.36971531,"upper_bound":28475347.976739645},"point_estimate":28446289.4363032,"standard_error":14512.651242576012},"Median":{"confidence_interval":{"confidence_level":0.95,"lower_bound":28384997.192307692,"upper_bound":28476053.692307692},"point_estimate":28419936.298319325,"standard_error":26098.06902987523},"MedianAbsDev":{"confidence_interval":{"confidence_level":0.95,"lower_bound":28737.060073450208,"upper_bound":123411.52652223172},"point_estimate":66000.81749363545,"standard_error":26467.18090464482},"Slope":{"confidence_interval":{"confidence_level":0.95,"lower_bound":28388559.612483494,"upper_bound":28422106.80571967},"point_estimate":28403578.67244844,"standard_error":8602.056431118182},"StdDev":{"confidence_interval":{"confidence_level":0.95,"lower_bound":62967.65388214768,"upper_bound":92276.94862330942},"point_estimate":80770.07948252404,"standard_error":7453.9612959921005}}