{"Mean":{"confidence_interval":{"confidence_level":0.95,"lower_bound":424.86840065652,"upper_bound":426.2511419078747},"point_estimate":425.52650805201955,"standard_error":0.35301110199280566},"Median":{"confidence_interval":{"confidence_level":0.95,"lower_bound":424.17393186049503,"upper_bound":425.51179578516496},"point_estimate":424.98151276434703,"standard_error":0.3461863110337782},"MedianAbsDev":{"confidence_interval":{"confidence_level":0.95,"lower_bound":0.7311572675293762,"upper_bound":2.426000676508496},"point_estimate":1.5924584462318678,"standard_error":0.4405905929696114},"Slope":{"confidence_interval":{"confidence_level":0.95,"lower_bound":424.6990525130987,"upper_bound":426.10085558151667},"point_estimate":425.3775253772915,"standard_error":0.3600356297436014},"StdDev":{"confidence_interval":{"confidence_level":0.95,"lower_bound":1.3316224415336189,"upper_bound":2.4092513142103518},"point_estimate":1.96855636847706,"standard_error":0.27425184536330144}}