{"Mean":{"confidence_interval":{"confidence_level":0.95,"lower_bound":144401.38256417713,"upper_bound":144646.88544604575},"point_estimate":144513.93666128404,"standard_error":63.018595618957434},"Median":{"confidence_interval":{"confidence_level":0.95,"lower_bound":144400.0783253205,"upper_bound":144525.0904947917},"point_estimate":144492.5329757771,"standard_error":36.31446531426031},"MedianAbsDev":{"confidence_interval":{"confidence_level":0.95,"lower_bound":84.01612972965957,"upper_bound":342.04579720872795},"point_estimate":250.7119025802168,"standard_error":70.12082415279644},"Slope":{"confidence_interval":{"confidence_level":0.95,"lower_bound":144460.02741583646,"upper_bound":144594.55342538538},"point_estimate":144530.4370356293,"standard_error":34.193882185322174},"StdDev":{"confidence_interval":{"confidence_level":0.95,"lower_bound":176.7130560964018,"upper_bound":514.5169040408075},"point_estimate":350.8521480527616,"standard_error":94.09437275508432}}