{"Mean":{"confidence_interval":{"confidence_level":0.95,"lower_bound":0.005277566913426695,"upper_bound":0.01186572397207538},"point_estimate":0.008554722518666624,"standard_error":0.0016654299223276803},"Median":{"confidence_interval":{"confidence_level":0.95,"lower_bound":0.006871201362311785,"upper_bound":0.011220948083941806},"point_estimate":0.008250521437042746,"standard_error":0.0009063064561629359}}