{"Mean":{"confidence_interval":{"confidence_level":0.95,"lower_bound":8562281.467422662,"upper_bound":8573571.586662734},"point_estimate":8567336.909046894,"standard_error":2886.3491597597354},"Median":{"confidence_interval":{"confidence_level":0.95,"lower_bound":8560346.52455357,"upper_bound":8568057.037037037},"point_estimate":8565562.240909092,"standard_error":1920.699356156349},"MedianAbsDev":{"confidence_interval":{"confidence_level":0.95,"lower_bound":4304.6147398291005,"upper_bound":15296.975417173295},"point_estimate":11647.86861716678,"standard_error":2900.8890284694976},"Slope":{"confidence_interval":{"confidence_level":0.95,"lower_bound":8557411.344252748,"upper_bound":8564639.480744734},"point_estimate":8561022.344791116,"standard_error":1853.7628034535317},"StdDev":{"confidence_interval":{"confidence_level":0.95,"lower_bound":7865.443880145408,"upper_bound":23162.023657598304},"point_estimate":16072.894343727115,"standard_error":4208.783943520139}}