{"Mean":{"confidence_interval":{"confidence_level":0.95,"lower_bound":35862.47300431684,"upper_bound":35946.34957031162},"point_estimate":35898.34661561135,"standard_error":21.71864526023636},"Median":{"confidence_interval":{"confidence_level":0.95,"lower_bound":35846.72986492674,"upper_bound":35880.10815253123},"point_estimate":35862.123992832974,"standard_error":9.985565960797775},"MedianAbsDev":{"confidence_interval":{"confidence_level":0.95,"lower_bound":18.2011190411802,"upper_bound":60.54015231462293},"point_estimate":33.52083955956514,"standard_error":10.022417659088633},"Slope":{"confidence_interval":{"confidence_level":0.95,"lower_bound":35843.379653568605,"upper_bound":35917.04616441779},"point_estimate":35868.24751454257,"standard_error":20.158493458540516},"StdDev":{"confidence_interval":{"confidence_level":0.95,"lower_bound":34.42476218778675,"upper_bound":180.57942171987116},"point_estimate":120.89217591927196,"standard_error":38.637740282509355}}