{"Mean":{"confidence_interval":{"confidence_level":0.95,"lower_bound":453868.8727117477,"upper_bound":454173.26549682295},"point_estimate":454005.8813028653,"standard_error":78.2799232454134},"Median":{"confidence_interval":{"confidence_level":0.95,"lower_bound":453704.6460784314,"upper_bound":454175.2968002015},"point_estimate":453912.28095238097,"standard_error":140.62858077948377},"MedianAbsDev":{"confidence_interval":{"confidence_level":0.95,"lower_bound":100.89616552904096,"upper_bound":481.6072355673847},"point_estimate":367.31598573473303,"standard_error":101.41069929150392},"Slope":{"confidence_interval":{"confidence_level":0.95,"lower_bound":453914.248581757,"upper_bound":454171.16415085207},"point_estimate":454057.47362191835,"standard_error":65.70428644957238},"StdDev":{"confidence_interval":{"confidence_level":0.95,"lower_bound":251.04846035815498,"upper_bound":634.4766701166421},"point_estimate":436.73726806220964,"standard_error":116.98268510843747}}