{"Mean":{"confidence_interval":{"confidence_level":0.95,"lower_bound":809.4724677608491,"upper_bound":818.4971026904412},"point_estimate":813.713529008033,"standard_error":2.3153250690157523},"Median":{"confidence_interval":{"confidence_level":0.95,"lower_bound":806.2569537106758,"upper_bound":808.0508735602333},"point_estimate":806.8062062372426,"standard_error":1.2586653833048975},"MedianAbsDev":{"confidence_interval":{"confidence_level":0.95,"lower_bound":0.8846689834481266,"upper_bound":4.06942276667057},"point_estimate":1.7673289145014488,"standard_error":1.5930430164513731},"Slope":{"confidence_interval":{"confidence_level":0.95,"lower_bound":806.4293732180013,"upper_bound":808.3085449825733},"point_estimate":807.1668277531973,"standard_error":0.4827697346205464},"StdDev":{"confidence_interval":{"confidence_level":0.95,"lower_bound":8.334552862341827,"upper_bound":16.104855206429654},"point_estimate":12.876171366982934,"standard_error":1.978487799320269}}