{"Mean":{"confidence_interval":{"confidence_level":0.95,"lower_bound":459.19029822202737,"upper_bound":461.20452994709296},"point_estimate":460.17207551814494,"standard_error":0.5159125897902056},"Median":{"confidence_interval":{"confidence_level":0.95,"lower_bound":458.2303660542912,"upper_bound":460.5737002600726},"point_estimate":460.19163842449643,"standard_error":0.6046916665855229},"MedianAbsDev":{"confidence_interval":{"confidence_level":0.95,"lower_bound":0.8787004264492719,"upper_bound":5.078525669192064},"point_estimate":3.2289748680175445,"standard_error":1.0706538152080556},"Slope":{"confidence_interval":{"confidence_level":0.95,"lower_bound":457.9813376987446,"upper_bound":459.4184096824778},"point_estimate":458.6798067915288,"standard_error":0.36802439206046705},"StdDev":{"confidence_interval":{"confidence_level":0.95,"lower_bound":2.1270389352075947,"upper_bound":3.3589116651503725},"point_estimate":2.863749879414056,"standard_error":0.31332396803915513}}