{"Mean":{"confidence_interval":{"confidence_level":0.95,"lower_bound":433.90470619031225,"upper_bound":435.3212585949824},"point_estimate":434.57562417013486,"standard_error":0.3616998749067154},"Median":{"confidence_interval":{"confidence_level":0.95,"lower_bound":433.1803518892746,"upper_bound":435.72687773114325},"point_estimate":434.6063818903863,"standard_error":0.7133715348568882},"MedianAbsDev":{"confidence_interval":{"confidence_level":0.95,"lower_bound":0.680075945309732,"upper_bound":2.6641581345687735},"point_estimate":1.9835571391567792,"standard_error":0.5349243018159587},"Slope":{"confidence_interval":{"confidence_level":0.95,"lower_bound":433.4513028253304,"upper_bound":434.70523120298486},"point_estimate":434.083179824431,"standard_error":0.32199821694109515},"StdDev":{"confidence_interval":{"confidence_level":0.95,"lower_bound":1.4061977902597915,"upper_bound":2.65958828897172},"point_estimate":2.0121115916773946,"standard_error":0.3479031637569096}}