{"Mean":{"confidence_interval":{"confidence_level":0.95,"lower_bound":1204633.934203888,"upper_bound":1206245.5480138802},"point_estimate":1205314.2235259812,"standard_error":419.7480347949296},"Median":{"confidence_interval":{"confidence_level":0.95,"lower_bound":1204681.212393803,"upper_bound":1205163.1743209877},"point_estimate":1204809.652777778,"standard_error":156.9400509987334},"MedianAbsDev":{"confidence_interval":{"confidence_level":0.95,"lower_bound":389.2887273691634,"upper_bound":1690.9268912301388},"point_estimate":931.0336593042699,"standard_error":325.49844473202137},"Slope":{"confidence_interval":{"confidence_level":0.95,"lower_bound":1204445.827391295,"upper_bound":1205318.3348029163},"point_estimate":1204834.780868441,"standard_error":222.50213174413486},"StdDev":{"confidence_interval":{"confidence_level":0.95,"lower_bound":883.689395884693,"upper_bound":3651.9829911373968},"point_estimate":2337.0820266063674,"standard_error":853.8770952991308}}