{"Mean":{"confidence_interval":{"confidence_level":0.95,"lower_bound":40949428.450891115,"upper_bound":41279449.13323734},"point_estimate":41114052.8553184,"standard_error":83674.72413751944},"Median":{"confidence_interval":{"confidence_level":0.95,"lower_bound":40997937.3125,"upper_bound":41254151.51599327},"point_estimate":41101067.60285714,"standard_error":63320.24665750425},"MedianAbsDev":{"confidence_interval":{"confidence_level":0.95,"lower_bound":175664.77989105784,"upper_bound":425148.0611774607},"point_estimate":297668.94929588377,"standard_error":61742.70737734608},"Slope":{"confidence_interval":{"confidence_level":0.95,"lower_bound":41048410.21801885,"upper_bound":41240917.80902048},"point_estimate":41143698.31602327,"standard_error":49083.105492073155},"StdDev":{"confidence_interval":{"confidence_level":0.95,"lower_bound":246236.2969638927,"upper_bound":635429.6256204027},"point_estimate":465498.32013302157,"standard_error":98062.00701106351}}