{"Mean":{"confidence_interval":{"confidence_level":0.95,"lower_bound":548422.1691129159,"upper_bound":549886.3052957454},"point_estimate":549148.4629675514,"standard_error":372.69183888573764},"Median":{"confidence_interval":{"confidence_level":0.95,"lower_bound":547431.7190789473,"upper_bound":551312.4617515448},"point_estimate":547768.1552631579,"standard_error":1442.7006978158286},"MedianAbsDev":{"confidence_interval":{"confidence_level":0.95,"lower_bound":395.250878824916,"upper_bound":3054.3167445450586},"point_estimate":1232.2077457757537,"standard_error":787.3328970028176},"Slope":{"confidence_interval":{"confidence_level":0.95,"lower_bound":549911.4043111069,"upper_bound":551089.156281317},"point_estimate":550637.8489521,"standard_error":302.8255883884329},"StdDev":{"confidence_interval":{"confidence_level":0.95,"lower_bound":1836.6211040041317,"upper_bound":2164.2332432583366},"point_estimate":2077.8120559580593,"standard_error":83.04483340046143}}