{"Mean":{"confidence_interval":{"confidence_level":0.95,"lower_bound":394100.4925783672,"upper_bound":394765.5939474795},"point_estimate":394382.27878519206,"standard_error":171.30926465573816},"Median":{"confidence_interval":{"confidence_level":0.95,"lower_bound":394209.4636127355,"upper_bound":394463.71524422977},"point_estimate":394374.0728114478,"standard_error":78.33133809424916},"MedianAbsDev":{"confidence_interval":{"confidence_level":0.95,"lower_bound":161.97267434661356,"upper_bound":475.774568220041},"point_estimate":263.1279920580364,"standard_error":81.74936536360985},"Slope":{"confidence_interval":{"confidence_level":0.95,"lower_bound":394358.4128080586,"upper_bound":395183.17519904865},"point_estimate":394659.4199385001,"standard_error":226.36771270982157},"StdDev":{"confidence_interval":{"confidence_level":0.95,"lower_bound":313.1444455609595,"upper_bound":1519.3611238745564},"point_estimate":952.672004939157,"standard_error":358.7373075793081}}