{"Mean":{"confidence_interval":{"confidence_level":0.95,"lower_bound":-0.01147709386037137,"upper_bound":-0.0005610535308825329},"point_estimate":-0.005907271369902101,"standard_error":0.002792387460491302},"Median":{"confidence_interval":{"confidence_level":0.95,"lower_bound":-0.010288874982401941,"upper_bound":-0.0001918499710890087},"point_estimate":-0.00416122175270861,"standard_error":0.0028559160274744463}}