{"Mean":{"confidence_interval":{"confidence_level":0.95,"lower_bound":87554.31306724543,"upper_bound":87674.73809072452},"point_estimate":87605.8150879463,"standard_error":31.208359032462766},"Median":{"confidence_interval":{"confidence_level":0.95,"lower_bound":87527.11232876712,"upper_bound":87581.72972385302},"point_estimate":87543.85741326152,"standard_error":16.927919095365773},"MedianAbsDev":{"confidence_interval":{"confidence_level":0.95,"lower_bound":26.86291267379191,"upper_bound":102.9047367575472},"point_estimate":49.70480287357406,"standard_error":20.26584282688965},"Slope":{"confidence_interval":{"confidence_level":0.95,"lower_bound":87521.7526983712,"upper_bound":87554.86702743947},"point_estimate":87537.80728468666,"standard_error":8.400203765270188},"StdDev":{"confidence_interval":{"confidence_level":0.95,"lower_bound":60.59226151884434,"upper_bound":262.0594097830577},"point_estimate":173.4133022069566,"standard_error":57.28226443267158}}