{"Mean":{"confidence_interval":{"confidence_level":0.95,"lower_bound":22279444.749495775,"upper_bound":22293506.724833976},"point_estimate":22286680.355753176,"standard_error":3609.0552934587326},"Median":{"confidence_interval":{"confidence_level":0.95,"lower_bound":22280669.044973545,"upper_bound":22300620.379411764},"point_estimate":22291168.066666666,"standard_error":4958.170616750226},"MedianAbsDev":{"confidence_interval":{"confidence_level":0.95,"lower_bound":11687.272191850385,"upper_bound":32896.12236597656},"point_estimate":22274.42315455112,"standard_error":5244.931548497414},"Slope":{"confidence_interval":{"confidence_level":0.95,"lower_bound":22291387.43989182,"upper_bound":22302974.85992213},"point_estimate":22297873.884611316,"standard_error":2960.709476811218},"StdDev":{"confidence_interval":{"confidence_level":0.95,"lower_bound":15373.486306420684,"upper_bound":23351.946148624505},"point_estimate":20148.50182498618,"standard_error":2036.9501685648852}}