{"Mean":{"confidence_interval":{"confidence_level":0.95,"lower_bound":115185.70324167974,"upper_bound":115859.694248264},"point_estimate":115501.84304577444,"standard_error":172.63602771708952},"Median":{"confidence_interval":{"confidence_level":0.95,"lower_bound":115027.36480279945,"upper_bound":115669.35335917312},"point_estimate":115346.81870801034,"standard_error":203.74186222739954},"MedianAbsDev":{"confidence_interval":{"confidence_level":0.95,"lower_bound":444.0211406286677,"upper_bound":1049.7112128906856},"point_estimate":829.7580551522386,"standard_error":158.89406195777656},"Slope":{"confidence_interval":{"confidence_level":0.95,"lower_bound":114919.73898534416,"upper_bound":115296.71664007453},"point_estimate":115102.32701782003,"standard_error":95.50195045365349},"StdDev":{"confidence_interval":{"confidence_level":0.95,"lower_bound":562.4743560827042,"upper_bound":1287.0131118158445},"point_estimate":956.2867220068106,"standard_error":190.4277005642097}}