{"Mean":{"confidence_interval":{"confidence_level":0.95,"lower_bound":4818344.889787785,"upper_bound":4824358.505384626},"point_estimate":4821280.688366425,"standard_error":1538.919142619956},"Median":{"confidence_interval":{"confidence_level":0.95,"lower_bound":4814609.986928104,"upper_bound":4826504.222222222},"point_estimate":4818652.363636363,"standard_error":3142.504634858796},"MedianAbsDev":{"confidence_interval":{"confidence_level":0.95,"lower_bound":3928.2822165338816,"upper_bound":13656.735942127236},"point_estimate":9901.171134825137,"standard_error":2584.7732311227246},"Slope":{"confidence_interval":{"confidence_level":0.95,"lower_bound":4817194.302166649,"upper_bound":4825100.231748813},"point_estimate":4821155.190622246,"standard_error":2027.6319442818433},"StdDev":{"confidence_interval":{"confidence_level":0.95,"lower_bound":6853.427231080308,"upper_bound":9696.4987966564},"point_estimate":8561.260609671412,"standard_error":723.7287479274926}}