{"Mean":{"confidence_interval":{"confidence_level":0.95,"lower_bound":1367096.3760769612,"upper_bound":1368774.5836126106},"point_estimate":1367982.9263436121,"standard_error":427.8594723297435},"Median":{"confidence_interval":{"confidence_level":0.95,"lower_bound":1367599.261904762,"upper_bound":1368916.0555555555},"point_estimate":1368336.0407763533,"standard_error":270.6335003890973},"MedianAbsDev":{"confidence_interval":{"confidence_level":0.95,"lower_bound":852.674409526455,"upper_bound":2337.822601232014},"point_estimate":1574.5311001714113,"standard_error":394.34844974461976},"Slope":{"confidence_interval":{"confidence_level":0.95,"lower_bound":1368423.854487314,"upper_bound":1369558.3332345735},"point_estimate":1368963.9679138022,"standard_error":289.70563410327037},"StdDev":{"confidence_interval":{"confidence_level":0.95,"lower_bound":1323.2628397687527,"upper_bound":3286.3056594773025},"point_estimate":2392.773255074735,"standard_error":518.7383670056026}}