{"Mean":{"confidence_interval":{"confidence_level":0.95,"lower_bound":687833.3818048048,"upper_bound":688057.5948238218},"point_estimate":687933.3164606154,"standard_error":57.612479824632885},"Median":{"confidence_interval":{"confidence_level":0.95,"lower_bound":687805.182391443,"upper_bound":687956.6302083333},"point_estimate":687862.3401041667,"standard_error":42.479211593730916},"MedianAbsDev":{"confidence_interval":{"confidence_level":0.95,"lower_bound":95.12715534238075,"upper_bound":264.5835487828245},"point_estimate":171.88970663580167,"standard_error":44.90538215562014},"Slope":{"confidence_interval":{"confidence_level":0.95,"lower_bound":687806.6727550001,"upper_bound":688017.6770049218},"point_estimate":687902.4876322051,"standard_error":53.91027420851462},"StdDev":{"confidence_interval":{"confidence_level":0.95,"lower_bound":148.16662439847372,"upper_bound":465.7943317274134},"point_estimate":319.86437925443,"standard_error":88.37149833963986}}