{"Mean":{"confidence_interval":{"confidence_level":0.95,"lower_bound":15080069.93030539,"upper_bound":15181215.4229042},"point_estimate":15127520.654366959,"standard_error":25802.157681558245},"Median":{"confidence_interval":{"confidence_level":0.95,"lower_bound":15056367.827586208,"upper_bound":15142291.001811594},"point_estimate":15113724.18956044,"standard_error":24668.70217265948},"MedianAbsDev":{"confidence_interval":{"confidence_level":0.95,"lower_bound":55928.42397056836,"upper_bound":156144.43201719914},"point_estimate":112631.36243197345,"standard_error":25777.876625658424},"Slope":{"confidence_interval":{"confidence_level":0.95,"lower_bound":15069809.823585158,"upper_bound":15135260.136206362},"point_estimate":15100882.114119513,"standard_error":16764.426072156828},"StdDev":{"confidence_interval":{"confidence_level":0.95,"lower_bound":84848.3610023723,"upper_bound":197068.64619305686},"point_estimate":143364.14600788092,"standard_error":30123.232224430685}}