{"Mean":{"confidence_interval":{"confidence_level":0.95,"lower_bound":28565109.140394315,"upper_bound":28589312.56429136},"point_estimate":28577896.98421596,"standard_error":6178.731562626627},"Median":{"confidence_interval":{"confidence_level":0.95,"lower_bound":28577131.76470588,"upper_bound":28596087.98269231},"point_estimate":28591556.583333336,"standard_error":4336.407106552823},"MedianAbsDev":{"confidence_interval":{"confidence_level":0.95,"lower_bound":6399.287177263654,"upper_bound":39508.85554526748},"point_estimate":19356.990524521207,"standard_error":8110.002167924588},"Slope":{"confidence_interval":{"confidence_level":0.95,"lower_bound":28589820.688517224,"upper_bound":28600559.443689704},"point_estimate":28595381.016499206,"standard_error":2733.801273069543},"StdDev":{"confidence_interval":{"confidence_level":0.95,"lower_bound":23232.383100779844,"upper_bound":42022.06864450563},"point_estimate":34413.30023835435,"standard_error":4804.4526911995745}}