{"Mean":{"confidence_interval":{"confidence_level":0.95,"lower_bound":1330.0401811556092,"upper_bound":1331.052031391676},"point_estimate":1330.5080229576013,"standard_error":0.25796395711938114},"Median":{"confidence_interval":{"confidence_level":0.95,"lower_bound":1329.939222413982,"upper_bound":1330.5929815120367},"point_estimate":1330.1730422522191,"standard_error":0.1832506390987977},"MedianAbsDev":{"confidence_interval":{"confidence_level":0.95,"lower_bound":0.4472399390520667,"upper_bound":1.2527710139376134},"point_estimate":0.769257423884089,"standard_error":0.19542987355082367},"Slope":{"confidence_interval":{"confidence_level":0.95,"lower_bound":1330.230232871758,"upper_bound":1331.2314506418434},"point_estimate":1330.7325693594803,"standard_error":0.2559671885134358},"StdDev":{"confidence_interval":{"confidence_level":0.95,"lower_bound":0.7349815836419643,"upper_bound":2.072830775161618},"point_estimate":1.4357620974326843,"standard_error":0.3633692635204299}}