{"Mean":{"confidence_interval":{"confidence_level":0.95,"lower_bound":650.3198432114922,"upper_bound":650.6117859995102},"point_estimate":650.4661649606384,"standard_error":0.07444058690406159},"Median":{"confidence_interval":{"confidence_level":0.95,"lower_bound":650.3036061203102,"upper_bound":650.6404328894873},"point_estimate":650.4002896832574,"standard_error":0.09259555676888188},"MedianAbsDev":{"confidence_interval":{"confidence_level":0.95,"lower_bound":0.20417900805307107,"upper_bound":0.5787593320601192},"point_estimate":0.39104718001538236,"standard_error":0.09587444757565715},"Slope":{"confidence_interval":{"confidence_level":0.95,"lower_bound":650.2928053954968,"upper_bound":650.5168649410095},"point_estimate":650.4007084010963,"standard_error":0.05682592019213181},"StdDev":{"confidence_interval":{"confidence_level":0.95,"lower_bound":0.29805453677693194,"upper_bound":0.5131087302225563},"point_estimate":0.41585868586074176,"standard_error":0.055120276180375995}}