{"Mean":{"confidence_interval":{"confidence_level":0.95,"lower_bound":145612.00337266552,"upper_bound":145665.67470280494},"point_estimate":145636.35881217147,"standard_error":13.777968062052103},"Median":{"confidence_interval":{"confidence_level":0.95,"lower_bound":145597.08863636362,"upper_bound":145642.4936868687},"point_estimate":145611.78772926633,"standard_error":12.646742346949218},"MedianAbsDev":{"confidence_interval":{"confidence_level":0.95,"lower_bound":26.7453009781612,"upper_bound":70.99126714873731},"point_estimate":45.711003228881026,"standard_error":11.466561308005454},"Slope":{"confidence_interval":{"confidence_level":0.95,"lower_bound":145593.811278284,"upper_bound":145635.26842501675},"point_estimate":145611.43675143825,"standard_error":10.649974373322284},"StdDev":{"confidence_interval":{"confidence_level":0.95,"lower_bound":39.36779630851162,"upper_bound":107.67288835906366},"point_estimate":77.19588476566209,"standard_error":18.16610318008061}}