{"Mean":{"confidence_interval":{"confidence_level":0.95,"lower_bound":17359512.648478497,"upper_bound":17376872.808028694},"point_estimate":17367579.090957917,"standard_error":4447.572163012556},"Median":{"confidence_interval":{"confidence_level":0.95,"lower_bound":17355149.7037037,"upper_bound":17368616.659340657},"point_estimate":17362166.514945652,"standard_error":3638.8140851359512},"MedianAbsDev":{"confidence_interval":{"confidence_level":0.95,"lower_bound":9344.593675677725,"upper_bound":25790.961819742395},"point_estimate":15679.502809056008,"standard_error":4395.936067081449},"Slope":{"confidence_interval":{"confidence_level":0.95,"lower_bound":17355544.02484263,"upper_bound":17363310.84780608},"point_estimate":17359445.912004232,"standard_error":1982.771711850888},"StdDev":{"confidence_interval":{"confidence_level":0.95,"lower_bound":13244.182738220563,"upper_bound":33134.60604505776},"point_estimate":24722.074850708952,"standard_error":5127.959300606468}}