{"Mean":{"confidence_interval":{"confidence_level":0.95,"lower_bound":0.0032528283307221074,"upper_bound":0.006435684683443795},"point_estimate":0.0047348757841712,"standard_error":0.0008021930624458921},"Median":{"confidence_interval":{"confidence_level":0.95,"lower_bound":0.003523378301282465,"upper_bound":0.005638686311210783},"point_estimate":0.0044281992051244945,"standard_error":0.000517909517463708}}