{"Mean":{"confidence_interval":{"confidence_level":0.95,"lower_bound":4047890.009593841,"upper_bound":4061629.303533689},"point_estimate":4054450.2055839445,"standard_error":3516.040145008184},"Median":{"confidence_interval":{"confidence_level":0.95,"lower_bound":4046391.244397759,"upper_bound":4059155.5692307693},"point_estimate":4052617.4341666666,"standard_error":3008.6850360611365},"MedianAbsDev":{"confidence_interval":{"confidence_level":0.95,"lower_bound":7873.553346055096,"upper_bound":25122.88306766141},"point_estimate":15930.5155960103,"standard_error":4726.69404016153},"Slope":{"confidence_interval":{"confidence_level":0.95,"lower_bound":4051010.603859056,"upper_bound":4061231.710827955},"point_estimate":4056518.0612021857,"standard_error":2606.392169701891},"StdDev":{"confidence_interval":{"confidence_level":0.95,"lower_bound":12545.666168117168,"upper_bound":25265.7553277789},"point_estimate":19426.023311053883,"standard_error":3334.2607800763003}}