{"Mean":{"confidence_interval":{"confidence_level":0.95,"lower_bound":68336.49963489566,"upper_bound":68559.55074715188},"point_estimate":68439.83066284588,"standard_error":56.84984519541628},"Median":{"confidence_interval":{"confidence_level":0.95,"lower_bound":68317.87974358974,"upper_bound":68500.81233974358},"point_estimate":68414.44686113166,"standard_error":45.87684652951505},"MedianAbsDev":{"confidence_interval":{"confidence_level":0.95,"lower_bound":128.0454563167855,"upper_bound":341.27265509504946},"point_estimate":230.30005576437475,"standard_error":59.55098043366581},"Slope":{"confidence_interval":{"confidence_level":0.95,"lower_bound":68339.21585664035,"upper_bound":68460.01349334094},"point_estimate":68401.03099804743,"standard_error":30.596900632282175},"StdDev":{"confidence_interval":{"confidence_level":0.95,"lower_bound":170.85349321472205,"upper_bound":459.2399894130795},"point_estimate":317.5483014538786,"standard_error":80.8984946813053}}