{"Mean":{"confidence_interval":{"confidence_level":0.95,"lower_bound":5642220.184902281,"upper_bound":5649569.757389121},"point_estimate":5645090.631037616,"standard_error":1974.9398238816382},"Median":{"confidence_interval":{"confidence_level":0.95,"lower_bound":5642357.839285715,"upper_bound":5644108.943438914},"point_estimate":5643390.433035715,"standard_error":500.77480176735884},"MedianAbsDev":{"confidence_interval":{"confidence_level":0.95,"lower_bound":1433.056424559083,"upper_bound":6138.609096572743},"point_estimate":2635.251608242132,"standard_error":1241.5446307576485},"Slope":{"confidence_interval":{"confidence_level":0.95,"lower_bound":5641744.662095954,"upper_bound":5643719.095441846},"point_estimate":5642785.019460603,"standard_error":501.3420755541342},"StdDev":{"confidence_interval":{"confidence_level":0.95,"lower_bound":2862.5465870877174,"upper_bound":17959.70188253013},"point_estimate":11021.326548411875,"standard_error":5012.116675036817}}