{"Mean":{"confidence_interval":{"confidence_level":0.95,"lower_bound":3413676.637907144,"upper_bound":3429853.440901788},"point_estimate":3421982.987852745,"standard_error":4130.109743358177},"Median":{"confidence_interval":{"confidence_level":0.95,"lower_bound":3417103.630643813,"upper_bound":3430896.2333333334},"point_estimate":3425296.8609022554,"standard_error":3351.5924247572752},"MedianAbsDev":{"confidence_interval":{"confidence_level":0.95,"lower_bound":8968.237736935675,"upper_bound":27299.371661067176},"point_estimate":17879.401145077278,"standard_error":4694.342086902114},"Slope":{"confidence_interval":{"confidence_level":0.95,"lower_bound":3420118.783967486,"upper_bound":3429683.8331713364},"point_estimate":3425112.0634849286,"standard_error":2429.3247467301435},"StdDev":{"confidence_interval":{"confidence_level":0.95,"lower_bound":15228.770016875347,"upper_bound":29080.432629768104},"point_estimate":23028.25257187484,"standard_error":3526.5739108143803}}