{"Mean":{"confidence_interval":{"confidence_level":0.95,"lower_bound":5266802.992925153,"upper_bound":5274322.546495758},"point_estimate":5270610.172876423,"standard_error":1911.1466390892065},"Median":{"confidence_interval":{"confidence_level":0.95,"lower_bound":5268008.6518518515,"upper_bound":5273351.160526317},"point_estimate":5270306.876456876,"standard_error":1263.7808088250608},"MedianAbsDev":{"confidence_interval":{"confidence_level":0.95,"lower_bound":3380.6450736720712,"upper_bound":11073.381155680543},"point_estimate":5403.215777442407,"standard_error":1953.5301352349468},"Slope":{"confidence_interval":{"confidence_level":0.95,"lower_bound":5268116.827620741,"upper_bound":5271780.9255955545},"point_estimate":5269870.080980081,"standard_error":933.8641783504686},"StdDev":{"confidence_interval":{"confidence_level":0.95,"lower_bound":6987.0997591850355,"upper_bound":13652.712439471723},"point_estimate":10657.584171552795,"standard_error":1705.1322954935838}}