{"Mean":{"confidence_interval":{"confidence_level":0.95,"lower_bound":586289.1049248668,"upper_bound":587943.1176439627},"point_estimate":587169.399010017,"standard_error":423.89961075162284},"Median":{"confidence_interval":{"confidence_level":0.95,"lower_bound":587006.259752322,"upper_bound":588151.4732854865},"point_estimate":587542.742872807,"standard_error":311.90070927668506},"MedianAbsDev":{"confidence_interval":{"confidence_level":0.95,"lower_bound":755.1765216043481,"upper_bound":2298.2115326804487},"point_estimate":1307.4090571617362,"standard_error":386.5199892452033},"Slope":{"confidence_interval":{"confidence_level":0.95,"lower_bound":587439.9701156863,"upper_bound":588321.4260476247},"point_estimate":587872.238976871,"standard_error":225.45758613305114},"StdDev":{"confidence_interval":{"confidence_level":0.95,"lower_bound":1325.3440200753116,"upper_bound":3123.320609726726},"point_estimate":2361.6221912223564,"standard_error":460.6632179627552}}