{"Mean":{"confidence_interval":{"confidence_level":0.95,"lower_bound":56286.24358748122,"upper_bound":56422.72279763135},"point_estimate":56346.67145469097,"standard_error":35.00912354675428},"Median":{"confidence_interval":{"confidence_level":0.95,"lower_bound":56270.88691713296,"upper_bound":56354.29837668326},"point_estimate":56302.331126947975,"standard_error":23.835728513998983},"MedianAbsDev":{"confidence_interval":{"confidence_level":0.95,"lower_bound":54.56650171296485,"upper_bound":158.12891706266456},"point_estimate":110.15796531049416,"standard_error":26.04701659432004},"Slope":{"confidence_interval":{"confidence_level":0.95,"lower_bound":56234.76175053572,"upper_bound":56295.091514116975},"point_estimate":56263.97509216318,"standard_error":15.402815194824733},"StdDev":{"confidence_interval":{"confidence_level":0.95,"lower_bound":83.96286724228467,"upper_bound":286.2909044711041},"point_estimate":195.08581702213223,"standard_error":55.82129295252589}}