{"Mean":{"confidence_interval":{"confidence_level":0.95,"lower_bound":-0.0007614024964446742,"upper_bound":-0.00011846047410700455},"point_estimate":-0.00042066613198787906,"standard_error":0.00016338317289748243},"Median":{"confidence_interval":{"confidence_level":0.95,"lower_bound":-0.0006600440625428305,"upper_bound":-0.00006168648728521742},"point_estimate":-0.0003544518366986882,"standard_error":0.0001502713835662601}}