{"Mean":{"confidence_interval":{"confidence_level":0.95,"lower_bound":350226.44054644025,"upper_bound":350637.153142844},"point_estimate":350400.7171295235,"standard_error":106.28992076470611},"Median":{"confidence_interval":{"confidence_level":0.95,"lower_bound":350176.41774193547,"upper_bound":350448.61885560676},"point_estimate":350314.66321044543,"standard_error":72.22955825816823},"MedianAbsDev":{"confidence_interval":{"confidence_level":0.95,"lower_bound":147.77835165065494,"upper_bound":419.4159177151111},"point_estimate":274.4478160952501,"standard_error":68.93309821461757},"Slope":{"confidence_interval":{"confidence_level":0.95,"lower_bound":350183.72398379986,"upper_bound":350384.6305017444},"point_estimate":350281.06950069085,"standard_error":51.47462288886198},"StdDev":{"confidence_interval":{"confidence_level":0.95,"lower_bound":229.0455173845586,"upper_bound":925.1911375525032},"point_estimate":592.6057701712625,"standard_error":211.28859171849214}}