{"Mean":{"confidence_interval":{"confidence_level":0.95,"lower_bound":12281621.907231191,"upper_bound":12346906.50059201},"point_estimate":12312333.415224334,"standard_error":16678.63752065934},"Median":{"confidence_interval":{"confidence_level":0.95,"lower_bound":12267389.59962406,"upper_bound":12330389.98181818},"point_estimate":12297141.142222222,"standard_error":18953.86631556228},"MedianAbsDev":{"confidence_interval":{"confidence_level":0.95,"lower_bound":46664.598625233324,"upper_bound":114570.56982046456},"point_estimate":71072.03346996171,"standard_error":18021.705390103394},"Slope":{"confidence_interval":{"confidence_level":0.95,"lower_bound":12271634.727043396,"upper_bound":12328218.664179593},"point_estimate":12298498.999682708,"standard_error":14572.793316847943},"StdDev":{"confidence_interval":{"confidence_level":0.95,"lower_bound":58075.450910806605,"upper_bound":122075.80809140117},"point_estimate":92767.66799576659,"standard_error":16840.786680548918}}