{"Mean":{"confidence_interval":{"confidence_level":0.95,"lower_bound":405.64161401652655,"upper_bound":405.8003686671241},"point_estimate":405.70203570506254,"standard_error":0.04240831544658589},"Median":{"confidence_interval":{"confidence_level":0.95,"lower_bound":405.64064751922217,"upper_bound":405.65544898019124},"point_estimate":405.6447515828959,"standard_error":0.004354271939462936},"MedianAbsDev":{"confidence_interval":{"confidence_level":0.95,"lower_bound":0.010581601715416703,"upper_bound":0.027678938782402143},"point_estimate":0.018041677580834442,"standard_error":0.004483718367019483},"Slope":{"confidence_interval":{"confidence_level":0.95,"lower_bound":405.64596593648974,"upper_bound":405.70818245347385},"point_estimate":405.66729898297115,"standard_error":0.016999990926689804},"StdDev":{"confidence_interval":{"confidence_level":0.95,"lower_bound":0.016204404836900846,"upper_bound":0.3773127841864507},"point_estimate":0.23602903328408278,"standard_error":0.10628613624875198}}