{"Mean":{"confidence_interval":{"confidence_level":0.95,"lower_bound":13638618.237879617,"upper_bound":13648529.389567913},"point_estimate":13643526.128260426,"standard_error":2532.918898267999},"Median":{"confidence_interval":{"confidence_level":0.95,"lower_bound":13636029.857894737,"upper_bound":13651484.300480768},"point_estimate":13643991.785714285,"standard_error":3418.826351912601},"MedianAbsDev":{"confidence_interval":{"confidence_level":0.95,"lower_bound":8746.991658345509,"upper_bound":20220.938093948436},"point_estimate":13901.26169865744,"standard_error":2883.905835024827},"Slope":{"confidence_interval":{"confidence_level":0.95,"lower_bound":13632602.573883468,"upper_bound":13643098.456752755},"point_estimate":13637620.811845584,"standard_error":2674.1285051094574},"StdDev":{"confidence_interval":{"confidence_level":0.95,"lower_bound":10502.353266127986,"upper_bound":17273.564988090202},"point_estimate":14161.34184491799,"standard_error":1741.9170265159548}}