{"Mean":{"confidence_interval":{"confidence_level":0.95,"lower_bound":56221.058106950375,"upper_bound":56340.55680841266},"point_estimate":56271.5080920807,"standard_error":30.92150729236699},"Median":{"confidence_interval":{"confidence_level":0.95,"lower_bound":56204.244306418215,"upper_bound":56262.939958592135},"point_estimate":56231.86663879598,"standard_error":14.927468260862456},"MedianAbsDev":{"confidence_interval":{"confidence_level":0.95,"lower_bound":38.4976665596124,"upper_bound":124.40268458867956},"point_estimate":88.65064469995028,"standard_error":21.713099916831258},"Slope":{"confidence_interval":{"confidence_level":0.95,"lower_bound":56185.94611851727,"upper_bound":56239.20960465044},"point_estimate":56211.86750358295,"standard_error":13.57770538198169},"StdDev":{"confidence_interval":{"confidence_level":0.95,"lower_bound":65.54075668127804,"upper_bound":265.3168437995273},"point_estimate":172.18623793990687,"standard_error":60.68514447724322}}