{"Mean":{"confidence_interval":{"confidence_level":0.95,"lower_bound":20200286.746712286,"upper_bound":20213447.26310932},"point_estimate":20206672.477311857,"standard_error":3342.093193140414},"Median":{"confidence_interval":{"confidence_level":0.95,"lower_bound":20196784.035714284,"upper_bound":20215276.15625},"point_estimate":20208109.311781608,"standard_error":5663.294965415067},"MedianAbsDev":{"confidence_interval":{"confidence_level":0.95,"lower_bound":8295.459553053366,"upper_bound":25397.42680710289},"point_estimate":16790.853999314528,"standard_error":4288.479106469223},"Slope":{"confidence_interval":{"confidence_level":0.95,"lower_bound":20203834.658238444,"upper_bound":20214519.83562214},"point_estimate":20209333.07096774,"standard_error":2709.292939516158},"StdDev":{"confidence_interval":{"confidence_level":0.95,"lower_bound":12948.082771906202,"upper_bound":23292.975024688665},"point_estimate":18543.73744810097,"standard_error":2668.40286592931}}