{"Mean":{"confidence_interval":{"confidence_level":0.95,"lower_bound":1524.4045734317888,"upper_bound":1525.9098371081386},"point_estimate":1525.1163910472887,"standard_error":0.38323965094249357},"Median":{"confidence_interval":{"confidence_level":0.95,"lower_bound":1524.244731228669,"upper_bound":1525.3858444164543},"point_estimate":1524.6052379996368,"standard_error":0.3824795697062403},"MedianAbsDev":{"confidence_interval":{"confidence_level":0.95,"lower_bound":0.7384009894505909,"upper_bound":1.910858041478265},"point_estimate":1.2188836858934498,"standard_error":0.2977269221662381},"Slope":{"confidence_interval":{"confidence_level":0.95,"lower_bound":1524.0052760975743,"upper_bound":1525.3015089920204},"point_estimate":1524.58819600238,"standard_error":0.3301011917516912},"StdDev":{"confidence_interval":{"confidence_level":0.95,"lower_bound":1.2740574878173996,"upper_bound":2.7463501109544914},"point_estimate":2.128717621234856,"standard_error":0.3768204222118521}}