{"Mean":{"confidence_interval":{"confidence_level":0.95,"lower_bound":156911.5764575305,"upper_bound":157404.4514745117},"point_estimate":157153.7135713504,"standard_error":126.46686358253115},"Median":{"confidence_interval":{"confidence_level":0.95,"lower_bound":156665.73917910448,"upper_bound":157465.565920398},"point_estimate":156969.89357722667,"standard_error":205.48644414932363},"MedianAbsDev":{"confidence_interval":{"confidence_level":0.95,"lower_bound":403.7800307046054,"upper_bound":1138.8161116849676},"point_estimate":797.1071263925313,"standard_error":200.51538424432604},"Slope":{"confidence_interval":{"confidence_level":0.95,"lower_bound":157307.22996361568,"upper_bound":157857.81900752793},"point_estimate":157630.96178757193,"standard_error":140.1144246508246},"StdDev":{"confidence_interval":{"confidence_level":0.95,"lower_bound":570.3872682442246,"upper_bound":789.639802490647},"point_estimate":704.4700181070218,"standard_error":55.77135022764539}}