{"Mean":{"confidence_interval":{"confidence_level":0.95,"lower_bound":8564545.77818,"upper_bound":8568661.13607405},"point_estimate":8566661.660211686,"standard_error":1046.8959243672116},"Median":{"confidence_interval":{"confidence_level":0.95,"lower_bound":8564705.267857142,"upper_bound":8570266.441889632},"point_estimate":8566514.215517242,"standard_error":1521.806241095181},"MedianAbsDev":{"confidence_interval":{"confidence_level":0.95,"lower_bound":3122.199809273992,"upper_bound":8549.463872354416},"point_estimate":6159.939768038178,"standard_error":1292.040102766062},"Slope":{"confidence_interval":{"confidence_level":0.95,"lower_bound":8565055.775613187,"upper_bound":8570368.095704561},"point_estimate":8567968.787995769,"standard_error":1362.3482026030558},"StdDev":{"confidence_interval":{"confidence_level":0.95,"lower_bound":4229.0327290262085,"upper_bound":7153.082764727153},"point_estimate":5844.113517401174,"standard_error":751.4510382060702}}