{"Mean":{"confidence_interval":{"confidence_level":0.95,"lower_bound":11884069.789401138,"upper_bound":11948606.04794193},"point_estimate":11917053.73032998,"standard_error":16405.290919689018},"Median":{"confidence_interval":{"confidence_level":0.95,"lower_bound":11885526.342592593,"upper_bound":11943123.483277593},"point_estimate":11927712.914583333,"standard_error":15792.064117237176},"MedianAbsDev":{"confidence_interval":{"confidence_level":0.95,"lower_bound":33228.96753090062,"upper_bound":105915.67360054448},"point_estimate":68350.87693652896,"standard_error":16823.026036769017},"Slope":{"confidence_interval":{"confidence_level":0.95,"lower_bound":11889812.374454906,"upper_bound":11935768.162577737},"point_estimate":11913294.157059757,"standard_error":11703.435536304558},"StdDev":{"confidence_interval":{"confidence_level":0.95,"lower_bound":57657.8990727666,"upper_bound":120596.54077817414},"point_estimate":91275.3994400361,"standard_error":16352.140733054406}}