{"Mean":{"confidence_interval":{"confidence_level":0.95,"lower_bound":4754194.822612484,"upper_bound":4758136.466705943},"point_estimate":4756050.841744538,"standard_error":1010.0850580320107},"Median":{"confidence_interval":{"confidence_level":0.95,"lower_bound":4753351.275396826,"upper_bound":4756677.815972222},"point_estimate":4755619.103256704,"standard_error":775.7468685943517},"MedianAbsDev":{"confidence_interval":{"confidence_level":0.95,"lower_bound":2058.4927210309875,"upper_bound":5797.290787817914},"point_estimate":3808.0168490605465,"standard_error":922.9915949866885},"Slope":{"confidence_interval":{"confidence_level":0.95,"lower_bound":4754706.950746832,"upper_bound":4756861.030060233},"point_estimate":4755757.677560374,"standard_error":550.0283684730474},"StdDev":{"confidence_interval":{"confidence_level":0.95,"lower_bound":3280.998226597711,"upper_bound":7578.781947120591},"point_estimate":5646.607282824155,"standard_error":1118.9811934978409}}