{"Mean":{"confidence_interval":{"confidence_level":0.95,"lower_bound":6420327.998656665,"upper_bound":6427812.655218748},"point_estimate":6423876.457574559,"standard_error":1904.9421976639183},"Median":{"confidence_interval":{"confidence_level":0.95,"lower_bound":6419825.29375,"upper_bound":6427556.675},"point_estimate":6423261.244047619,"standard_error":2203.0780181356467},"MedianAbsDev":{"confidence_interval":{"confidence_level":0.95,"lower_bound":5203.997530798014,"upper_bound":13660.432587479552},"point_estimate":9780.605900077595,"standard_error":2244.8927532478842},"Slope":{"confidence_interval":{"confidence_level":0.95,"lower_bound":6416379.73962625,"upper_bound":6421825.802926426},"point_estimate":6419048.501110524,"standard_error":1397.4435183721127},"StdDev":{"confidence_interval":{"confidence_level":0.95,"lower_bound":6814.2371044082365,"upper_bound":14213.123856707874},"point_estimate":10606.200837879825,"standard_error":1994.4592683869193}}