{"Mean":{"confidence_interval":{"confidence_level":0.95,"lower_bound":0.0032742784044356766,"upper_bound":0.0038321293056056637},"point_estimate":0.0035439495082800754,"standard_error":0.0001409374214429611},"Median":{"confidence_interval":{"confidence_level":0.95,"lower_bound":0.0034249719780974084,"upper_bound":0.0037389225340971333},"point_estimate":0.0035766770943770343,"standard_error":0.00008230918188727568}}