{"Mean":{"confidence_interval":{"confidence_level":0.95,"lower_bound":5214453.634791299,"upper_bound":5221306.349064129},"point_estimate":5217885.333788308,"standard_error":1742.7815752040624},"Median":{"confidence_interval":{"confidence_level":0.95,"lower_bound":5215198.272435898,"upper_bound":5220938.291666666},"point_estimate":5217559.843864469,"standard_error":1819.1298934697002},"MedianAbsDev":{"confidence_interval":{"confidence_level":0.95,"lower_bound":4169.959130016517,"upper_bound":11624.843454506326},"point_estimate":6081.9531463784115,"standard_error":1948.3327157473746},"Slope":{"confidence_interval":{"confidence_level":0.95,"lower_bound":5215265.167679349,"upper_bound":5220831.373363449},"point_estimate":5218059.150326106,"standard_error":1418.0726845704999},"StdDev":{"confidence_interval":{"confidence_level":0.95,"lower_bound":6418.50496107517,"upper_bound":12534.529024691856},"point_estimate":9746.561548362886,"standard_error":1563.0216140223536}}