{"Mean":{"confidence_interval":{"confidence_level":0.95,"lower_bound":448.8143840875076,"upper_bound":451.31163738793816},"point_estimate":449.933037193583,"standard_error":0.6438471812875254},"Median":{"confidence_interval":{"confidence_level":0.95,"lower_bound":448.1617211922862,"upper_bound":448.29565140248724},"point_estimate":448.24772620046133,"standard_error":0.08715752366881635},"MedianAbsDev":{"confidence_interval":{"confidence_level":0.95,"lower_bound":0.05852146258023724,"upper_bound":0.23449021999297762},"point_estimate":0.141280253363018,"standard_error":0.09970110813629651},"Slope":{"confidence_interval":{"confidence_level":0.95,"lower_bound":449.304863128984,"upper_bound":453.2452465390711},"point_estimate":451.20242809995233,"standard_error":1.0097249645444029},"StdDev":{"confidence_interval":{"confidence_level":0.95,"lower_bound":2.0843502621276135,"upper_bound":4.388879294429631},"point_estimate":3.591342460487991,"standard_error":0.5865791205147551}}