{"Mean":{"confidence_interval":{"confidence_level":0.95,"lower_bound":421.273107163304,"upper_bound":421.67038944962724},"point_estimate":421.4722329030326,"standard_error":0.10157585712347206},"Median":{"confidence_interval":{"confidence_level":0.95,"lower_bound":421.23565940344383,"upper_bound":421.8133378561766},"point_estimate":421.4432020568186,"standard_error":0.16165852177865114},"MedianAbsDev":{"confidence_interval":{"confidence_level":0.95,"lower_bound":0.4323458974790856,"upper_bound":0.9386294730716287},"point_estimate":0.7316863136257411,"standard_error":0.13204730479979127},"Slope":{"confidence_interval":{"confidence_level":0.95,"lower_bound":421.38042113587863,"upper_bound":421.7860792803372},"point_estimate":421.60135151734295,"standard_error":0.10390675649997784},"StdDev":{"confidence_interval":{"confidence_level":0.95,"lower_bound":0.4588496080504777,"upper_bound":0.6433433618990487},"point_estimate":0.5661282744678101,"standard_error":0.04726501866754906}}