{"Mean":{"confidence_interval":{"confidence_level":0.95,"lower_bound":1009737.5646335351,"upper_bound":1011721.6531981948},"point_estimate":1010758.4250178547,"standard_error":507.1877520697003},"Median":{"confidence_interval":{"confidence_level":0.95,"lower_bound":1010350.9492025519,"upper_bound":1012286.2493506493},"point_estimate":1011166.2398989899,"standard_error":522.2106365000652},"MedianAbsDev":{"confidence_interval":{"confidence_level":0.95,"lower_bound":1317.1410143433807,"upper_bound":3893.2187995179615},"point_estimate":2329.1531065993713,"standard_error":692.846406996173},"Slope":{"confidence_interval":{"confidence_level":0.95,"lower_bound":1010833.5430020924,"upper_bound":1012620.9440774347},"point_estimate":1011740.720369213,"standard_error":455.7255209727034},"StdDev":{"confidence_interval":{"confidence_level":0.95,"lower_bound":2067.2665336708405,"upper_bound":3382.013331460763},"point_estimate":2831.1487331742023,"standard_error":335.7730542313933}}