{"Mean":{"confidence_interval":{"confidence_level":0.95,"lower_bound":6580288.303412895,"upper_bound":6588376.644642526},"point_estimate":6584266.777385092,"standard_error":2068.0889507306083},"Median":{"confidence_interval":{"confidence_level":0.95,"lower_bound":6579558.206447964,"upper_bound":6587262.107450739},"point_estimate":6582168.576754386,"standard_error":1886.7527783505236},"MedianAbsDev":{"confidence_interval":{"confidence_level":0.95,"lower_bound":5162.2573131596155,"upper_bound":14837.741928577312},"point_estimate":9545.397183253875,"standard_error":2507.0887294434083},"Slope":{"confidence_interval":{"confidence_level":0.95,"lower_bound":6579962.744351397,"upper_bound":6586280.631898637},"point_estimate":6583228.904177683,"standard_error":1604.708517611511},"StdDev":{"confidence_interval":{"confidence_level":0.95,"lower_bound":8003.96102564305,"upper_bound":14330.139317968064},"point_estimate":11517.503481258018,"standard_error":1613.5359308994614}}