{"Mean":{"confidence_interval":{"confidence_level":0.95,"lower_bound":532.9673445723759,"upper_bound":533.210529093009},"point_estimate":533.0863867188677,"standard_error":0.06191028962882984},"Median":{"confidence_interval":{"confidence_level":0.95,"lower_bound":533.009422660652,"upper_bound":533.174502095337},"point_estimate":533.1032981377749,"standard_error":0.045355913694966464},"MedianAbsDev":{"confidence_interval":{"confidence_level":0.95,"lower_bound":0.10417846038954394,"upper_bound":0.3987866283034427},"point_estimate":0.17082737638528303,"standard_error":0.07334054830365472},"Slope":{"confidence_interval":{"confidence_level":0.95,"lower_bound":532.9799792650105,"upper_bound":533.2732862858949},"point_estimate":533.115185470115,"standard_error":0.0749135446856878},"StdDev":{"confidence_interval":{"confidence_level":0.95,"lower_bound":0.2137157884781212,"upper_bound":0.4535887928882932},"point_estimate":0.34485569233718616,"standard_error":0.06191591135925697}}