{"Mean":{"confidence_interval":{"confidence_level":0.95,"lower_bound":1082619.750123481,"upper_bound":1083613.9816760167},"point_estimate":1083125.0672797118,"standard_error":253.72302081585758},"Median":{"confidence_interval":{"confidence_level":0.95,"lower_bound":1082310.5277777778,"upper_bound":1084127.3656220324},"point_estimate":1083532.137222222,"standard_error":450.9639380580124},"MedianAbsDev":{"confidence_interval":{"confidence_level":0.95,"lower_bound":554.30625764269,"upper_bound":2197.7158140479187},"point_estimate":1357.9635203358064,"standard_error":455.6666586709322},"Slope":{"confidence_interval":{"confidence_level":0.95,"lower_bound":1083586.645838166,"upper_bound":1084331.7782690101},"point_estimate":1083989.660943651,"standard_error":190.1447385852269},"StdDev":{"confidence_interval":{"confidence_level":0.95,"lower_bound":1148.1774552588672,"upper_bound":1600.6173003883578},"point_estimate":1419.00598095123,"standard_error":114.98568266947635}}