{"Mean":{"confidence_interval":{"confidence_level":0.95,"lower_bound":409.4058413642826,"upper_bound":411.44243924208627},"point_estimate":410.37959765240896,"standard_error":0.5216325831239647},"Median":{"confidence_interval":{"confidence_level":0.95,"lower_bound":408.40546445982966,"upper_bound":410.36671388012223},"point_estimate":408.59248084893545,"standard_error":0.5343435434461019},"MedianAbsDev":{"confidence_interval":{"confidence_level":0.95,"lower_bound":0.23319093144695255,"upper_bound":3.170810464068934},"point_estimate":0.5603945188280576,"standard_error":0.7256323704938252},"Slope":{"confidence_interval":{"confidence_level":0.95,"lower_bound":409.89744507870927,"upper_bound":413.086964492438},"point_estimate":411.63409246659387,"standard_error":0.8154430507599881},"StdDev":{"confidence_interval":{"confidence_level":0.95,"lower_bound":2.100584493913489,"upper_bound":3.321439536531292},"point_estimate":2.8938495399676962,"standard_error":0.31368085649089555}}