{"Mean":{"confidence_interval":{"confidence_level":0.95,"lower_bound":376006.04099754425,"upper_bound":376302.09687422833},"point_estimate":376149.4900531597,"standard_error":75.52210980723464},"Median":{"confidence_interval":{"confidence_level":0.95,"lower_bound":375947.0538793104,"upper_bound":376311.18811576354},"point_estimate":376127.233740053,"standard_error":102.1219932198145},"MedianAbsDev":{"confidence_interval":{"confidence_level":0.95,"lower_bound":247.57958870802472,"upper_bound":585.3112364332499},"point_estimate":487.92004103284444,"standard_error":89.4033608367335},"Slope":{"confidence_interval":{"confidence_level":0.95,"lower_bound":375881.14747159905,"upper_bound":376136.0356613098},"point_estimate":375992.7194040737,"standard_error":65.15303918102563},"StdDev":{"confidence_interval":{"confidence_level":0.95,"lower_bound":296.0032964026874,"upper_bound":538.3451973609244},"point_estimate":422.3763143956054,"standard_error":63.9220926744874}}