{"Mean":{"confidence_interval":{"confidence_level":0.95,"lower_bound":1348162.3680221837,"upper_bound":1350010.0772761288},"point_estimate":1349116.4896509321,"standard_error":470.65720614447787},"Median":{"confidence_interval":{"confidence_level":0.95,"lower_bound":1348523.6818609023,"upper_bound":1350437.6458333335},"point_estimate":1349030.2276193635,"standard_error":512.8254465260605},"MedianAbsDev":{"confidence_interval":{"confidence_level":0.95,"lower_bound":1117.7420482810724,"upper_bound":3328.23915582969},"point_estimate":2294.609256419407,"standard_error":552.382190815745},"Slope":{"confidence_interval":{"confidence_level":0.95,"lower_bound":1347021.2588217098,"upper_bound":1349381.2146940185},"point_estimate":1348342.0707297726,"standard_error":608.9726405208985},"StdDev":{"confidence_interval":{"confidence_level":0.95,"lower_bound":1763.211891801754,"upper_bound":3322.613943373324},"point_estimate":2609.4995211204605,"standard_error":401.58097065747785}}