{"Mean":{"confidence_interval":{"confidence_level":0.95,"lower_bound":1012.5179013409594,"upper_bound":1013.9117098165076},"point_estimate":1013.2013677003449,"standard_error":0.35523894878540363},"Median":{"confidence_interval":{"confidence_level":0.95,"lower_bound":1012.8117396576044,"upper_bound":1013.7148926149209},"point_estimate":1013.1318024428733,"standard_error":0.24462939095709857},"MedianAbsDev":{"confidence_interval":{"confidence_level":0.95,"lower_bound":0.5865110191653045,"upper_bound":2.19933006625041},"point_estimate":1.5869173758499004,"standard_error":0.42984458060707464},"Slope":{"confidence_interval":{"confidence_level":0.95,"lower_bound":1012.7868140760817,"upper_bound":1013.9495209925577},"point_estimate":1013.3394029227408,"standard_error":0.29544996287860775},"StdDev":{"confidence_interval":{"confidence_level":0.95,"lower_bound":1.310811819710676,"upper_bound":2.520070759652407},"point_estimate":1.9859357207827257,"standard_error":0.3109625242452525}}