{"Mean":{"confidence_interval":{"confidence_level":0.95,"lower_bound":40284302.61418298,"upper_bound":40596898.14243229},"point_estimate":40441930.2612135,"standard_error":79381.83970413166},"Median":{"confidence_interval":{"confidence_level":0.95,"lower_bound":40308613.71717171,"upper_bound":40623965.710919544},"point_estimate":40504413.242788464,"standard_error":80818.2233370151},"MedianAbsDev":{"confidence_interval":{"confidence_level":0.95,"lower_bound":165935.11300406707,"upper_bound":523960.41464783525},"point_estimate":312376.4604212537,"standard_error":89407.27700904818},"Slope":{"confidence_interval":{"confidence_level":0.95,"lower_bound":40303715.619500265,"upper_bound":40577750.54013575},"point_estimate":40456098.6657853,"standard_error":69970.77073243595},"StdDev":{"confidence_interval":{"confidence_level":0.95,"lower_bound":280574.1506726453,"upper_bound":575326.4419087803},"point_estimate":441965.6914438008,"standard_error":75463.91044291419}}