{"Mean":{"confidence_interval":{"confidence_level":0.95,"lower_bound":1537161.6059073398,"upper_bound":1538238.2425926633},"point_estimate":1537675.475026065,"standard_error":273.84974912796065},"Median":{"confidence_interval":{"confidence_level":0.95,"lower_bound":1537145.0764835165,"upper_bound":1537812.0425824174},"point_estimate":1537418.7248677248,"standard_error":188.66532909462802},"MedianAbsDev":{"confidence_interval":{"confidence_level":0.95,"lower_bound":479.25582544355507,"upper_bound":1853.9005926358693},"point_estimate":1004.893334107646,"standard_error":381.1099897214579},"Slope":{"confidence_interval":{"confidence_level":0.95,"lower_bound":1536978.4336918595,"upper_bound":1537833.6595358052},"point_estimate":1537423.3451990632,"standard_error":217.9693534340846},"StdDev":{"confidence_interval":{"confidence_level":0.95,"lower_bound":973.6529023156055,"upper_bound":2016.3874212658561},"point_estimate":1525.9679663932068,"standard_error":274.3035531349818}}