{"Mean":{"confidence_interval":{"confidence_level":0.95,"lower_bound":3909672.123413481,"upper_bound":3915639.254751968},"point_estimate":3912731.1896740524,"standard_error":1523.2471040330404},"Median":{"confidence_interval":{"confidence_level":0.95,"lower_bound":3908982.715277778,"upper_bound":3916452.3544973545},"point_estimate":3914035.515873016,"standard_error":2008.312529924863},"MedianAbsDev":{"confidence_interval":{"confidence_level":0.95,"lower_bound":5249.7703109646345,"upper_bound":11594.176993392864},"point_estimate":9357.728446745792,"standard_error":1649.3319899883884},"Slope":{"confidence_interval":{"confidence_level":0.95,"lower_bound":3911276.944620681,"upper_bound":3918008.2041799426},"point_estimate":3914751.7436277103,"standard_error":1725.1866421985703},"StdDev":{"confidence_interval":{"confidence_level":0.95,"lower_bound":6030.394300140292,"upper_bound":10706.781779864998},"point_estimate":8449.564236682945,"standard_error":1231.01836548175}}