{"Mean":{"confidence_interval":{"confidence_level":0.95,"lower_bound":2337.7704251773857,"upper_bound":2339.5997022123},"point_estimate":2338.7007552507353,"standard_error":0.46667260440829367},"Median":{"confidence_interval":{"confidence_level":0.95,"lower_bound":2337.6791569662837,"upper_bound":2339.9106827143314},"point_estimate":2338.9269855922385,"standard_error":0.5295554749743203},"MedianAbsDev":{"confidence_interval":{"confidence_level":0.95,"lower_bound":1.3072999007696864,"upper_bound":3.176061472718493},"point_estimate":2.099118305786804,"standard_error":0.4571503904994937},"Slope":{"confidence_interval":{"confidence_level":0.95,"lower_bound":2338.4628388727006,"upper_bound":2339.509773697207},"point_estimate":2338.9592690190534,"standard_error":0.26642458198714936},"StdDev":{"confidence_interval":{"confidence_level":0.95,"lower_bound":1.8245586030055514,"upper_bound":3.194542411703197},"point_estimate":2.598833609627591,"standard_error":0.34979800634904973}}