{"Mean":{"confidence_interval":{"confidence_level":0.95,"lower_bound":0.0056754878530629665,"upper_bound":0.008094347058589395},"point_estimate":0.006835423427536957,"standard_error":0.0006147030378892308},"Median":{"confidence_interval":{"confidence_level":0.95,"lower_bound":0.004879647875934756,"upper_bound":0.007403391309543705},"point_estimate":0.006147862959084538,"standard_error":0.0006485604753832307}}