{"Mean":{"confidence_interval":{"confidence_level":0.95,"lower_bound":413.9612747908485,"upper_bound":415.37748732278584},"point_estimate":414.72937350339987,"standard_error":0.3638076846407641},"Median":{"confidence_interval":{"confidence_level":0.95,"lower_bound":414.67488619087385,"upper_bound":415.7834407191416},"point_estimate":415.51700405972906,"standard_error":0.2708750040774034},"MedianAbsDev":{"confidence_interval":{"confidence_level":0.95,"lower_bound":0.4556653213706319,"upper_bound":1.5825294146680353},"point_estimate":0.9269843049622988,"standard_error":0.3039677947029736},"Slope":{"confidence_interval":{"confidence_level":0.95,"lower_bound":414.580102812926,"upper_bound":415.613443776469},"point_estimate":415.15180688840724,"standard_error":0.26666830882287823},"StdDev":{"confidence_interval":{"confidence_level":0.95,"lower_bound":0.9374773236649766,"upper_bound":2.66996372636792},"point_estimate":2.0258836229306643,"standard_error":0.42146393511160646}}