{"Mean":{"confidence_interval":{"confidence_level":0.95,"lower_bound":8606240.532340035,"upper_bound":8620380.249936502},"point_estimate":8613079.507619457,"standard_error":3605.273852326954},"Median":{"confidence_interval":{"confidence_level":0.95,"lower_bound":8606071.68859649,"upper_bound":8617325.611458333},"point_estimate":8611624.607843138,"standard_error":2673.364225135785},"MedianAbsDev":{"confidence_interval":{"confidence_level":0.95,"lower_bound":7768.763380131626,"upper_bound":26563.572659172074},"point_estimate":13830.615493721036,"standard_error":4572.038654396907},"Slope":{"confidence_interval":{"confidence_level":0.95,"lower_bound":8608595.800403163,"upper_bound":8617500.676958838},"point_estimate":8613226.587572712,"standard_error":2267.824546143356},"StdDev":{"confidence_interval":{"confidence_level":0.95,"lower_bound":13579.382102207406,"upper_bound":25172.564630267494},"point_estimate":20096.167287757264,"standard_error":2960.4315836234837}}