{"Mean":{"confidence_interval":{"confidence_level":0.95,"lower_bound":907.8959010067501,"upper_bound":908.624512651763},"point_estimate":908.224225486541,"standard_error":0.1870078450361894},"Median":{"confidence_interval":{"confidence_level":0.95,"lower_bound":907.848020865584,"upper_bound":908.1289602034301},"point_estimate":908.015357815477,"standard_error":0.0729369652305499},"MedianAbsDev":{"confidence_interval":{"confidence_level":0.95,"lower_bound":0.16550872994848603,"upper_bound":0.48712186482556985},"point_estimate":0.3202935846314288,"standard_error":0.0796746664773543},"Slope":{"confidence_interval":{"confidence_level":0.95,"lower_bound":907.8507273643868,"upper_bound":909.2161740228595},"point_estimate":908.4678433638625,"standard_error":0.36051986586957463},"StdDev":{"confidence_interval":{"confidence_level":0.95,"lower_bound":0.4209605665301069,"upper_bound":1.447840760003087},"point_estimate":1.039153686411539,"standard_error":0.26115583642126916}}