{"Mean":{"confidence_interval":{"confidence_level":0.95,"lower_bound":605631.3358897173,"upper_bound":607124.2729278519},"point_estimate":606462.3607547323,"standard_error":379.95079021572366},"Median":{"confidence_interval":{"confidence_level":0.95,"lower_bound":606300.1464862297,"upper_bound":606751.6373366013},"point_estimate":606520.6733796296,"standard_error":130.24326087243867},"MedianAbsDev":{"confidence_interval":{"confidence_level":0.95,"lower_bound":262.9749383511821,"upper_bound":842.7242392052727},"point_estimate":496.74327876871496,"standard_error":153.51783683103585},"Slope":{"confidence_interval":{"confidence_level":0.95,"lower_bound":606196.3196304812,"upper_bound":606533.6253933569},"point_estimate":606394.4911099359,"standard_error":85.99504961734293},"StdDev":{"confidence_interval":{"confidence_level":0.95,"lower_bound":523.4798171603098,"upper_bound":3355.11502931111},"point_estimate":2115.4914471147927,"standard_error":776.6317265030793}}