{"Mean":{"confidence_interval":{"confidence_level":0.95,"lower_bound":6506258.814345786,"upper_bound":6523058.681169762},"point_estimate":6514097.714610507,"standard_error":4327.214415888287},"Median":{"confidence_interval":{"confidence_level":0.95,"lower_bound":6505052.193421053,"upper_bound":6512236.783102767},"point_estimate":6507017.967857143,"standard_error":2176.494548692103},"MedianAbsDev":{"confidence_interval":{"confidence_level":0.95,"lower_bound":5731.811330548464,"upper_bound":18980.08625440434},"point_estimate":8556.531671937619,"standard_error":3337.967331700745},"Slope":{"confidence_interval":{"confidence_level":0.95,"lower_bound":6505989.416311206,"upper_bound":6514167.0555932205},"point_estimate":6509942.653305129,"standard_error":2085.3638959318996},"StdDev":{"confidence_interval":{"confidence_level":0.95,"lower_bound":12779.133411974233,"upper_bound":31372.940527917664},"point_estimate":24173.920065887836,"standard_error":4639.597319700889}}