{"Mean":{"confidence_interval":{"confidence_level":0.95,"lower_bound":448.9084725994646,"upper_bound":449.9730914829435},"point_estimate":449.40998669631495,"standard_error":0.27115551484581674},"Median":{"confidence_interval":{"confidence_level":0.95,"lower_bound":448.99252589207094,"upper_bound":449.9136998589133},"point_estimate":449.3622517199816,"standard_error":0.215203201833457},"MedianAbsDev":{"confidence_interval":{"confidence_level":0.95,"lower_bound":0.589007021727888,"upper_bound":2.0637892154350257},"point_estimate":1.0785941216781423,"standard_error":0.3588263300204357},"Slope":{"confidence_interval":{"confidence_level":0.95,"lower_bound":448.518088255656,"upper_bound":449.4962552646445},"point_estimate":449.01814891723905,"standard_error":0.24995268404817295},"StdDev":{"confidence_interval":{"confidence_level":0.95,"lower_bound":0.9236784156518305,"upper_bound":2.112614164750873},"point_estimate":1.5123059305550801,"standard_error":0.3291114252017258}}