{"Mean":{"confidence_interval":{"confidence_level":0.95,"lower_bound":3339822.378845185,"upper_bound":3342291.671660209},"point_estimate":3341122.0800487543,"standard_error":630.0244562865167},"Median":{"confidence_interval":{"confidence_level":0.95,"lower_bound":3340353.359375,"upper_bound":3342976.3875},"point_estimate":3341664.534090909,"standard_error":940.535690910315},"MedianAbsDev":{"confidence_interval":{"confidence_level":0.95,"lower_bound":1515.0786880395342,"upper_bound":4256.771547552475},"point_estimate":2680.2234981232546,"standard_error":644.8519527467612},"Slope":{"confidence_interval":{"confidence_level":0.95,"lower_bound":3341205.4870549785,"upper_bound":3343093.0053954567},"point_estimate":3342183.4181649922,"standard_error":481.6036602391868},"StdDev":{"confidence_interval":{"confidence_level":0.95,"lower_bound":2194.246085403951,"upper_bound":4712.940430028478},"point_estimate":3513.2184260256104,"standard_error":677.1302202757739}}