{"Mean":{"confidence_interval":{"confidence_level":0.95,"lower_bound":2008.6502133152455,"upper_bound":2009.90739832125},"point_estimate":2009.2618811830584,"standard_error":0.3211651601744389},"Median":{"confidence_interval":{"confidence_level":0.95,"lower_bound":2008.628744714094,"upper_bound":2009.7578810947132},"point_estimate":2008.9789494987235,"standard_error":0.2791457730961625},"MedianAbsDev":{"confidence_interval":{"confidence_level":0.95,"lower_bound":0.8392696398389067,"upper_bound":2.3881255195925686},"point_estimate":1.6739487823920596,"standard_error":0.38777669618263727},"Slope":{"confidence_interval":{"confidence_level":0.95,"lower_bound":2008.8084021569287,"upper_bound":2010.3961645590207},"point_estimate":2009.5148399662812,"standard_error":0.40935313159896025},"StdDev":{"confidence_interval":{"confidence_level":0.95,"lower_bound":1.2543789300850487,"upper_bound":2.209159829640663},"point_estimate":1.7959634289240456,"standard_error":0.24398403975506588}}