{"Mean":{"confidence_interval":{"confidence_level":0.95,"lower_bound":3818225.277570422,"upper_bound":3823901.612793731},"point_estimate":3821146.2201050343,"standard_error":1451.0545258161185},"Median":{"confidence_interval":{"confidence_level":0.95,"lower_bound":3821806.6222222224,"upper_bound":3824248.302631579},"point_estimate":3822805.8194444445,"standard_error":732.1578491283509},"MedianAbsDev":{"confidence_interval":{"confidence_level":0.95,"lower_bound":1872.6637900868438,"upper_bound":9902.443445635083},"point_estimate":3882.6623556341106,"standard_error":1961.44957868142},"Slope":{"confidence_interval":{"confidence_level":0.95,"lower_bound":3822640.992348192,"upper_bound":3826533.198593192},"point_estimate":3824614.7768023973,"standard_error":995.391094799639},"StdDev":{"confidence_interval":{"confidence_level":0.95,"lower_bound":5657.829621512864,"upper_bound":9803.63991424241},"point_estimate":8062.673953474942,"standard_error":1053.7295964595535}}