{"Mean":{"confidence_interval":{"confidence_level":0.95,"lower_bound":62622054.58262695,"upper_bound":62835996.647162266},"point_estimate":62726315.00252868,"standard_error":54552.418337062176},"Median":{"confidence_interval":{"confidence_level":0.95,"lower_bound":62594587.5736715,"upper_bound":62799851.93181819},"point_estimate":62697599.66155811,"standard_error":48990.30977771647},"MedianAbsDev":{"confidence_interval":{"confidence_level":0.95,"lower_bound":132182.18221653823,"upper_bound":348618.88281422824},"point_estimate":215992.98488035577,"standard_error":54761.32731250148},"Slope":{"confidence_interval":{"confidence_level":0.95,"lower_bound":62635004.8678592,"upper_bound":62782989.982317075},"point_estimate":62705810.65637229,"standard_error":37842.90345050207},"StdDev":{"confidence_interval":{"confidence_level":0.95,"lower_bound":196736.02898936655,"upper_bound":395221.5248888519},"point_estimate":304325.6025588095,"standard_error":51419.814074664326}}