{"Mean":{"confidence_interval":{"confidence_level":0.95,"lower_bound":5596764.46572604,"upper_bound":5606088.38109053},"point_estimate":5601080.657103942,"standard_error":2386.7548921962098},"Median":{"confidence_interval":{"confidence_level":0.95,"lower_bound":5596847.841911765,"upper_bound":5603028.570048309},"point_estimate":5598634.497939561,"standard_error":1739.2373072715452},"MedianAbsDev":{"confidence_interval":{"confidence_level":0.95,"lower_bound":3719.6981287695294,"upper_bound":12285.766854611813},"point_estimate":8328.809471309429,"standard_error":2236.4263295685146},"Slope":{"confidence_interval":{"confidence_level":0.95,"lower_bound":5598682.355143428,"upper_bound":5604872.317760551},"point_estimate":5601779.0303014275,"standard_error":1576.1240650754753},"StdDev":{"confidence_interval":{"confidence_level":0.95,"lower_bound":7010.011530861204,"upper_bound":18921.72445983802},"point_estimate":13273.426601498808,"standard_error":3233.851759929505}}