{"Mean":{"confidence_interval":{"confidence_level":0.95,"lower_bound":-0.0001578248385805031,"upper_bound":0.006059724800773691},"point_estimate":0.0031083801122828714,"standard_error":0.0015978395749842284},"Median":{"confidence_interval":{"confidence_level":0.95,"lower_bound":0.0008922321231976671,"upper_bound":0.0067508538595233425},"point_estimate":0.0031864772689438325,"standard_error":0.001485417292291677}}