{"Mean":{"confidence_interval":{"confidence_level":0.95,"lower_bound":705865.5053956081,"upper_bound":706379.1279541746},"point_estimate":706121.953548263,"standard_error":131.14690076422877},"Median":{"confidence_interval":{"confidence_level":0.95,"lower_bound":705822.0050420167,"upper_bound":706450.4136231884},"point_estimate":706147.2244444445,"standard_error":160.9631140079671},"MedianAbsDev":{"confidence_interval":{"confidence_level":0.95,"lower_bound":412.89161654231077,"upper_bound":990.5357500811076},"point_estimate":743.5238867998123,"standard_error":150.58817865400826},"Slope":{"confidence_interval":{"confidence_level":0.95,"lower_bound":706230.4902683694,"upper_bound":706684.7441064401},"point_estimate":706479.9827181386,"standard_error":115.36958997050259},"StdDev":{"confidence_interval":{"confidence_level":0.95,"lower_bound":537.3304683549692,"upper_bound":882.5812632654126},"point_estimate":730.2481847403932,"standard_error":88.2806152313903}}