{"Mean":{"confidence_interval":{"confidence_level":0.95,"lower_bound":2479195.181860849,"upper_bound":2485809.6941017415},"point_estimate":2482609.9251415883,"standard_error":1688.9804684358878},"Median":{"confidence_interval":{"confidence_level":0.95,"lower_bound":2478298.7760582007,"upper_bound":2486534.486580087},"point_estimate":2484083.966666667,"standard_error":2349.4617331489803},"MedianAbsDev":{"confidence_interval":{"confidence_level":0.95,"lower_bound":5224.822660040733,"upper_bound":11941.074341336895},"point_estimate":8731.745222780395,"standard_error":1685.427569263029},"Slope":{"confidence_interval":{"confidence_level":0.95,"lower_bound":2482123.4605146805,"upper_bound":2487340.160390017},"point_estimate":2484688.197525119,"standard_error":1332.3501533247684},"StdDev":{"confidence_interval":{"confidence_level":0.95,"lower_bound":6451.699328335935,"upper_bound":12013.528302648652},"point_estimate":9413.878014554115,"standard_error":1448.4123239499245}}