{"Mean":{"confidence_interval":{"confidence_level":0.95,"lower_bound":930.1523676439429,"upper_bound":931.4608446644758},"point_estimate":930.7866519325205,"standard_error":0.33322477189543814},"Median":{"confidence_interval":{"confidence_level":0.95,"lower_bound":929.8913963663053,"upper_bound":931.3499728319828},"point_estimate":930.5926564736235,"standard_error":0.313848084196355},"MedianAbsDev":{"confidence_interval":{"confidence_level":0.95,"lower_bound":1.0220513513113276,"upper_bound":2.6589669638328806},"point_estimate":2.028945350550317,"standard_error":0.43234270201929803},"Slope":{"confidence_interval":{"confidence_level":0.95,"lower_bound":930.2026996935916,"upper_bound":931.3561754877168},"point_estimate":930.8017819353593,"standard_error":0.29628541716435997},"StdDev":{"confidence_interval":{"confidence_level":0.95,"lower_bound":1.3122873338520877,"upper_bound":2.2903388939909717},"point_estimate":1.8553176424288926,"standard_error":0.25049516182605686}}