{"Mean":{"confidence_interval":{"confidence_level":0.95,"lower_bound":408.8779727882214,"upper_bound":409.3937660088989},"point_estimate":409.0942449192193,"standard_error":0.13410833818930387},"Median":{"confidence_interval":{"confidence_level":0.95,"lower_bound":408.8079860431926,"upper_bound":408.8519464095542},"point_estimate":408.82304582509255,"standard_error":0.016451661602507932},"MedianAbsDev":{"confidence_interval":{"confidence_level":0.95,"lower_bound":0.0194621552320429,"upper_bound":0.08622708237304985},"point_estimate":0.039522433000394645,"standard_error":0.02297920574673654},"Slope":{"confidence_interval":{"confidence_level":0.95,"lower_bound":408.8275904006969,"upper_bound":409.0214484506168},"point_estimate":408.9086951426935,"standard_error":0.05024378660816727},"StdDev":{"confidence_interval":{"confidence_level":0.95,"lower_bound":0.15913284303989328,"upper_bound":1.1390894644809393},"point_estimate":0.7470149062362197,"standard_error":0.2639193553129901}}