{"Mean":{"confidence_interval":{"confidence_level":0.95,"lower_bound":11204941.309687834,"upper_bound":11274437.805273162},"point_estimate":11238893.981615033,"standard_error":17729.85358418073},"Median":{"confidence_interval":{"confidence_level":0.95,"lower_bound":11210223.479545455,"upper_bound":11286693.635451507},"point_estimate":11242933.6875,"standard_error":17001.453351585773},"MedianAbsDev":{"confidence_interval":{"confidence_level":0.95,"lower_bound":46510.735011192555,"upper_bound":116970.40780248553},"point_estimate":81312.54284583712,"standard_error":17358.67005122452},"Slope":{"confidence_interval":{"confidence_level":0.95,"lower_bound":11218737.795167297,"upper_bound":11261575.16124759},"point_estimate":11239925.45891063,"standard_error":10851.673366590252},"StdDev":{"confidence_interval":{"confidence_level":0.95,"lower_bound":65749.86378610761,"upper_bound":129419.04174958607},"point_estimate":99110.12803047156,"standard_error":16634.21181737682}}