{"Mean":{"confidence_interval":{"confidence_level":0.95,"lower_bound":-0.02274658005006284,"upper_bound":-0.0009604733538811374},"point_estimate":-0.009866193513771826,"standard_error":0.00576089164510221},"Median":{"confidence_interval":{"confidence_level":0.95,"lower_bound":-0.010219060848584594,"upper_bound":-0.0026325665689697075},"point_estimate":-0.006077988144399971,"standard_error":0.0018269445603163448}}