{"Mean":{"confidence_interval":{"confidence_level":0.95,"lower_bound":16996959.47219109,"upper_bound":17019396.840636317},"point_estimate":17007022.56352683,"standard_error":5760.453302700446},"Median":{"confidence_interval":{"confidence_level":0.95,"lower_bound":16991562.373626374,"upper_bound":17010640.72463768},"point_estimate":16995029.637651823,"standard_error":4619.088311060336},"MedianAbsDev":{"confidence_interval":{"confidence_level":0.95,"lower_bound":6434.962559421274,"upper_bound":26080.078750448363},"point_estimate":17367.296160262358,"standard_error":5580.726873335177},"Slope":{"confidence_interval":{"confidence_level":0.95,"lower_bound":16989196.793328546,"upper_bound":17001080.7888723},"point_estimate":16994674.2657853,"standard_error":3053.515753383891},"StdDev":{"confidence_interval":{"confidence_level":0.95,"lower_bound":13937.655552832515,"upper_bound":45622.695223734794},"point_estimate":32109.965974605915,"standard_error":8298.784910568937}}