{"Mean":{"confidence_interval":{"confidence_level":0.95,"lower_bound":47219277.676541165,"upper_bound":47422770.293453656},"point_estimate":47326444.48637676,"standard_error":51947.99382365988},"Median":{"confidence_interval":{"confidence_level":0.95,"lower_bound":47245661.75892857,"upper_bound":47472574.64935065},"point_estimate":47327879.0,"standard_error":71554.70787045978},"MedianAbsDev":{"confidence_interval":{"confidence_level":0.95,"lower_bound":154991.22363835352,"upper_bound":351599.6496961317},"point_estimate":248894.90430850306,"standard_error":51245.60198227484},"Slope":{"confidence_interval":{"confidence_level":0.95,"lower_bound":47209568.21338649,"upper_bound":47399118.58877113},"point_estimate":47301635.620095186,"standard_error":48549.13846125566},"StdDev":{"confidence_interval":{"confidence_level":0.95,"lower_bound":184187.75285529712,"upper_bound":393943.29553251807},"point_estimate":289193.99469743413,"standard_error":57454.621608142195}}