{"Mean":{"confidence_interval":{"confidence_level":0.95,"lower_bound":4366682.202171043,"upper_bound":4372756.706693318},"point_estimate":4369478.712260934,"standard_error":1546.5279561536793},"Median":{"confidence_interval":{"confidence_level":0.95,"lower_bound":4368180.731481481,"upper_bound":4370677.561904762},"point_estimate":4369688.798295455,"standard_error":683.1576921266968},"MedianAbsDev":{"confidence_interval":{"confidence_level":0.95,"lower_bound":1557.1463816147257,"upper_bound":6573.810492243411},"point_estimate":3361.5196706991937,"standard_error":1385.3178220903528},"Slope":{"confidence_interval":{"confidence_level":0.95,"lower_bound":4367811.211399355,"upper_bound":4371424.081912989},"point_estimate":4369665.180821435,"standard_error":922.1343229402114},"StdDev":{"confidence_interval":{"confidence_level":0.95,"lower_bound":4132.301266429243,"upper_bound":12745.870189256717},"point_estimate":8629.64504528607,"standard_error":2376.625325598072}}