{"Mean":{"confidence_interval":{"confidence_level":0.95,"lower_bound":7740345.214329541,"upper_bound":7744252.22961769},"point_estimate":7742249.934172516,"standard_error":994.5933361739795},"Median":{"confidence_interval":{"confidence_level":0.95,"lower_bound":7739030.658695652,"upper_bound":7744339.337121212},"point_estimate":7742988.740421455,"standard_error":1480.7679599070216},"MedianAbsDev":{"confidence_interval":{"confidence_level":0.95,"lower_bound":1907.2619078066127,"upper_bound":7283.864234019516},"point_estimate":5497.504875225625,"standard_error":1325.5415550337584},"Slope":{"confidence_interval":{"confidence_level":0.95,"lower_bound":7739654.195503493,"upper_bound":7742622.692552507},"point_estimate":7741135.152511898,"standard_error":760.1701588397342},"StdDev":{"confidence_interval":{"confidence_level":0.95,"lower_bound":3750.9110799934037,"upper_bound":7014.742059553724},"point_estimate":5533.09982341947,"standard_error":841.1849698032876}}