{"Mean":{"confidence_interval":{"confidence_level":0.95,"lower_bound":5998373.737018839,"upper_bound":6004133.692223221},"point_estimate":6001226.938527411,"standard_error":1471.0931733047116},"Median":{"confidence_interval":{"confidence_level":0.95,"lower_bound":5998679.053571429,"upper_bound":6004266.126190476},"point_estimate":6000561.434285714,"standard_error":1637.578832426758},"MedianAbsDev":{"confidence_interval":{"confidence_level":0.95,"lower_bound":3637.1919154267252,"upper_bound":11081.99801766677},"point_estimate":6955.419165880702,"standard_error":1933.9565871384777},"Slope":{"confidence_interval":{"confidence_level":0.95,"lower_bound":5995484.870664056,"upper_bound":6001557.660246605},"point_estimate":5998241.2492332095,"standard_error":1548.7056593719572},"StdDev":{"confidence_interval":{"confidence_level":0.95,"lower_bound":5789.252075616999,"upper_bound":10128.673945278655},"point_estimate":8180.811088989112,"standard_error":1112.869403711294}}