{"Mean":{"confidence_interval":{"confidence_level":0.95,"lower_bound":569006.5399453562,"upper_bound":570034.7440744239},"point_estimate":569505.6750128655,"standard_error":263.9010913170872},"Median":{"confidence_interval":{"confidence_level":0.95,"lower_bound":568884.2512973138,"upper_bound":569961.1581890332},"point_estimate":569230.3969907408,"standard_error":258.4433649782309},"MedianAbsDev":{"confidence_interval":{"confidence_level":0.95,"lower_bound":438.5098804333744,"upper_bound":1894.859713460987},"point_estimate":961.2763039370462,"standard_error":388.6124808080468},"Slope":{"confidence_interval":{"confidence_level":0.95,"lower_bound":568995.732643935,"upper_bound":569714.3833403046},"point_estimate":569324.2614900992,"standard_error":184.5855673964414},"StdDev":{"confidence_interval":{"confidence_level":0.95,"lower_bound":939.2449660263275,"upper_bound":1922.5120944817922},"point_estimate":1468.965496979974,"standard_error":255.66670600754625}}