{"Mean":{"confidence_interval":{"confidence_level":0.95,"lower_bound":0.0029795426094374132,"upper_bound":0.004407441768520142},"point_estimate":0.0035760071674999505,"standard_error":0.0003862453772383637},"Median":{"confidence_interval":{"confidence_level":0.95,"lower_bound":0.002775640518825062,"upper_bound":0.0034218492449182847},"point_estimate":0.003028822585418034,"standard_error":0.00017850084139512344}}