{"Mean":{"confidence_interval":{"confidence_level":0.95,"lower_bound":87558.89841408853,"upper_bound":87699.86529296266},"point_estimate":87621.58045728669,"standard_error":36.22812831394102},"Median":{"confidence_interval":{"confidence_level":0.95,"lower_bound":87514.66251556663,"upper_bound":87609.32864625302},"point_estimate":87548.57900330657,"standard_error":24.277789483006348},"MedianAbsDev":{"confidence_interval":{"confidence_level":0.95,"lower_bound":40.93413717280402,"upper_bound":141.45790240490285},"point_estimate":82.69758699662256,"standard_error":25.056386956161226},"Slope":{"confidence_interval":{"confidence_level":0.95,"lower_bound":87519.34491120146,"upper_bound":87563.8674523556},"point_estimate":87538.77361981412,"standard_error":11.306548587598991},"StdDev":{"confidence_interval":{"confidence_level":0.95,"lower_bound":79.35209709938864,"upper_bound":283.29110758126996},"point_estimate":201.9148326556161,"standard_error":51.51080748715028}}