{"Mean":{"confidence_interval":{"confidence_level":0.95,"lower_bound":-0.003144374223792367,"upper_bound":0.0034954492693060222},"point_estimate":0.00015637351337272065,"standard_error":0.0016849537617596808},"Median":{"confidence_interval":{"confidence_level":0.95,"lower_bound":-0.0018596061180220502,"upper_bound":0.002671990250557643},"point_estimate":0.0005318405019791861,"standard_error":0.0010754091336096418}}