{"Mean":{"confidence_interval":{"confidence_level":0.95,"lower_bound":438.18922537340904,"upper_bound":438.28110787619045},"point_estimate":438.23428873404663,"standard_error":0.023366095534377407},"Median":{"confidence_interval":{"confidence_level":0.95,"lower_bound":438.21200105968035,"upper_bound":438.25581043411574},"point_estimate":438.24457905842974,"standard_error":0.011244864151034631},"MedianAbsDev":{"confidence_interval":{"confidence_level":0.95,"lower_bound":0.026677884684445825,"upper_bound":0.1444302044449566},"point_estimate":0.060293070069999906,"standard_error":0.030555045463310088},"Slope":{"confidence_interval":{"confidence_level":0.95,"lower_bound":438.16400923582137,"upper_bound":438.2497992746693},"point_estimate":438.2085528831119,"standard_error":0.021781116902368287},"StdDev":{"confidence_interval":{"confidence_level":0.95,"lower_bound":0.0844055271690942,"upper_bound":0.16843306451651704},"point_estimate":0.13010991546014633,"standard_error":0.021694873875530686}}