{"Mean":{"confidence_interval":{"confidence_level":0.95,"lower_bound":0.0029077771462643347,"upper_bound":0.0037153062192781462},"point_estimate":0.003328813311205714,"standard_error":0.00020685820579352334},"Median":{"confidence_interval":{"confidence_level":0.95,"lower_bound":0.003328742090870085,"upper_bound":0.004026056379712317},"point_estimate":0.003662214516266138,"standard_error":0.000165416190192977}}