{"Mean":{"confidence_interval":{"confidence_level":0.95,"lower_bound":6696791.539478094,"upper_bound":6705602.88499491},"point_estimate":6701278.375674708,"standard_error":2243.127138225764},"Median":{"confidence_interval":{"confidence_level":0.95,"lower_bound":6697836.476666667,"upper_bound":6703087.547619048},"point_estimate":6700473.620192308,"standard_error":1382.1260917096424},"MedianAbsDev":{"confidence_interval":{"confidence_level":0.95,"lower_bound":3769.395708079783,"upper_bound":13209.841938831558},"point_estimate":8520.489304937628,"standard_error":2404.059012121534},"Slope":{"confidence_interval":{"confidence_level":0.95,"lower_bound":6701639.0766258,"upper_bound":6708642.032575703},"point_estimate":6704781.84516129,"standard_error":1786.2591044550993},"StdDev":{"confidence_interval":{"confidence_level":0.95,"lower_bound":7956.427155076618,"upper_bound":16496.06298802323},"point_estimate":12493.755864495366,"standard_error":2217.5270748876906}}