{"Mean":{"confidence_interval":{"confidence_level":0.95,"lower_bound":406.2276707773773,"upper_bound":406.9634222880055},"point_estimate":406.551486412903,"standard_error":0.18693087208156137},"Median":{"confidence_interval":{"confidence_level":0.95,"lower_bound":406.1620409859961,"upper_bound":406.2337563589007},"point_estimate":406.1728227073826,"standard_error":0.023049861999915322},"MedianAbsDev":{"confidence_interval":{"confidence_level":0.95,"lower_bound":0.016411858411635477,"upper_bound":0.10969378398936223},"point_estimate":0.04714632586008008,"standard_error":0.02438739542256272},"Slope":{"confidence_interval":{"confidence_level":0.95,"lower_bound":406.1983590828619,"upper_bound":406.4356326446841},"point_estimate":406.2983622424797,"standard_error":0.060762753063003466},"StdDev":{"confidence_interval":{"confidence_level":0.95,"lower_bound":0.16488534567319713,"upper_bound":1.4930544279432962},"point_estimate":1.0369501031627169,"standard_error":0.3107599625480002}}