{"Mean":{"confidence_interval":{"confidence_level":0.95,"lower_bound":1308.514720049115,"upper_bound":1311.6576394463757},"point_estimate":1309.918324178187,"standard_error":0.8082645404356273},"Median":{"confidence_interval":{"confidence_level":0.95,"lower_bound":1307.958469725295,"upper_bound":1311.0824968164945},"point_estimate":1309.1039322131655,"standard_error":0.7229760990434927},"MedianAbsDev":{"confidence_interval":{"confidence_level":0.95,"lower_bound":1.9360077188688858,"upper_bound":4.262929180740041},"point_estimate":3.6037223634778295,"standard_error":0.6122196755906795},"Slope":{"confidence_interval":{"confidence_level":0.95,"lower_bound":1307.2053218883225,"upper_bound":1311.9491576136106},"point_estimate":1309.0211776777046,"standard_error":1.265643422572786},"StdDev":{"confidence_interval":{"confidence_level":0.95,"lower_bound":2.231161361948278,"upper_bound":6.512143259367319},"point_estimate":4.496947206806374,"standard_error":1.2074723534873617}}