{"Mean":{"confidence_interval":{"confidence_level":0.95,"lower_bound":425.13274420824854,"upper_bound":425.3882487102234},"point_estimate":425.24721709230545,"standard_error":0.06558400767072183},"Median":{"confidence_interval":{"confidence_level":0.95,"lower_bound":425.13244365361805,"upper_bound":425.305700061552},"point_estimate":425.23096085409253,"standard_error":0.05943180791103053},"MedianAbsDev":{"confidence_interval":{"confidence_level":0.95,"lower_bound":0.12109731028813196,"upper_bound":0.2987012946179597},"point_estimate":0.20248056609685586,"standard_error":0.04389562725640747},"Slope":{"confidence_interval":{"confidence_level":0.95,"lower_bound":425.14822185062985,"upper_bound":425.34214163439646},"point_estimate":425.2346929650951,"standard_error":0.04927761397642855},"StdDev":{"confidence_interval":{"confidence_level":0.95,"lower_bound":0.17405640546777046,"upper_bound":0.5462060166058544},"point_estimate":0.3645998269143451,"standard_error":0.1072500671192337}}