{"Mean":{"confidence_interval":{"confidence_level":0.95,"lower_bound":11708103.323153155,"upper_bound":11933552.775308052},"point_estimate":11793155.649573421,"standard_error":63372.31972424817},"Median":{"confidence_interval":{"confidence_level":0.95,"lower_bound":11707267.503205128,"upper_bound":11769628.383333333},"point_estimate":11751458.92857143,"standard_error":15634.981951858312},"MedianAbsDev":{"confidence_interval":{"confidence_level":0.95,"lower_bound":38828.998011683696,"upper_bound":91719.21265415875},"point_estimate":65518.20608489594,"standard_error":13771.21225276287},"Slope":{"confidence_interval":{"confidence_level":0.95,"lower_bound":11734902.896456372,"upper_bound":11780758.19022322},"point_estimate":11758269.866737176,"standard_error":11687.884202191017},"StdDev":{"confidence_interval":{"confidence_level":0.95,"lower_bound":52361.92448263282,"upper_bound":587960.4948068856},"point_estimate":353867.0450961214,"standard_error":180809.65884768352}}