{"Mean":{"confidence_interval":{"confidence_level":0.95,"lower_bound":569775.3154516411,"upper_bound":571303.5883821285},"point_estimate":570547.3788422468,"standard_error":389.3887177269476},"Median":{"confidence_interval":{"confidence_level":0.95,"lower_bound":569435.6291021156,"upper_bound":571638.2486111111},"point_estimate":570492.7361111111,"standard_error":641.9021356299888},"MedianAbsDev":{"confidence_interval":{"confidence_level":0.95,"lower_bound":1242.1259186886593,"upper_bound":3122.8483679139645},"point_estimate":2075.1388101285675,"standard_error":487.7022215745363},"Slope":{"confidence_interval":{"confidence_level":0.95,"lower_bound":568440.9344113657,"upper_bound":570143.5734969286},"point_estimate":569241.1628591574,"standard_error":433.8183214559989},"StdDev":{"confidence_interval":{"confidence_level":0.95,"lower_bound":1633.7670437791335,"upper_bound":2611.0666654331594},"point_estimate":2177.507612499626,"standard_error":250.30748756017294}}