{"Mean":{"confidence_interval":{"confidence_level":0.95,"lower_bound":524493.6632415077,"upper_bound":524873.2790930942},"point_estimate":524670.7459837727,"standard_error":96.89634211614693},"Median":{"confidence_interval":{"confidence_level":0.95,"lower_bound":524477.825595238,"upper_bound":524710.1782467533},"point_estimate":524608.9676788589,"standard_error":65.04668292572143},"MedianAbsDev":{"confidence_interval":{"confidence_level":0.95,"lower_bound":159.2294721731652,"upper_bound":485.2078355035167},"point_estimate":290.5692216985906,"standard_error":80.48342475394342},"Slope":{"confidence_interval":{"confidence_level":0.95,"lower_bound":524403.6761986314,"upper_bound":524656.8179042015},"point_estimate":524532.8230666566,"standard_error":64.94787836410431},"StdDev":{"confidence_interval":{"confidence_level":0.95,"lower_bound":286.1276271007039,"upper_bound":769.7641882055412},"point_estimate":540.047421055099,"standard_error":131.75483031056805}}