{"Mean":{"confidence_interval":{"confidence_level":0.95,"lower_bound":599200.1551545815,"upper_bound":600372.2422210963},"point_estimate":599738.1314716836,"standard_error":300.47690139656123},"Median":{"confidence_interval":{"confidence_level":0.95,"lower_bound":599159.1205379588,"upper_bound":600196.321969697},"point_estimate":599692.049074074,"standard_error":277.9306121405932},"MedianAbsDev":{"confidence_interval":{"confidence_level":0.95,"lower_bound":664.3584796303669,"upper_bound":1554.4073535312198},"point_estimate":1232.6102808945868,"standard_error":224.0593013190355},"Slope":{"confidence_interval":{"confidence_level":0.95,"lower_bound":599855.9254802538,"upper_bound":600367.4320032353},"point_estimate":600154.7459839004,"standard_error":130.82170493210833},"StdDev":{"confidence_interval":{"confidence_level":0.95,"lower_bound":832.074479662363,"upper_bound":2489.3656320082396},"point_estimate":1677.7827698977944,"standard_error":468.19050482719285}}