{"Mean":{"confidence_interval":{"confidence_level":0.95,"lower_bound":147055.06864659628,"upper_bound":147416.7314565561},"point_estimate":147233.2305110575,"standard_error":92.04421569362422},"Median":{"confidence_interval":{"confidence_level":0.95,"lower_bound":146907.3757142857,"upper_bound":147456.54042207793},"point_estimate":147144.35916491598,"standard_error":163.1388920329038},"MedianAbsDev":{"confidence_interval":{"confidence_level":0.95,"lower_bound":252.82354668035308,"upper_bound":864.2595312942644},"point_estimate":477.8351254561095,"standard_error":147.04635965546834},"Slope":{"confidence_interval":{"confidence_level":0.95,"lower_bound":147434.4122734255,"upper_bound":147822.31994457814},"point_estimate":147654.07753871722,"standard_error":98.81505120653398},"StdDev":{"confidence_interval":{"confidence_level":0.95,"lower_bound":385.0716518451474,"upper_bound":597.1961441850586},"point_estimate":508.71325130034035,"standard_error":53.98931134388971}}