{"Mean":{"confidence_interval":{"confidence_level":0.95,"lower_bound":0.005871421448766512,"upper_bound":0.008428044871955165},"point_estimate":0.007003533682946372,"standard_error":0.0006529398557596608},"Median":{"confidence_interval":{"confidence_level":0.95,"lower_bound":0.005319675614321673,"upper_bound":0.00728572541449557},"point_estimate":0.006173820826787413,"standard_error":0.0005037967284392212}}