{"Mean":{"confidence_interval":{"confidence_level":0.95,"lower_bound":28653386.123406008,"upper_bound":28674406.196752604},"point_estimate":28663439.75025997,"standard_error":5370.429094234713},"Median":{"confidence_interval":{"confidence_level":0.95,"lower_bound":28652486.25712251,"upper_bound":28668638.027272727},"point_estimate":28658929.57142857,"standard_error":3782.845393771617},"MedianAbsDev":{"confidence_interval":{"confidence_level":0.95,"lower_bound":10431.054504809554,"upper_bound":37467.91679327732},"point_estimate":21518.72767448749,"standard_error":6681.679214604408},"Slope":{"confidence_interval":{"confidence_level":0.95,"lower_bound":28649813.654780705,"upper_bound":28661828.245669454},"point_estimate":28655796.82400846,"standard_error":3067.5449117909166},"StdDev":{"confidence_interval":{"confidence_level":0.95,"lower_bound":19438.988557507204,"upper_bound":38175.58169355104},"point_estimate":30017.73603539994,"standard_error":4788.169862218606}}