{"Mean":{"confidence_interval":{"confidence_level":0.95,"lower_bound":736.1251513126483,"upper_bound":737.6440538685099},"point_estimate":736.8363831934344,"standard_error":0.38920582971459045},"Median":{"confidence_interval":{"confidence_level":0.95,"lower_bound":735.75500288488,"upper_bound":736.4722655493368},"point_estimate":735.9443261058145,"standard_error":0.2297044970747767},"MedianAbsDev":{"confidence_interval":{"confidence_level":0.95,"lower_bound":0.39403617963602794,"upper_bound":1.9977532505924456},"point_estimate":0.9830901066607747,"standard_error":0.4698131489613403},"Slope":{"confidence_interval":{"confidence_level":0.95,"lower_bound":735.6479818800034,"upper_bound":736.5814387854552},"point_estimate":736.065779083357,"standard_error":0.23785743738370635},"StdDev":{"confidence_interval":{"confidence_level":0.95,"lower_bound":1.268004871893557,"upper_bound":2.7802826987900056},"point_estimate":2.176406848296618,"standard_error":0.38259643291164686}}