{"Mean":{"confidence_interval":{"confidence_level":0.95,"lower_bound":26529625.01772873,"upper_bound":26773193.519687127},"point_estimate":26612715.921003718,"standard_error":77380.32279850724},"Median":{"confidence_interval":{"confidence_level":0.95,"lower_bound":26527229.148351647,"upper_bound":26540608.25},"point_estimate":26535420.71212121,"standard_error":4129.880654367772},"MedianAbsDev":{"confidence_interval":{"confidence_level":0.95,"lower_bound":10140.978567594884,"upper_bound":23399.950216438163},"point_estimate":17049.32313064857,"standard_error":3369.061419145133},"Slope":{"confidence_interval":{"confidence_level":0.95,"lower_bound":26533129.351442125,"upper_bound":26542509.979856383},"point_estimate":26537707.681226864,"standard_error":2393.0774677266163},"StdDev":{"confidence_interval":{"confidence_level":0.95,"lower_bound":13067.994328120545,"upper_bound":720069.5332056639},"point_estimate":430423.44711438863,"standard_error":257064.8363956915}}