{"Mean":{"confidence_interval":{"confidence_level":0.95,"lower_bound":478668.68703255715,"upper_bound":478964.62548316555},"point_estimate":478815.29995595687,"standard_error":75.26454341081907},"Median":{"confidence_interval":{"confidence_level":0.95,"lower_bound":478691.0887927862,"upper_bound":479014.1931818182},"point_estimate":478828.09265151515,"standard_error":89.18353668823012},"MedianAbsDev":{"confidence_interval":{"confidence_level":0.95,"lower_bound":199.3524882440194,"upper_bound":578.6323749544932},"point_estimate":310.328348002997,"standard_error":98.62478077052047},"Slope":{"confidence_interval":{"confidence_level":0.95,"lower_bound":478818.0479627658,"upper_bound":479046.2294092356},"point_estimate":478930.7445699726,"standard_error":58.54581283980167},"StdDev":{"confidence_interval":{"confidence_level":0.95,"lower_bound":290.7546397879259,"upper_bound":528.938590569192},"point_estimate":418.7900951048128,"standard_error":61.08049609060717}}