{"Mean":{"confidence_interval":{"confidence_level":0.95,"lower_bound":2902128.647452803,"upper_bound":2913066.604852641},"point_estimate":2907064.196022884,"standard_error":2800.522854973464},"Median":{"confidence_interval":{"confidence_level":0.95,"lower_bound":2902459.002272727,"upper_bound":2911213.035},"point_estimate":2903781.411458333,"standard_error":2886.168599801911},"MedianAbsDev":{"confidence_interval":{"confidence_level":0.95,"lower_bound":6824.952500013172,"upper_bound":15385.77830184826},"point_estimate":11496.144076869075,"standard_error":2161.9196539730783},"Slope":{"confidence_interval":{"confidence_level":0.95,"lower_bound":2902744.3944526296,"upper_bound":2908456.5667099725},"point_estimate":2905842.484875727,"standard_error":1464.392947518822},"StdDev":{"confidence_interval":{"confidence_level":0.95,"lower_bound":8318.815865297804,"upper_bound":22816.001653520572},"point_estimate":15563.742538856295,"standard_error":4164.114070396102}}