{"Mean":{"confidence_interval":{"confidence_level":0.95,"lower_bound":4724559.414811143,"upper_bound":4773792.843030074},"point_estimate":4746206.357834076,"standard_error":11921.519901563906},"Median":{"confidence_interval":{"confidence_level":0.95,"lower_bound":4723452.218209877,"upper_bound":4725980.297413793},"point_estimate":4724512.338888889,"standard_error":574.0949574118368},"MedianAbsDev":{"confidence_interval":{"confidence_level":0.95,"lower_bound":1426.1023900516373,"upper_bound":3768.1521906182174},"point_estimate":2607.21556274837,"standard_error":613.7964889422016},"Slope":{"confidence_interval":{"confidence_level":0.95,"lower_bound":4723802.735495971,"upper_bound":4725950.978731853},"point_estimate":4724796.419460603,"standard_error":549.5230462148293},"StdDev":{"confidence_interval":{"confidence_level":0.95,"lower_bound":2478.6212331542556,"upper_bound":91613.37747824757},"point_estimate":66402.23377991114,"standard_error":19361.01759596472}}