{"Mean":{"confidence_interval":{"confidence_level":0.95,"lower_bound":1416392.5922668248,"upper_bound":1418413.187921646},"point_estimate":1417271.0354168036,"standard_error":520.1116119320349},"Median":{"confidence_interval":{"confidence_level":0.95,"lower_bound":1416641.8712044535,"upper_bound":1417343.0177083332},"point_estimate":1417029.9707792208,"standard_error":167.58109274665324},"MedianAbsDev":{"confidence_interval":{"confidence_level":0.95,"lower_bound":446.7483018100513,"upper_bound":1706.6701516450098},"point_estimate":890.8032060600242,"standard_error":309.5218987076134},"Slope":{"confidence_interval":{"confidence_level":0.95,"lower_bound":1416796.0840134497,"upper_bound":1417880.5466833445},"point_estimate":1417280.120610788,"standard_error":279.85135880539445},"StdDev":{"confidence_interval":{"confidence_level":0.95,"lower_bound":1134.4489743942004,"upper_bound":4521.687378717466},"point_estimate":2909.667683189786,"standard_error":1006.09740090727}}