{"Mean":{"confidence_interval":{"confidence_level":0.95,"lower_bound":-0.005738168793885884,"upper_bound":-0.003840220195466801},"point_estimate":-0.004737042362810251,"standard_error":0.00048595293068450765},"Median":{"confidence_interval":{"confidence_level":0.95,"lower_bound":-0.004945434267203841,"upper_bound":-0.003365035672555863},"point_estimate":-0.0036499357424806256,"standard_error":0.00041240440829302456}}