{"Mean":{"confidence_interval":{"confidence_level":0.95,"lower_bound":62814744.95531034,"upper_bound":63104768.92730148},"point_estimate":62935784.30941167,"standard_error":75326.62818680986},"Median":{"confidence_interval":{"confidence_level":0.95,"lower_bound":62762937.43678161,"upper_bound":62946070.58888888},"point_estimate":62886207.84,"standard_error":52496.85997372553},"MedianAbsDev":{"confidence_interval":{"confidence_level":0.95,"lower_bound":132257.56722375294,"upper_bound":328206.42938332085},"point_estimate":252096.3424238406,"standard_error":49634.934240120936},"Slope":{"confidence_interval":{"confidence_level":0.95,"lower_bound":62769067.70441181,"upper_bound":62925951.76740411},"point_estimate":62848392.69571655,"standard_error":39979.03962380899},"StdDev":{"confidence_interval":{"confidence_level":0.95,"lower_bound":168896.58775667357,"upper_bound":653818.5501658118},"point_estimate":417549.6117205688,"standard_error":154042.02010378495}}