{"Mean":{"confidence_interval":{"confidence_level":0.95,"lower_bound":672.3955124937366,"upper_bound":672.9605412347628},"point_estimate":672.670917096144,"standard_error":0.14403300245703898},"Median":{"confidence_interval":{"confidence_level":0.95,"lower_bound":672.3578450540001,"upper_bound":672.9751644432895},"point_estimate":672.7209407298308,"standard_error":0.16468299068377867},"MedianAbsDev":{"confidence_interval":{"confidence_level":0.95,"lower_bound":0.3711105712306796,"upper_bound":0.9414880853873333},"point_estimate":0.6160441069873096,"standard_error":0.14604936352920073},"Slope":{"confidence_interval":{"confidence_level":0.95,"lower_bound":672.4530119187284,"upper_bound":672.8251464223088},"point_estimate":672.6400520033518,"standard_error":0.09489404309544326},"StdDev":{"confidence_interval":{"confidence_level":0.95,"lower_bound":0.5271384222638699,"upper_bound":1.0356845846910923},"point_estimate":0.8000509685424212,"standard_error":0.13199095990566512}}