{"Mean":{"confidence_interval":{"confidence_level":0.95,"lower_bound":6812123.182081979,"upper_bound":6820887.447436525},"point_estimate":6816754.76539631,"standard_error":2243.646525588089},"Median":{"confidence_interval":{"confidence_level":0.95,"lower_bound":6816111.366666667,"upper_bound":6821304.041666667},"point_estimate":6818185.765151516,"standard_error":1267.8028365377568},"MedianAbsDev":{"confidence_interval":{"confidence_level":0.95,"lower_bound":3757.5063152909097,"upper_bound":12763.755481332031},"point_estimate":7777.07387923754,"standard_error":2596.4970732445227},"Slope":{"confidence_interval":{"confidence_level":0.95,"lower_bound":6817259.28320474,"upper_bound":6822323.638094097},"point_estimate":6819581.84029614,"standard_error":1293.7504630578037},"StdDev":{"confidence_interval":{"confidence_level":0.95,"lower_bound":7551.756742931816,"upper_bound":16097.240048010113},"point_estimate":12537.449320556892,"standard_error":2175.387119355033}}