{"Mean":{"confidence_interval":{"confidence_level":0.95,"lower_bound":425.84316682233134,"upper_bound":426.0219363737397},"point_estimate":425.92545114666046,"standard_error":0.045874200009504526},"Median":{"confidence_interval":{"confidence_level":0.95,"lower_bound":425.79330467293596,"upper_bound":425.84699915225167},"point_estimate":425.82477074509495,"standard_error":0.015562080999087553},"MedianAbsDev":{"confidence_interval":{"confidence_level":0.95,"lower_bound":0.036138000280651485,"upper_bound":0.1241857694772142},"point_estimate":0.06483729911677855,"standard_error":0.023179522165215242},"Slope":{"confidence_interval":{"confidence_level":0.95,"lower_bound":425.84602745877595,"upper_bound":426.0515475733365},"point_estimate":425.93456376518185,"standard_error":0.05300590396856884},"StdDev":{"confidence_interval":{"confidence_level":0.95,"lower_bound":0.13325785545277713,"upper_bound":0.3421418552235492},"point_estimate":0.2560466256706443,"standard_error":0.05356273191379019}}