{"Mean":{"confidence_interval":{"confidence_level":0.95,"lower_bound":653.4867997612547,"upper_bound":654.7036460088191},"point_estimate":654.0257073583045,"standard_error":0.3125820412282373},"Median":{"confidence_interval":{"confidence_level":0.95,"lower_bound":653.4719229030779,"upper_bound":654.4100446453147},"point_estimate":653.8451314036574,"standard_error":0.2621760546255266},"MedianAbsDev":{"confidence_interval":{"confidence_level":0.95,"lower_bound":0.5808859934819619,"upper_bound":1.6257109678678763},"point_estimate":0.9553794592247163,"standard_error":0.24676693417573364},"Slope":{"confidence_interval":{"confidence_level":0.95,"lower_bound":653.1443782296158,"upper_bound":654.2874205665252},"point_estimate":653.7087685675671,"standard_error":0.2917514363672018},"StdDev":{"confidence_interval":{"confidence_level":0.95,"lower_bound":0.8452776091102264,"upper_bound":2.628402934325585},"point_estimate":1.7416986472289393,"standard_error":0.5293674588981487}}