{"Mean":{"confidence_interval":{"confidence_level":0.95,"lower_bound":603958.4756405028,"upper_bound":605096.2262646377},"point_estimate":604560.9946723657,"standard_error":290.3921142614869},"Median":{"confidence_interval":{"confidence_level":0.95,"lower_bound":603945.1084656084,"upper_bound":605141.0427083333},"point_estimate":604665.0314102564,"standard_error":310.2878993410698},"MedianAbsDev":{"confidence_interval":{"confidence_level":0.95,"lower_bound":730.8741010594686,"upper_bound":1781.8111936014466},"point_estimate":1346.3153954998477,"standard_error":283.69727521953524},"Slope":{"confidence_interval":{"confidence_level":0.95,"lower_bound":604231.678861416,"upper_bound":605055.727996148},"point_estimate":604625.9052059463,"standard_error":210.55650427998225},"StdDev":{"confidence_interval":{"confidence_level":0.95,"lower_bound":957.2164518991323,"upper_bound":2267.4699079670568},"point_estimate":1615.3828905763114,"standard_error":360.4947438316382}}