{"Mean":{"confidence_interval":{"confidence_level":0.95,"lower_bound":1378.1772616178525,"upper_bound":1380.0457243063165},"point_estimate":1379.1377608442492,"standard_error":0.4781773507514295},"Median":{"confidence_interval":{"confidence_level":0.95,"lower_bound":1378.029146404869,"upper_bound":1380.954086384072},"point_estimate":1379.9967242231114,"standard_error":0.7450873668052271},"MedianAbsDev":{"confidence_interval":{"confidence_level":0.95,"lower_bound":1.005825055167951,"upper_bound":3.990645263825528},"point_estimate":2.3957506910536566,"standard_error":0.7980670495365053},"Slope":{"confidence_interval":{"confidence_level":0.95,"lower_bound":1377.7760857867909,"upper_bound":1380.0068640457898},"point_estimate":1378.9894658774772,"standard_error":0.5723120780025849},"StdDev":{"confidence_interval":{"confidence_level":0.95,"lower_bound":2.0254889346437457,"upper_bound":3.087437216951824},"point_estimate":2.657326462000463,"standard_error":0.27070434116259806}}