{"Mean":{"confidence_interval":{"confidence_level":0.95,"lower_bound":438.6312222047976,"upper_bound":439.09457745256304},"point_estimate":438.8416495624099,"standard_error":0.11808823963912685},"Median":{"confidence_interval":{"confidence_level":0.95,"lower_bound":438.59218207797505,"upper_bound":438.9607341634347},"point_estimate":438.75012512001695,"standard_error":0.11309259602387635},"MedianAbsDev":{"confidence_interval":{"confidence_level":0.95,"lower_bound":0.2507331276474207,"upper_bound":0.5693680217349593},"point_estimate":0.41585763946946686,"standard_error":0.08596638002105579},"Slope":{"confidence_interval":{"confidence_level":0.95,"lower_bound":438.7901641145711,"upper_bound":439.15976638705894},"point_estimate":438.9669970052922,"standard_error":0.09372919259295923},"StdDev":{"confidence_interval":{"confidence_level":0.95,"lower_bound":0.3316971716536193,"upper_bound":0.9661256527687302},"point_estimate":0.6604957485332591,"standard_error":0.17692158441763375}}