{"Mean":{"confidence_interval":{"confidence_level":0.95,"lower_bound":-0.0021129442950058885,"upper_bound":-0.0009113528006937993},"point_estimate":-0.0014668494876420857,"standard_error":0.00030731072966033734},"Median":{"confidence_interval":{"confidence_level":0.95,"lower_bound":-0.0016102468333484277,"upper_bound":-0.0009333864536962309},"point_estimate":-0.001299992991956267,"standard_error":0.00019134070705199458}}