{"Mean":{"confidence_interval":{"confidence_level":0.95,"lower_bound":47619110.82710634,"upper_bound":47746515.310165785},"point_estimate":47685748.99342732,"standard_error":32589.10238776474},"Median":{"confidence_interval":{"confidence_level":0.95,"lower_bound":47609265.7,"upper_bound":47779474.038461536},"point_estimate":47711658.37719299,"standard_error":40819.66601247413},"MedianAbsDev":{"confidence_interval":{"confidence_level":0.95,"lower_bound":73498.53464514385,"upper_bound":231894.42557305982},"point_estimate":151807.38051120684,"standard_error":39119.2154680729},"Slope":{"confidence_interval":{"confidence_level":0.95,"lower_bound":47615896.24785999,"upper_bound":47745652.35906336},"point_estimate":47672611.05298784,"standard_error":33217.692934703264},"StdDev":{"confidence_interval":{"confidence_level":0.95,"lower_bound":118437.22841677307,"upper_bound":242564.35449502585},"point_estimate":182119.1246561518,"standard_error":33221.09944950878}}