{"Mean":{"confidence_interval":{"confidence_level":0.95,"lower_bound":410.0151815842608,"upper_bound":411.4896405052637},"point_estimate":410.78127561616003,"standard_error":0.3769353647801689},"Median":{"confidence_interval":{"confidence_level":0.95,"lower_bound":409.88096557392,"upper_bound":412.1872809624233},"point_estimate":411.7394407037237,"standard_error":0.5865808405269662},"MedianAbsDev":{"confidence_interval":{"confidence_level":0.95,"lower_bound":0.4748031883490613,"upper_bound":3.216186157292741},"point_estimate":1.1863985654978049,"standard_error":0.7017007976390308},"Slope":{"confidence_interval":{"confidence_level":0.95,"lower_bound":410.13548249225454,"upper_bound":411.914659744933},"point_estimate":411.1241523944548,"standard_error":0.4555683871115879},"StdDev":{"confidence_interval":{"confidence_level":0.95,"lower_bound":1.5483850213950492,"upper_bound":2.485787311982771},"point_estimate":2.106456633520931,"standard_error":0.23855610071641495}}