{"Mean":{"confidence_interval":{"confidence_level":0.95,"lower_bound":404.34417317592573,"upper_bound":405.0578303746479},"point_estimate":404.64802385961707,"standard_error":0.1854450184782602},"Median":{"confidence_interval":{"confidence_level":0.95,"lower_bound":404.22942077284256,"upper_bound":404.6703810547642},"point_estimate":404.4270771156026,"standard_error":0.11938846919573122},"MedianAbsDev":{"confidence_interval":{"confidence_level":0.95,"lower_bound":0.28600517578754037,"upper_bound":0.635218723819525},"point_estimate":0.49221925354798785,"standard_error":0.09078170296515804},"Slope":{"confidence_interval":{"confidence_level":0.95,"lower_bound":404.3535969024122,"upper_bound":404.6517336682393},"point_estimate":404.50175407858234,"standard_error":0.0758720572529485},"StdDev":{"confidence_interval":{"confidence_level":0.95,"lower_bound":0.33416698255038935,"upper_bound":1.5772238331409099},"point_estimate":1.0336260414390142,"standard_error":0.35487768451934926}}