{"Mean":{"confidence_interval":{"confidence_level":0.95,"lower_bound":420170.58740446455,"upper_bound":422761.77861103124},"point_estimate":421330.36257442343,"standard_error":662.7124567077634},"Median":{"confidence_interval":{"confidence_level":0.95,"lower_bound":420081.07414215687,"upper_bound":421803.59399801586},"point_estimate":420930.3494190405,"standard_error":412.51144996652243},"MedianAbsDev":{"confidence_interval":{"confidence_level":0.95,"lower_bound":1146.9944223451166,"upper_bound":3349.056265561316},"point_estimate":2417.676978258227,"standard_error":597.16853460913},"Slope":{"confidence_interval":{"confidence_level":0.95,"lower_bound":420378.33079788915,"upper_bound":421882.1208976953},"point_estimate":421079.07501322054,"standard_error":381.70155580564864},"StdDev":{"confidence_interval":{"confidence_level":0.95,"lower_bound":1844.3998209593842,"upper_bound":5458.215876481697},"point_estimate":3699.5340628744684,"standard_error":1041.8014766465067}}