{"Mean":{"confidence_interval":{"confidence_level":0.95,"lower_bound":186504.3939297994,"upper_bound":187055.76343488198},"point_estimate":186728.3084189128,"standard_error":145.15071541272295},"Median":{"confidence_interval":{"confidence_level":0.95,"lower_bound":186422.1375730994,"upper_bound":186737.39951267056},"point_estimate":186582.20150012712,"standard_error":74.5618102116582},"MedianAbsDev":{"confidence_interval":{"confidence_level":0.95,"lower_bound":182.92675397462298,"upper_bound":572.1940405295301},"point_estimate":367.136979192,"standard_error":98.09669890062943},"Slope":{"confidence_interval":{"confidence_level":0.95,"lower_bound":186365.18290899158,"upper_bound":186567.19301148682},"point_estimate":186451.1062168907,"standard_error":51.235007457332074},"StdDev":{"confidence_interval":{"confidence_level":0.95,"lower_bound":276.939230825636,"upper_bound":1291.986437535258},"point_estimate":809.3324124309976,"standard_error":329.82382721762514}}