{"Mean":{"confidence_interval":{"confidence_level":0.95,"lower_bound":-0.003997017387720373,"upper_bound":-0.0027729137967672595},"point_estimate":-0.003399232239125527,"standard_error":0.0003122969850352206},"Median":{"confidence_interval":{"confidence_level":0.95,"lower_bound":-0.00478520082808076,"upper_bound":-0.0023593179530392305},"point_estimate":-0.003106896001225823,"standard_error":0.0005559085069420435}}