{"Mean":{"confidence_interval":{"confidence_level":0.95,"lower_bound":398672.55789878196,"upper_bound":399467.7591809773},"point_estimate":399000.290934144,"standard_error":208.0273973321869},"Median":{"confidence_interval":{"confidence_level":0.95,"lower_bound":398682.792680776,"upper_bound":399085.751374624},"point_estimate":398951.8938746439,"standard_error":116.67239842357597},"MedianAbsDev":{"confidence_interval":{"confidence_level":0.95,"lower_bound":230.7309936815458,"upper_bound":802.5376413076469},"point_estimate":433.7928672986433,"standard_error":141.70284395327636},"Slope":{"confidence_interval":{"confidence_level":0.95,"lower_bound":398797.8284577647,"upper_bound":399059.84144250647},"point_estimate":398947.681924124,"standard_error":67.01321301091686},"StdDev":{"confidence_interval":{"confidence_level":0.95,"lower_bound":404.3206830908648,"upper_bound":1850.5073970457502},"point_estimate":1161.0137354441365,"standard_error":461.788065319696}}