{"Mean":{"confidence_interval":{"confidence_level":0.95,"lower_bound":9088011.193420002,"upper_bound":9111840.632838005},"point_estimate":9100043.268861882,"standard_error":6058.47721682441},"Median":{"confidence_interval":{"confidence_level":0.95,"lower_bound":9091184.645432692,"upper_bound":9108788.633214286},"point_estimate":9103255.014170041,"standard_error":5215.750301954107},"MedianAbsDev":{"confidence_interval":{"confidence_level":0.95,"lower_bound":13429.363420160853,"upper_bound":43475.282171463354},"point_estimate":26095.077820223003,"standard_error":7352.350286399452},"Slope":{"confidence_interval":{"confidence_level":0.95,"lower_bound":9091404.31078727,"upper_bound":9114683.628985384},"point_estimate":9103113.050819673,"standard_error":5893.234434258971},"StdDev":{"confidence_interval":{"confidence_level":0.95,"lower_bound":24042.20547292176,"upper_bound":41237.71928710286},"point_estimate":33773.93240757871,"standard_error":4380.406325999448}}