{"Mean":{"confidence_interval":{"confidence_level":0.95,"lower_bound":223757.7735313338,"upper_bound":223852.1606111142},"point_estimate":223804.18026014228,"standard_error":24.08235141924836},"Median":{"confidence_interval":{"confidence_level":0.95,"lower_bound":223758.56235334714,"upper_bound":223825.15675925926},"point_estimate":223792.88783068783,"standard_error":16.62364906806537},"MedianAbsDev":{"confidence_interval":{"confidence_level":0.95,"lower_bound":41.83788258475777,"upper_bound":138.01506259250291},"point_estimate":62.90698997052292,"standard_error":24.890348563257323},"Slope":{"confidence_interval":{"confidence_level":0.95,"lower_bound":223781.04647168046,"upper_bound":223867.51579410816},"point_estimate":223819.7059827252,"standard_error":22.175049038678093},"StdDev":{"confidence_interval":{"confidence_level":0.95,"lower_bound":83.83507349597417,"upper_bound":173.8458844398587},"point_estimate":133.5859326763002,"standard_error":23.039854579750152}}