{"Mean":{"confidence_interval":{"confidence_level":0.95,"lower_bound":696274.5300888498,"upper_bound":697553.0952308772},"point_estimate":696861.0184800744,"standard_error":327.4461140006425},"Median":{"confidence_interval":{"confidence_level":0.95,"lower_bound":695986.84375,"upper_bound":696698.4662698413},"point_estimate":696485.4829166667,"standard_error":187.14497626657425},"MedianAbsDev":{"confidence_interval":{"confidence_level":0.95,"lower_bound":491.61451012079857,"upper_bound":1575.9014851561496},"point_estimate":928.4727178912977,"standard_error":268.96090142138297},"Slope":{"confidence_interval":{"confidence_level":0.95,"lower_bound":696275.3333555092,"upper_bound":697878.6545915209},"point_estimate":696935.5556980433,"standard_error":427.023820938225},"StdDev":{"confidence_interval":{"confidence_level":0.95,"lower_bound":942.382188854683,"upper_bound":2382.41170913085},"point_estimate":1822.387538519451,"standard_error":363.14341231869844}}