{"Mean":{"confidence_interval":{"confidence_level":0.95,"lower_bound":147637.12340159682,"upper_bound":147876.47446626145},"point_estimate":147736.1010041394,"standard_error":62.25625047740321},"Median":{"confidence_interval":{"confidence_level":0.95,"lower_bound":147581.76001112346,"upper_bound":147715.80056925997},"point_estimate":147620.9058520798,"standard_error":44.79466430884156},"MedianAbsDev":{"confidence_interval":{"confidence_level":0.95,"lower_bound":79.31770710823317,"upper_bound":253.59539848515158},"point_estimate":136.19172202430067,"standard_error":45.47982910068531},"Slope":{"confidence_interval":{"confidence_level":0.95,"lower_bound":147630.45686613905,"upper_bound":147783.13946188212},"point_estimate":147695.20092458333,"standard_error":39.01890250715939},"StdDev":{"confidence_interval":{"confidence_level":0.95,"lower_bound":129.9539394192313,"upper_bound":542.100597329835},"point_estimate":347.27548497592426,"standard_error":130.22516201332027}}