{"Mean":{"confidence_interval":{"confidence_level":0.95,"lower_bound":613.0849891852607,"upper_bound":613.5443526996198},"point_estimate":613.3401906020481,"standard_error":0.1180364942421915},"Median":{"confidence_interval":{"confidence_level":0.95,"lower_bound":613.3913602242494,"upper_bound":613.5755885448646},"point_estimate":613.51752436738,"standard_error":0.044731995432058365},"MedianAbsDev":{"confidence_interval":{"confidence_level":0.95,"lower_bound":0.0959902377485299,"upper_bound":0.40596438131675155},"point_estimate":0.22793988255861283,"standard_error":0.07807865939225059},"Slope":{"confidence_interval":{"confidence_level":0.95,"lower_bound":612.8408716224907,"upper_bound":613.4935998611134},"point_estimate":613.2241669505737,"standard_error":0.16857722596698885},"StdDev":{"confidence_interval":{"confidence_level":0.95,"lower_bound":0.2913179791525482,"upper_bound":0.9612130889717331},"point_estimate":0.6570566828718408,"standard_error":0.18262532690522335}}