{"Mean":{"confidence_interval":{"confidence_level":0.95,"lower_bound":474.0011810603931,"upper_bound":474.3843580695061},"point_estimate":474.181608547875,"standard_error":0.09772262511805939},"Median":{"confidence_interval":{"confidence_level":0.95,"lower_bound":473.9291251306714,"upper_bound":474.3325885748164},"point_estimate":474.2232636592142,"standard_error":0.10661809594673105},"MedianAbsDev":{"confidence_interval":{"confidence_level":0.95,"lower_bound":0.1986035529409548,"upper_bound":0.6060749310312927},"point_estimate":0.436089774675397,"standard_error":0.10701172113511713},"Slope":{"confidence_interval":{"confidence_level":0.95,"lower_bound":473.8581748105114,"upper_bound":474.1447812650462},"point_estimate":473.9895241632503,"standard_error":0.07313133007277932},"StdDev":{"confidence_interval":{"confidence_level":0.95,"lower_bound":0.32422977954845916,"upper_bound":0.7569840953017687},"point_estimate":0.5450327196164443,"standard_error":0.11849489140615593}}