{"Mean":{"confidence_interval":{"confidence_level":0.95,"lower_bound":62946639.59876663,"upper_bound":63125099.65694181},"point_estimate":63035541.86120761,"standard_error":45601.234176394144},"Median":{"confidence_interval":{"confidence_level":0.95,"lower_bound":62945245.64492754,"upper_bound":63132917.75},"point_estimate":63032874.8125,"standard_error":42866.16345190541},"MedianAbsDev":{"confidence_interval":{"confidence_level":0.95,"lower_bound":117891.652917995,"upper_bound":385003.0746523217},"point_estimate":191217.42871641903,"standard_error":67302.42507064353},"Slope":{"confidence_interval":{"confidence_level":0.95,"lower_bound":62952221.78813306,"upper_bound":63116063.898321375},"point_estimate":63030757.14627182,"standard_error":41883.765836664636},"StdDev":{"confidence_interval":{"confidence_level":0.95,"lower_bound":187634.42268722772,"upper_bound":308090.7965537621},"point_estimate":255008.3332310323,"standard_error":30764.486947459933}}