{"Mean":{"confidence_interval":{"confidence_level":0.95,"lower_bound":192401.80663994874,"upper_bound":193143.85709635634},"point_estimate":192770.90934847022,"standard_error":190.61415409881377},"Median":{"confidence_interval":{"confidence_level":0.95,"lower_bound":192406.43163747987,"upper_bound":193142.06271665753},"point_estimate":192766.72234093066,"standard_error":198.07637413777016},"MedianAbsDev":{"confidence_interval":{"confidence_level":0.95,"lower_bound":510.5276426278851,"upper_bound":1512.659675721615},"point_estimate":953.4280774914708,"standard_error":273.0539645701746},"Slope":{"confidence_interval":{"confidence_level":0.95,"lower_bound":192526.29807188766,"upper_bound":193101.19178788003},"point_estimate":192815.59051648158,"standard_error":146.15273679051265},"StdDev":{"confidence_interval":{"confidence_level":0.95,"lower_bound":777.3280696394961,"upper_bound":1291.9082584504117},"point_estimate":1063.499748227936,"standard_error":131.7991728627966}}