{"Mean":{"confidence_interval":{"confidence_level":0.95,"lower_bound":412.17881143093126,"upper_bound":412.9264893110856},"point_estimate":412.47846037730324,"standard_error":0.19618398028359504},"Median":{"confidence_interval":{"confidence_level":0.95,"lower_bound":412.1083888672602,"upper_bound":412.25577476682145},"point_estimate":412.1962859363605,"standard_error":0.04357016027717004},"MedianAbsDev":{"confidence_interval":{"confidence_level":0.95,"lower_bound":0.10362237253015548,"upper_bound":0.3133146630489385},"point_estimate":0.1532562902980041,"standard_error":0.0547821899714817},"Slope":{"confidence_interval":{"confidence_level":0.95,"lower_bound":412.1238986551616,"upper_bound":412.30819813856755},"point_estimate":412.2072502371452,"standard_error":0.04735721799201209},"StdDev":{"confidence_interval":{"confidence_level":0.95,"lower_bound":0.20101876575126565,"upper_bound":1.7179179231600137},"point_estimate":1.0898658264600973,"standard_error":0.44476040904265257}}