{"Mean":{"confidence_interval":{"confidence_level":0.95,"lower_bound":401.21269454371435,"upper_bound":401.7595919773482},"point_estimate":401.50210104527355,"standard_error":0.14019084930100806},"Median":{"confidence_interval":{"confidence_level":0.95,"lower_bound":401.3307439730187,"upper_bound":401.9593085844515},"point_estimate":401.5459719687023,"standard_error":0.15775714154223242},"MedianAbsDev":{"confidence_interval":{"confidence_level":0.95,"lower_bound":0.3772122972959593,"upper_bound":0.8487063750959984},"point_estimate":0.6128128556301428,"standard_error":0.12869218762061502},"Slope":{"confidence_interval":{"confidence_level":0.95,"lower_bound":401.4069004423428,"upper_bound":401.8964993275913},"point_estimate":401.65696833631057,"standard_error":0.12545004452334776},"StdDev":{"confidence_interval":{"confidence_level":0.95,"lower_bound":0.4548885299604795,"upper_bound":0.9973697549561765},"point_estimate":0.7781977930949783,"standard_error":0.1350486537635422}}