{"Mean":{"confidence_interval":{"confidence_level":0.95,"lower_bound":1404516.1733995993,"upper_bound":1406816.9727183236},"point_estimate":1405514.898456429,"standard_error":594.6349721064543},"Median":{"confidence_interval":{"confidence_level":0.95,"lower_bound":1404014.35,"upper_bound":1405393.219034091},"point_estimate":1404593.0227941177,"standard_error":362.91694051045874},"MedianAbsDev":{"confidence_interval":{"confidence_level":0.95,"lower_bound":807.8264585528425,"upper_bound":2050.1021786032725},"point_estimate":1418.9928334291724,"standard_error":323.65629403674706},"Slope":{"confidence_interval":{"confidence_level":0.95,"lower_bound":1404063.633088825,"upper_bound":1408275.8265686377},"point_estimate":1405833.8333024855,"standard_error":1106.6029745899561},"StdDev":{"confidence_interval":{"confidence_level":0.95,"lower_bound":1041.0177049942697,"upper_bound":4815.943412307918},"point_estimate":3307.3143155106713,"standard_error":1014.9150802981515}}