{"Mean":{"confidence_interval":{"confidence_level":0.95,"lower_bound":0.0017657260384500051,"upper_bound":0.002420134089963293},"point_estimate":0.0020997825197628384,"standard_error":0.0001671260076976627},"Median":{"confidence_interval":{"confidence_level":0.95,"lower_bound":0.0019695641460899527,"upper_bound":0.0025922728020857377},"point_estimate":0.0023005731362844006,"standard_error":0.0001499108049074858}}