{"Mean":{"confidence_interval":{"confidence_level":0.95,"lower_bound":35930.28213201452,"upper_bound":35975.81843119206},"point_estimate":35950.88131266355,"standard_error":11.700829623245953},"Median":{"confidence_interval":{"confidence_level":0.95,"lower_bound":35925.88738071139,"upper_bound":35951.13123561801},"point_estimate":35934.89261363636,"standard_error":7.393265506383383},"MedianAbsDev":{"confidence_interval":{"confidence_level":0.95,"lower_bound":18.569312224410975,"upper_bound":53.43541974289671},"point_estimate":31.932653345139386,"standard_error":8.415086183352745},"Slope":{"confidence_interval":{"confidence_level":0.95,"lower_bound":35912.281244506594,"upper_bound":35930.380909965694},"point_estimate":35920.79100953911,"standard_error":4.609479701292604},"StdDev":{"confidence_interval":{"confidence_level":0.95,"lower_bound":32.73970025091308,"upper_bound":91.98460277931747},"point_estimate":65.20759051555451,"standard_error":15.9053040012378}}