{"Mean":{"confidence_interval":{"confidence_level":0.95,"lower_bound":17393144.167274393,"upper_bound":17407414.255049363},"point_estimate":17400185.185173027,"standard_error":3620.745745599399},"Median":{"confidence_interval":{"confidence_level":0.95,"lower_bound":17392809.758333333,"upper_bound":17405329.623376623},"point_estimate":17399824.00631579,"standard_error":3703.3651045665865},"MedianAbsDev":{"confidence_interval":{"confidence_level":0.95,"lower_bound":9174.791949614882,"upper_bound":25154.861482896096},"point_estimate":15635.86579253349,"standard_error":4108.743941560389},"Slope":{"confidence_interval":{"confidence_level":0.95,"lower_bound":17387925.653005753,"upper_bound":17401016.184795238},"point_estimate":17394273.024325754,"standard_error":3347.094190435405},"StdDev":{"confidence_interval":{"confidence_level":0.95,"lower_bound":14069.161321698259,"upper_bound":24995.574874282094},"point_estimate":20231.882498369832,"standard_error":2784.130256921094}}