{"Mean":{"confidence_interval":{"confidence_level":0.95,"lower_bound":735.1767368608977,"upper_bound":736.4076159214047},"point_estimate":735.6545981447281,"standard_error":0.3307648769432721},"Median":{"confidence_interval":{"confidence_level":0.95,"lower_bound":734.9172926521976,"upper_bound":735.9064880544247},"point_estimate":735.0799604259419,"standard_error":0.25856970947988056},"MedianAbsDev":{"confidence_interval":{"confidence_level":0.95,"lower_bound":0.2613185870319179,"upper_bound":1.0227561666083678},"point_estimate":0.6148736414098125,"standard_error":0.22042063357085834},"Slope":{"confidence_interval":{"confidence_level":0.95,"lower_bound":735.2269114626705,"upper_bound":736.0093601286445},"point_estimate":735.5676677299944,"standard_error":0.2004234633399577},"StdDev":{"confidence_interval":{"confidence_level":0.95,"lower_bound":0.528254496608133,"upper_bound":2.993760745171896},"point_estimate":1.839840572182557,"standard_error":0.8329615933848737}}