{"Mean":{"confidence_interval":{"confidence_level":0.95,"lower_bound":56837.91764912275,"upper_bound":56867.314009927744},"point_estimate":56851.585050628804,"standard_error":7.531754510103293},"Median":{"confidence_interval":{"confidence_level":0.95,"lower_bound":56833.2950939593,"upper_bound":56860.276979430826},"point_estimate":56842.49989433643,"standard_error":7.866320572462676},"MedianAbsDev":{"confidence_interval":{"confidence_level":0.95,"lower_bound":19.076996939419168,"upper_bound":49.03037624985005},"point_estimate":29.280957838144452,"standard_error":7.5903463744152075},"Slope":{"confidence_interval":{"confidence_level":0.95,"lower_bound":56830.56680926966,"upper_bound":56856.88697705883},"point_estimate":56842.64585157348,"standard_error":6.698854077841362},"StdDev":{"confidence_interval":{"confidence_level":0.95,"lower_bound":24.706390313811404,"upper_bound":55.98796417657686},"point_estimate":41.921373083279384,"standard_error":8.21301511528495}}