{"Mean":{"confidence_interval":{"confidence_level":0.95,"lower_bound":392.36825135800194,"upper_bound":393.7139069491133},"point_estimate":393.05079231371013,"standard_error":0.3437968201047941},"Median":{"confidence_interval":{"confidence_level":0.95,"lower_bound":391.6166739275236,"upper_bound":394.7712563960987},"point_estimate":394.03689771360786,"standard_error":1.2014811648342638},"MedianAbsDev":{"confidence_interval":{"confidence_level":0.95,"lower_bound":0.24299001149540925,"upper_bound":2.97349527316589},"point_estimate":1.5917582510259158,"standard_error":0.8834304268916642},"Slope":{"confidence_interval":{"confidence_level":0.95,"lower_bound":393.8082357788771,"upper_bound":394.6544166127051},"point_estimate":394.332539578845,"standard_error":0.21754888368215014},"StdDev":{"confidence_interval":{"confidence_level":0.95,"lower_bound":1.6635104107848664,"upper_bound":2.0347824550509164},"point_estimate":1.9082849826275923,"standard_error":0.09459390723099441}}