{"Mean":{"confidence_interval":{"confidence_level":0.95,"lower_bound":621.0251374131245,"upper_bound":621.235310873127},"point_estimate":621.1221796720254,"standard_error":0.053813577354512185},"Median":{"confidence_interval":{"confidence_level":0.95,"lower_bound":620.9831860954505,"upper_bound":621.0748555304305},"point_estimate":621.0162990601327,"standard_error":0.032330283416918265},"MedianAbsDev":{"confidence_interval":{"confidence_level":0.95,"lower_bound":0.06675001214394334,"upper_bound":0.3182219112055149},"point_estimate":0.1594990476162769,"standard_error":0.06908014974379434},"Slope":{"confidence_interval":{"confidence_level":0.95,"lower_bound":621.0334299174219,"upper_bound":621.2497766601659},"point_estimate":621.1370951322646,"standard_error":0.05522032939865996},"StdDev":{"confidence_interval":{"confidence_level":0.95,"lower_bound":0.1780089141550227,"upper_bound":0.40480582343578947},"point_estimate":0.2990000580360389,"standard_error":0.06089926152563165}}