{"Mean":{"confidence_interval":{"confidence_level":0.95,"lower_bound":1912.9128886498972,"upper_bound":1914.4468619814713},"point_estimate":1913.6606316914365,"standard_error":0.39117949563275406},"Median":{"confidence_interval":{"confidence_level":0.95,"lower_bound":1912.4197011589315,"upper_bound":1914.4210791159132},"point_estimate":1913.3762848787555,"standard_error":0.5322235900849366},"MedianAbsDev":{"confidence_interval":{"confidence_level":0.95,"lower_bound":1.2828868093657426,"upper_bound":3.6409342468125048},"point_estimate":2.430573291965746,"standard_error":0.5967234577989747},"Slope":{"confidence_interval":{"confidence_level":0.95,"lower_bound":1913.3176114061434,"upper_bound":1915.1800848241855},"point_estimate":1914.1730088050633,"standard_error":0.4750829328071778},"StdDev":{"confidence_interval":{"confidence_level":0.95,"lower_bound":1.640076011165819,"upper_bound":2.614889623620357},"point_estimate":2.19317751858212,"standard_error":0.24936904990921302}}