{"Mean":{"confidence_interval":{"confidence_level":0.95,"lower_bound":398.0116096324637,"upper_bound":398.2913818870488},"point_estimate":398.1457992795765,"standard_error":0.07136879189431562},"Median":{"confidence_interval":{"confidence_level":0.95,"lower_bound":398.05944098918997,"upper_bound":398.08226524542886},"point_estimate":398.0737688011677,"standard_error":0.006906548124680634},"MedianAbsDev":{"confidence_interval":{"confidence_level":0.95,"lower_bound":0.013959848152919965,"upper_bound":0.10139216519978832},"point_estimate":0.044709150694491995,"standard_error":0.045065057931264654},"Slope":{"confidence_interval":{"confidence_level":0.95,"lower_bound":397.85347665727875,"upper_bound":398.3489051013813},"point_estimate":398.082758345528,"standard_error":0.12600002663049292},"StdDev":{"confidence_interval":{"confidence_level":0.95,"lower_bound":0.22564344060676544,"upper_bound":0.5247278073655407},"point_estimate":0.3988636395998654,"standard_error":0.07625313356230928}}