{"Mean":{"confidence_interval":{"confidence_level":0.95,"lower_bound":522817.4845966731,"upper_bound":523633.61630813853},"point_estimate":523134.5982815271,"standard_error":223.1287771348841},"Median":{"confidence_interval":{"confidence_level":0.95,"lower_bound":522785.33598343685,"upper_bound":523059.0667989418},"point_estimate":522885.332010582,"standard_error":72.02918473919928},"MedianAbsDev":{"confidence_interval":{"confidence_level":0.95,"lower_bound":198.3801915891866,"upper_bound":639.4001650372543},"point_estimate":337.2904154007506,"standard_error":118.75593583052427},"Slope":{"confidence_interval":{"confidence_level":0.95,"lower_bound":522774.41959869256,"upper_bound":523054.420070605},"point_estimate":522912.5819445494,"standard_error":71.25000806726312},"StdDev":{"confidence_interval":{"confidence_level":0.95,"lower_bound":308.79813961425896,"upper_bound":2028.5332869973113},"point_estimate":1239.3207232781033,"standard_error":579.3068289398639}}