{"Mean":{"confidence_interval":{"confidence_level":0.95,"lower_bound":53780761.626008496,"upper_bound":54220028.98033807},"point_estimate":54017789.26764958,"standard_error":111962.66261303518},"Median":{"confidence_interval":{"confidence_level":0.95,"lower_bound":53931257.455,"upper_bound":54204954.18534483},"point_estimate":54126736.77083333,"standard_error":56908.92725595944},"MedianAbsDev":{"confidence_interval":{"confidence_level":0.95,"lower_bound":111947.44520477891,"upper_bound":468522.0808882291},"point_estimate":254667.87034574233,"standard_error":88260.27516216296},"Slope":{"confidence_interval":{"confidence_level":0.95,"lower_bound":53835115.055498034,"upper_bound":54127476.37670591},"point_estimate":53990140.55388683,"standard_error":75012.36889472506},"StdDev":{"confidence_interval":{"confidence_level":0.95,"lower_bound":273771.2793010624,"upper_bound":924954.6714483234},"point_estimate":623867.2902357359,"standard_error":176355.30883676157}}