{"Mean":{"confidence_interval":{"confidence_level":0.95,"lower_bound":0.0013121532327745715,"upper_bound":0.004118115736964367},"point_estimate":0.0027127919840124193,"standard_error":0.0007139810036264955},"Median":{"confidence_interval":{"confidence_level":0.95,"lower_bound":0.001333161057545329,"upper_bound":0.0035782449995365173},"point_estimate":0.0022502179669441347,"standard_error":0.0006013407859734608}}