{"Mean":{"confidence_interval":{"confidence_level":0.95,"lower_bound":387.92304108092816,"upper_bound":388.1556692530851},"point_estimate":388.035946188384,"standard_error":0.059331035565304065},"Median":{"confidence_interval":{"confidence_level":0.95,"lower_bound":387.8725924162436,"upper_bound":388.1013488970677},"point_estimate":387.9854420148662,"standard_error":0.07315223995841792},"MedianAbsDev":{"confidence_interval":{"confidence_level":0.95,"lower_bound":0.14625962761516384,"upper_bound":0.38627924625133264},"point_estimate":0.19245084394860973,"standard_error":0.0616624362740306},"Slope":{"confidence_interval":{"confidence_level":0.95,"lower_bound":387.85344580786466,"upper_bound":388.00935655606975},"point_estimate":387.9309637760662,"standard_error":0.0397897115122324},"StdDev":{"confidence_interval":{"confidence_level":0.95,"lower_bound":0.22424017909508542,"upper_bound":0.4129390586754685},"point_estimate":0.33120211285136414,"standard_error":0.04817174634635437}}