{"Mean":{"confidence_interval":{"confidence_level":0.95,"lower_bound":119999.53724097177,"upper_bound":120053.42602386838},"point_estimate":120025.71348398078,"standard_error":13.606630568195232},"Median":{"confidence_interval":{"confidence_level":0.95,"lower_bound":120004.46705665025,"upper_bound":120052.90003483107},"point_estimate":120021.38992042441,"standard_error":13.1326952348991},"MedianAbsDev":{"confidence_interval":{"confidence_level":0.95,"lower_bound":28.37101720760317,"upper_bound":74.19720289139207},"point_estimate":50.04092746408874,"standard_error":11.515707851145923},"Slope":{"confidence_interval":{"confidence_level":0.95,"lower_bound":120008.58399607574,"upper_bound":120041.99050330654},"point_estimate":120024.30769342986,"standard_error":8.54355318560862},"StdDev":{"confidence_interval":{"confidence_level":0.95,"lower_bound":37.580634535115585,"upper_bound":108.11438868935069},"point_estimate":76.10332226632327,"standard_error":18.375142465907075}}