{"Mean":{"confidence_interval":{"confidence_level":0.95,"lower_bound":11849428.111128151,"upper_bound":11919148.5046918},"point_estimate":11883472.04076808,"standard_error":17797.353481488004},"Median":{"confidence_interval":{"confidence_level":0.95,"lower_bound":11830788.664285716,"upper_bound":11903211.746450305},"point_estimate":11879585.443675889,"standard_error":16804.789938421272},"MedianAbsDev":{"confidence_interval":{"confidence_level":0.95,"lower_bound":47271.04106077074,"upper_bound":154772.4660122389},"point_estimate":81397.86734877204,"standard_error":28737.984963679522},"Slope":{"confidence_interval":{"confidence_level":0.95,"lower_bound":11853351.70633466,"upper_bound":11900470.405469883},"point_estimate":11877357.026335273,"standard_error":11982.232971288759},"StdDev":{"confidence_interval":{"confidence_level":0.95,"lower_bound":74750.93971400092,"upper_bound":117092.62559014378},"point_estimate":99304.52457468286,"standard_error":10780.31891954132}}