{"Mean":{"confidence_interval":{"confidence_level":0.95,"lower_bound":471.25873256521334,"upper_bound":471.92416531792975},"point_estimate":471.50751168601107,"standard_error":0.18665954809888444},"Median":{"confidence_interval":{"confidence_level":0.95,"lower_bound":471.207488750401,"upper_bound":471.2483726860206},"point_estimate":471.22239252631005,"standard_error":0.013530609953115108},"MedianAbsDev":{"confidence_interval":{"confidence_level":0.95,"lower_bound":0.026502850848825386,"upper_bound":0.1037110300844365},"point_estimate":0.05185551504221825,"standard_error":0.02437443899209666},"Slope":{"confidence_interval":{"confidence_level":0.95,"lower_bound":471.24803999440115,"upper_bound":471.49582701418154},"point_estimate":471.3577092600464,"standard_error":0.06348884743866276},"StdDev":{"confidence_interval":{"confidence_level":0.95,"lower_bound":0.16496414143529095,"upper_bound":1.7114812840937599},"point_estimate":1.0389750801039948,"standard_error":0.5212787474780222}}