{"Mean":{"confidence_interval":{"confidence_level":0.95,"lower_bound":562704.9332683714,"upper_bound":563404.9587145253},"point_estimate":563041.3560861555,"standard_error":178.54743202872478},"Median":{"confidence_interval":{"confidence_level":0.95,"lower_bound":562396.8187830688,"upper_bound":563305.9132950192},"point_estimate":562769.190821256,"standard_error":217.06170811444673},"MedianAbsDev":{"confidence_interval":{"confidence_level":0.95,"lower_bound":497.90647686067973,"upper_bound":1355.24843747799},"point_estimate":901.0130827774861,"standard_error":222.32780180904345},"Slope":{"confidence_interval":{"confidence_level":0.95,"lower_bound":562975.9728093931,"upper_bound":563783.6846249873},"point_estimate":563396.7638521652,"standard_error":206.00740717216993},"StdDev":{"confidence_interval":{"confidence_level":0.95,"lower_bound":705.9084575236576,"upper_bound":1210.3552051108634},"point_estimate":997.2085113274986,"standard_error":128.6707430886493}}