{"Mean":{"confidence_interval":{"confidence_level":0.95,"lower_bound":485.8608512724179,"upper_bound":486.7380732282547},"point_estimate":486.2193080145822,"standard_error":0.22907369757493753},"Median":{"confidence_interval":{"confidence_level":0.95,"lower_bound":485.8704502035854,"upper_bound":486.1834447746409},"point_estimate":486.03682891320335,"standard_error":0.08689459671171956},"MedianAbsDev":{"confidence_interval":{"confidence_level":0.95,"lower_bound":0.2099429356146929,"upper_bound":0.6814604692005061},"point_estimate":0.4300158307703185,"standard_error":0.12778817953958294},"Slope":{"confidence_interval":{"confidence_level":0.95,"lower_bound":485.8083088035187,"upper_bound":486.154951216016},"point_estimate":485.9808341642812,"standard_error":0.08867784477419705},"StdDev":{"confidence_interval":{"confidence_level":0.95,"lower_bound":0.3616612163632557,"upper_bound":2.0133159486242826},"point_estimate":1.2780458886177997,"standard_error":0.5009704641284556}}