{"Mean":{"confidence_interval":{"confidence_level":0.95,"lower_bound":2195541.2662419886,"upper_bound":2197123.205509647},"point_estimate":2196313.3061570055,"standard_error":403.03150913582914},"Median":{"confidence_interval":{"confidence_level":0.95,"lower_bound":2195647.8869230766,"upper_bound":2196586.2362745097},"point_estimate":2196101.940257649,"standard_error":287.2647706637449},"MedianAbsDev":{"confidence_interval":{"confidence_level":0.95,"lower_bound":735.4966669423437,"upper_bound":2962.2804609092527},"point_estimate":1525.41498991859,"standard_error":582.3418769544998},"Slope":{"confidence_interval":{"confidence_level":0.95,"lower_bound":2195169.4509939495,"upper_bound":2196341.6299587907},"point_estimate":2195725.6058804863,"standard_error":296.8690570630951},"StdDev":{"confidence_interval":{"confidence_level":0.95,"lower_bound":1512.0948477784113,"upper_bound":2863.956000196913},"point_estimate":2248.6861779224655,"standard_error":346.39581695695915}}