{"Mean":{"confidence_interval":{"confidence_level":0.95,"lower_bound":481.33759873810357,"upper_bound":481.40317644430996},"point_estimate":481.3672173369531,"standard_error":0.016919043896490717},"Median":{"confidence_interval":{"confidence_level":0.95,"lower_bound":481.3291124777467,"upper_bound":481.3560897609626},"point_estimate":481.3383226088537,"standard_error":0.00751588714390886},"MedianAbsDev":{"confidence_interval":{"confidence_level":0.95,"lower_bound":0.018530178821273873,"upper_bound":0.0678823910863079},"point_estimate":0.03538752623780395,"standard_error":0.01290330628773115},"Slope":{"confidence_interval":{"confidence_level":0.95,"lower_bound":481.3310944053802,"upper_bound":481.4140074529586},"point_estimate":481.3639351176532,"standard_error":0.02262049764192827},"StdDev":{"confidence_interval":{"confidence_level":0.95,"lower_bound":0.03650259617969748,"upper_bound":0.1295444054318441},"point_estimate":0.09409508810591237,"standard_error":0.022649437473329388}}