{"Mean":{"confidence_interval":{"confidence_level":0.95,"lower_bound":475898.3214510765,"upper_bound":476106.5171650127},"point_estimate":476002.9368160687,"standard_error":53.25448752150447},"Median":{"confidence_interval":{"confidence_level":0.95,"lower_bound":475837.0579710145,"upper_bound":476145.0871423263},"point_estimate":476030.4562198068,"standard_error":75.4380890154477},"MedianAbsDev":{"confidence_interval":{"confidence_level":0.95,"lower_bound":173.85928537492956,"upper_bound":432.32192380198194},"point_estimate":327.97609276430245,"standard_error":66.24012183750649},"Slope":{"confidence_interval":{"confidence_level":0.95,"lower_bound":476020.9000735513,"upper_bound":476228.32380487426},"point_estimate":476131.7453521256,"standard_error":52.985731028424645},"StdDev":{"confidence_interval":{"confidence_level":0.95,"lower_bound":224.73622047708298,"upper_bound":355.1689181661932},"point_estimate":297.1189237745498,"standard_error":33.457274484258704}}