{"Mean":{"confidence_interval":{"confidence_level":0.95,"lower_bound":406.22154804097494,"upper_bound":406.34692033939916},"point_estimate":406.27227562172425,"standard_error":0.03300954625707133},"Median":{"confidence_interval":{"confidence_level":0.95,"lower_bound":406.20294340048423,"upper_bound":406.25368857625494},"point_estimate":406.2295763970543,"standard_error":0.01505109333260117},"MedianAbsDev":{"confidence_interval":{"confidence_level":0.95,"lower_bound":0.030449153078667843,"upper_bound":0.07772457963058381},"point_estimate":0.04833722728898135,"standard_error":0.011654621356052301},"Slope":{"confidence_interval":{"confidence_level":0.95,"lower_bound":406.2222460060471,"upper_bound":406.3342358676367},"point_estimate":406.26980676024164,"standard_error":0.029858578037831124},"StdDev":{"confidence_interval":{"confidence_level":0.95,"lower_bound":0.04432491022521336,"upper_bound":0.2909446980245851},"point_estimate":0.18440710724741655,"standard_error":0.0742943045743563}}