{"Mean":{"confidence_interval":{"confidence_level":0.95,"lower_bound":394.94738912157413,"upper_bound":395.6497962751278},"point_estimate":395.2012297446266,"standard_error":0.2071636114148847},"Median":{"confidence_interval":{"confidence_level":0.95,"lower_bound":394.88469756038535,"upper_bound":395.0574364089717},"point_estimate":394.96193155014004,"standard_error":0.040106554733340946},"MedianAbsDev":{"confidence_interval":{"confidence_level":0.95,"lower_bound":0.09683520580854388,"upper_bound":0.2661421818394043},"point_estimate":0.18288592462735348,"standard_error":0.04450369606542474},"Slope":{"confidence_interval":{"confidence_level":0.95,"lower_bound":394.97164724463704,"upper_bound":395.08975910698825},"point_estimate":395.03171022392394,"standard_error":0.030229284512119866},"StdDev":{"confidence_interval":{"confidence_level":0.95,"lower_bound":0.13977935725790952,"upper_bound":1.928505802862789},"point_estimate":1.1565384881771017,"standard_error":0.6321798528999802}}