{"Mean":{"confidence_interval":{"confidence_level":0.95,"lower_bound":631.8306473060707,"upper_bound":633.0047294925118},"point_estimate":632.3910019664945,"standard_error":0.29894330904168076},"Median":{"confidence_interval":{"confidence_level":0.95,"lower_bound":631.4332271678982,"upper_bound":632.9770746359343},"point_estimate":632.5281185122868,"standard_error":0.4292604486046143},"MedianAbsDev":{"confidence_interval":{"confidence_level":0.95,"lower_bound":0.8481736846750819,"upper_bound":2.1028274430061926},"point_estimate":1.5683449112989958,"standard_error":0.30833017977311183},"Slope":{"confidence_interval":{"confidence_level":0.95,"lower_bound":631.5143749631727,"upper_bound":632.601344652363},"point_estimate":632.0063998533344,"standard_error":0.2766977999332867},"StdDev":{"confidence_interval":{"confidence_level":0.95,"lower_bound":1.092626646429223,"upper_bound":2.217932449723092},"point_estimate":1.6687025762128949,"standard_error":0.3033466770346546}}