{"Mean":{"confidence_interval":{"confidence_level":0.95,"lower_bound":599050.7662814129,"upper_bound":600332.165592706},"point_estimate":599662.115228477,"standard_error":325.7146534776313},"Median":{"confidence_interval":{"confidence_level":0.95,"lower_bound":598992.6580808081,"upper_bound":600199.5939153439},"point_estimate":599553.8652777778,"standard_error":319.65882192991336},"MedianAbsDev":{"confidence_interval":{"confidence_level":0.95,"lower_bound":792.0924712789965,"upper_bound":1872.0100046817458},"point_estimate":1549.7078873019907,"standard_error":274.3587702929744},"Slope":{"confidence_interval":{"confidence_level":0.95,"lower_bound":599389.6058435369,"upper_bound":600279.217487402},"point_estimate":599841.2819495858,"standard_error":227.19085218207067},"StdDev":{"confidence_interval":{"confidence_level":0.95,"lower_bound":1068.7629788387624,"upper_bound":2466.325392294307},"point_estimate":1813.1240674422484,"standard_error":368.49260285615156}}