{"Mean":{"confidence_interval":{"confidence_level":0.95,"lower_bound":456.7084862494609,"upper_bound":462.9762635111898},"point_estimate":459.7809439985483,"standard_error":1.598353153119436},"Median":{"confidence_interval":{"confidence_level":0.95,"lower_bound":453.8712401646692,"upper_bound":463.93079089860913},"point_estimate":455.22841333433416,"standard_error":3.152502186104301},"MedianAbsDev":{"confidence_interval":{"confidence_level":0.95,"lower_bound":2.491816673316776,"upper_bound":13.863403576284371},"point_estimate":8.654505255580725,"standard_error":3.120672552796176},"Slope":{"confidence_interval":{"confidence_level":0.95,"lower_bound":452.27690051795014,"upper_bound":456.4735593379481},"point_estimate":454.0179443305678,"standard_error":1.0718184298821591},"StdDev":{"confidence_interval":{"confidence_level":0.95,"lower_bound":7.087281571058481,"upper_bound":10.084324598201063},"point_estimate":8.901521491956105,"standard_error":0.7629414750727278}}