{"Mean":{"confidence_interval":{"confidence_level":0.95,"lower_bound":680.2185890047042,"upper_bound":681.3064166012},"point_estimate":680.7582993703498,"standard_error":0.2781611668834603},"Median":{"confidence_interval":{"confidence_level":0.95,"lower_bound":680.1024112070393,"upper_bound":681.5710077905815},"point_estimate":680.7446997975453,"standard_error":0.3951311013209956},"MedianAbsDev":{"confidence_interval":{"confidence_level":0.95,"lower_bound":0.9068910645016492,"upper_bound":2.2801545917966695},"point_estimate":1.8484843950290248,"standard_error":0.39684482867998133},"Slope":{"confidence_interval":{"confidence_level":0.95,"lower_bound":680.1024785408254,"upper_bound":681.15885758703},"point_estimate":680.6581924154005,"standard_error":0.2703097009791593},"StdDev":{"confidence_interval":{"confidence_level":0.95,"lower_bound":1.1669929979533094,"upper_bound":1.862936286133818},"point_estimate":1.547503912695126,"standard_error":0.17920715521583616}}