{"Mean":{"confidence_interval":{"confidence_level":0.95,"lower_bound":389.196660135419,"upper_bound":389.92607495356253},"point_estimate":389.5962965389401,"standard_error":0.18736800450003954},"Median":{"confidence_interval":{"confidence_level":0.95,"lower_bound":389.68654822107453,"upper_bound":390.0603441459074},"point_estimate":389.8593127158331,"standard_error":0.08968152067458252},"MedianAbsDev":{"confidence_interval":{"confidence_level":0.95,"lower_bound":0.23492217949615088,"upper_bound":0.7814739029663886},"point_estimate":0.39124180358998245,"standard_error":0.1446812743551094},"Slope":{"confidence_interval":{"confidence_level":0.95,"lower_bound":389.2020475414104,"upper_bound":390.18141875755975},"point_estimate":389.78904993625207,"standard_error":0.2550417780347333},"StdDev":{"confidence_interval":{"confidence_level":0.95,"lower_bound":0.46460892903868367,"upper_bound":1.4509730627827222},"point_estimate":1.0454500778121365,"standard_error":0.25665009665667393}}