{"Mean":{"confidence_interval":{"confidence_level":0.95,"lower_bound":13147958.842139162,"upper_bound":13298318.816695236},"point_estimate":13205850.750240352,"standard_error":40995.74851032828},"Median":{"confidence_interval":{"confidence_level":0.95,"lower_bound":13137351.870614035,"upper_bound":13199531.560344826},"point_estimate":13159384.686956521,"standard_error":15303.514137805572},"MedianAbsDev":{"confidence_interval":{"confidence_level":0.95,"lower_bound":33815.04199325307,"upper_bound":97235.56973705738},"point_estimate":66111.86857627958,"standard_error":15993.39065071579},"Slope":{"confidence_interval":{"confidence_level":0.95,"lower_bound":13134422.76215352,"upper_bound":13179253.241901262},"point_estimate":13157123.690957166,"standard_error":11494.599943487674},"StdDev":{"confidence_interval":{"confidence_level":0.95,"lower_bound":52770.059974639655,"upper_bound":374621.3591973489},"point_estimate":228224.71314205855,"standard_error":108151.11678076866}}