{"Mean":{"confidence_interval":{"confidence_level":0.95,"lower_bound":4917239.5651565,"upper_bound":4923668.670337397},"point_estimate":4920367.047530043,"standard_error":1641.42077709552},"Median":{"confidence_interval":{"confidence_level":0.95,"lower_bound":4914089.948653199,"upper_bound":4923922.075},"point_estimate":4918798.952380952,"standard_error":2814.0566776714486},"MedianAbsDev":{"confidence_interval":{"confidence_level":0.95,"lower_bound":5044.772330436349,"upper_bound":13819.613187412104},"point_estimate":10404.538763199202,"standard_error":2365.4499322336023},"Slope":{"confidence_interval":{"confidence_level":0.95,"lower_bound":4915678.905290955,"upper_bound":4921804.806217074},"point_estimate":4918690.825489159,"standard_error":1571.2660742504813},"StdDev":{"confidence_interval":{"confidence_level":0.95,"lower_bound":7001.006611737106,"upper_bound":10641.242174536641},"point_estimate":9125.138891344457,"standard_error":926.0011365133215}}