{"Mean":{"confidence_interval":{"confidence_level":0.95,"lower_bound":15391023.209128028,"upper_bound":15398197.59529613},"point_estimate":15394626.264234263,"standard_error":1833.4839108713159},"Median":{"confidence_interval":{"confidence_level":0.95,"lower_bound":15392629.822981367,"upper_bound":15397389.884615384},"point_estimate":15394199.433333334,"standard_error":1366.197716461302},"MedianAbsDev":{"confidence_interval":{"confidence_level":0.95,"lower_bound":2742.282055861053,"upper_bound":14497.617007910212},"point_estimate":10341.351323070503,"standard_error":3040.9757938219927},"Slope":{"confidence_interval":{"confidence_level":0.95,"lower_bound":15392094.644229246,"upper_bound":15398309.845710978},"point_estimate":15395126.883024855,"standard_error":1578.1480942212488},"StdDev":{"confidence_interval":{"confidence_level":0.95,"lower_bound":7483.045733414948,"upper_bound":12382.48956406786},"point_estimate":10235.485184525794,"standard_error":1251.4685747280032}}