{"Mean":{"confidence_interval":{"confidence_level":0.95,"lower_bound":262707.45654934243,"upper_bound":262809.49422231055},"point_estimate":262746.3433601148,"standard_error":28.250674262046598},"Median":{"confidence_interval":{"confidence_level":0.95,"lower_bound":262703.0287820288,"upper_bound":262746.4565110565},"point_estimate":262723.2752037752,"standard_error":12.586815078749577},"MedianAbsDev":{"confidence_interval":{"confidence_level":0.95,"lower_bound":22.762304109004567,"upper_bound":57.36319240545433},"point_estimate":38.680570597068495,"standard_error":8.696913209741119},"Slope":{"confidence_interval":{"confidence_level":0.95,"lower_bound":262707.37847203563,"upper_bound":262738.9909468866},"point_estimate":262724.0613003273,"standard_error":8.053134883904384},"StdDev":{"confidence_interval":{"confidence_level":0.95,"lower_bound":30.46882935939427,"upper_bound":261.04859432035767},"point_estimate":157.76670384705105,"standard_error":77.89022441750957}}