{"Mean":{"confidence_interval":{"confidence_level":0.95,"lower_bound":141293.76362876742,"upper_bound":141895.48785544638},"point_estimate":141580.82459976437,"standard_error":154.12009785621564},"Median":{"confidence_interval":{"confidence_level":0.95,"lower_bound":141262.10342710995,"upper_bound":141769.6899947479},"point_estimate":141520.04590017826,"standard_error":146.25536697937767},"MedianAbsDev":{"confidence_interval":{"confidence_level":0.95,"lower_bound":329.30943055411706,"upper_bound":849.5790491816605},"point_estimate":549.1492720379928,"standard_error":133.79449492355675},"Slope":{"confidence_interval":{"confidence_level":0.95,"lower_bound":141156.71797323396,"upper_bound":141559.27615603007},"point_estimate":141349.653289576,"standard_error":102.64640293291883},"StdDev":{"confidence_interval":{"confidence_level":0.95,"lower_bound":506.61544414279456,"upper_bound":1160.0927951423091},"point_estimate":858.0097120121983,"standard_error":170.91125423921358}}