{"Mean":{"confidence_interval":{"confidence_level":0.95,"lower_bound":377421.9537832426,"upper_bound":378164.808313783},"point_estimate":377778.83961967326,"standard_error":189.84642161109738},"Median":{"confidence_interval":{"confidence_level":0.95,"lower_bound":377209.56501623377,"upper_bound":378237.29613095237},"point_estimate":377492.2875,"standard_error":289.2120270556805},"MedianAbsDev":{"confidence_interval":{"confidence_level":0.95,"lower_bound":560.9180931667913,"upper_bound":1549.0634234601757},"point_estimate":1125.6449528148014,"standard_error":240.6887457872297},"Slope":{"confidence_interval":{"confidence_level":0.95,"lower_bound":377219.09424686927,"upper_bound":378410.30244852573},"point_estimate":377864.1211641611,"standard_error":304.1283962994154},"StdDev":{"confidence_interval":{"confidence_level":0.95,"lower_bound":757.0683249359853,"upper_bound":1330.0557423070566},"point_estimate":1060.5389607687982,"standard_error":149.35903756300775}}