{"Mean":{"confidence_interval":{"confidence_level":0.95,"lower_bound":4776214.863445691,"upper_bound":4780426.71694982},"point_estimate":4778361.295433504,"standard_error":1073.7978231516656},"Median":{"confidence_interval":{"confidence_level":0.95,"lower_bound":4776415.592592593,"upper_bound":4781040.5588768115},"point_estimate":4777938.12962963,"standard_error":1184.9810246934157},"MedianAbsDev":{"confidence_interval":{"confidence_level":0.95,"lower_bound":2524.373555183871,"upper_bound":7004.673989530657},"point_estimate":4599.661520211514,"standard_error":1177.511940600653},"Slope":{"confidence_interval":{"confidence_level":0.95,"lower_bound":4777772.47245336,"upper_bound":4781924.099193537},"point_estimate":4779982.711616429,"standard_error":1054.803363217226},"StdDev":{"confidence_interval":{"confidence_level":0.95,"lower_bound":4042.645681046037,"upper_bound":7507.0307697480985},"point_estimate":5986.396892203101,"standard_error":891.1764940000371}}