{"Mean":{"confidence_interval":{"confidence_level":0.95,"lower_bound":25551700.179266557,"upper_bound":25562632.036626767},"point_estimate":25556535.723885022,"standard_error":2807.723546887798},"Median":{"confidence_interval":{"confidence_level":0.95,"lower_bound":25550434.05,"upper_bound":25558050.14102564},"point_estimate":25553061.51111111,"standard_error":2061.215905466733},"MedianAbsDev":{"confidence_interval":{"confidence_level":0.95,"lower_bound":4678.912546931961,"upper_bound":12739.835520073128},"point_estimate":7993.748547627282,"standard_error":2000.046404662342},"Slope":{"confidence_interval":{"confidence_level":0.95,"lower_bound":25550901.89718298,"upper_bound":25557789.407698877},"point_estimate":25554336.951454256,"standard_error":1764.2474441263523},"StdDev":{"confidence_interval":{"confidence_level":0.95,"lower_bound":6847.739683890414,"upper_bound":23087.901723554136},"point_estimate":15663.21391530024,"standard_error":4523.884155822301}}