{"Mean":{"confidence_interval":{"confidence_level":0.95,"lower_bound":1641659.4826111563,"upper_bound":1643309.4460078308},"point_estimate":1642370.4903951937,"standard_error":424.7324836216522},"Median":{"confidence_interval":{"confidence_level":0.95,"lower_bound":1641475.4972222222,"upper_bound":1642703.5416666665},"point_estimate":1642196.1972789117,"standard_error":314.1326329970743},"MedianAbsDev":{"confidence_interval":{"confidence_level":0.95,"lower_bound":755.7989424642293,"upper_bound":1979.125961708495},"point_estimate":1418.2725132821333,"standard_error":315.0523636930459},"Slope":{"confidence_interval":{"confidence_level":0.95,"lower_bound":1641856.8742448739,"upper_bound":1643089.9341447651},"point_estimate":1642534.281317519,"standard_error":314.15437503146177},"StdDev":{"confidence_interval":{"confidence_level":0.95,"lower_bound":1029.6193818183501,"upper_bound":3666.912197384465},"point_estimate":2378.15487117975,"standard_error":814.3294405619786}}