{"Mean":{"confidence_interval":{"confidence_level":0.95,"lower_bound":54811454.33599164,"upper_bound":55107157.692710124},"point_estimate":54956450.82164465,"standard_error":75701.94045275822},"Median":{"confidence_interval":{"confidence_level":0.95,"lower_bound":54700468.125,"upper_bound":55105105.10714286},"point_estimate":54959690.4979296,"standard_error":112228.0608343366},"MedianAbsDev":{"confidence_interval":{"confidence_level":0.95,"lower_bound":265195.4568654925,"upper_bound":618670.3720555401},"point_estimate":458716.43527753756,"standard_error":89764.6073200021},"Slope":{"confidence_interval":{"confidence_level":0.95,"lower_bound":54684984.98881768,"upper_bound":54992957.8525883},"point_estimate":54843727.12109995,"standard_error":78814.13613800523},"StdDev":{"confidence_interval":{"confidence_level":0.95,"lower_bound":314291.73907722783,"upper_bound":508575.6261870623},"point_estimate":421262.311281629,"standard_error":49750.09236433755}}