{"Mean":{"confidence_interval":{"confidence_level":0.95,"lower_bound":20150961.757777788,"upper_bound":20159616.19406766},"point_estimate":20154908.320433285,"standard_error":2221.968662187757},"Median":{"confidence_interval":{"confidence_level":0.95,"lower_bound":20152256.439393938,"upper_bound":20157188.754658386},"point_estimate":20155158.57820513,"standard_error":1227.782865648904},"MedianAbsDev":{"confidence_interval":{"confidence_level":0.95,"lower_bound":3284.5290687764113,"upper_bound":9814.40710145684},"point_estimate":7015.008194910743,"standard_error":1726.068377581527},"Slope":{"confidence_interval":{"confidence_level":0.95,"lower_bound":20151498.240985632,"upper_bound":20157067.799449764},"point_estimate":20154517.188789,"standard_error":1428.8749370911523},"StdDev":{"confidence_interval":{"confidence_level":0.95,"lower_bound":5928.680926936043,"upper_bound":18561.620627192995},"point_estimate":12379.251265336416,"standard_error":3595.3431488122383}}