{"Mean":{"confidence_interval":{"confidence_level":0.95,"lower_bound":17657.774310859717,"upper_bound":17675.90964994855},"point_estimate":17665.921735470263,"standard_error":4.667781591619781},"Median":{"confidence_interval":{"confidence_level":0.95,"lower_bound":17653.073003112033,"upper_bound":17662.962515959145},"point_estimate":17654.993627741555,"standard_error":2.7192117309758195},"MedianAbsDev":{"confidence_interval":{"confidence_level":0.95,"lower_bound":3.8694287169172275,"upper_bound":16.387608421783227},"point_estimate":8.779495439640334,"standard_error":3.1407940309438547},"Slope":{"confidence_interval":{"confidence_level":0.95,"lower_bound":17656.526613030815,"upper_bound":17664.4360840058},"point_estimate":17660.710435103163,"standard_error":2.015057630313358},"StdDev":{"confidence_interval":{"confidence_level":0.95,"lower_bound":10.380714361003575,"upper_bound":35.11310616978902},"point_estimate":25.93824138573106,"standard_error":6.043539495771595}}