{"Mean":{"confidence_interval":{"confidence_level":0.95,"lower_bound":-0.005118766988031429,"upper_bound":-0.004213703384959819},"point_estimate":-0.004658486110352689,"standard_error":0.0002296937595448178},"Median":{"confidence_interval":{"confidence_level":0.95,"lower_bound":-0.005316991613444344,"upper_bound":-0.00446909823180619},"point_estimate":-0.004920230985845375,"standard_error":0.00020150097205578414}}