{"Mean":{"confidence_interval":{"confidence_level":0.95,"lower_bound":0.005443275889904569,"upper_bound":0.006174384689670814},"point_estimate":0.005794748481833478,"standard_error":0.0001858725990946474},"Median":{"confidence_interval":{"confidence_level":0.95,"lower_bound":0.005352119177183923,"upper_bound":0.006077295419455897},"point_estimate":0.005705783782304685,"standard_error":0.0001879808070963151}}