{"Mean":{"confidence_interval":{"confidence_level":0.95,"lower_bound":489.61575526495926,"upper_bound":490.72188688116273},"point_estimate":490.17318443367924,"standard_error":0.2814211768949839},"Median":{"confidence_interval":{"confidence_level":0.95,"lower_bound":489.66930011261604,"upper_bound":491.1514852871394},"point_estimate":490.2267206846322,"standard_error":0.3867776924818089},"MedianAbsDev":{"confidence_interval":{"confidence_level":0.95,"lower_bound":0.9352931662479549,"upper_bound":2.3411681445528347},"point_estimate":1.5789715157866608,"standard_error":0.37306294151487074},"Slope":{"confidence_interval":{"confidence_level":0.95,"lower_bound":488.92707430991777,"upper_bound":490.66999423992763},"point_estimate":489.7877352924864,"standard_error":0.4465469998469375},"StdDev":{"confidence_interval":{"confidence_level":0.95,"lower_bound":1.1925568387130607,"upper_bound":1.8593869832072458},"point_estimate":1.5667568628134394,"standard_error":0.16985739367471964}}