{"Mean":{"confidence_interval":{"confidence_level":0.95,"lower_bound":-0.015001094862244694,"upper_bound":0.010944228418215213},"point_estimate":-0.0004206891908382637,"standard_error":0.006710581891589688},"Median":{"confidence_interval":{"confidence_level":0.95,"lower_bound":0.008892055332103688,"upper_bound":0.011689432910128028},"point_estimate":0.009980594562757794,"standard_error":0.0007109797033984118}}