{"Mean":{"confidence_interval":{"confidence_level":0.95,"lower_bound":4736027.471768789,"upper_bound":4743073.885036144},"point_estimate":4739642.923920515,"standard_error":1797.4540266408794},"Median":{"confidence_interval":{"confidence_level":0.95,"lower_bound":4734630.783333333,"upper_bound":4745648.783333333},"point_estimate":4738632.029304029,"standard_error":3197.318613864137},"MedianAbsDev":{"confidence_interval":{"confidence_level":0.95,"lower_bound":5774.574584518468,"upper_bound":14377.286736419188},"point_estimate":10623.63206020366,"standard_error":2013.0731021583385},"Slope":{"confidence_interval":{"confidence_level":0.95,"lower_bound":4738668.217050202,"upper_bound":4746569.45709982},"point_estimate":4743084.278406487,"standard_error":2015.0153093709357},"StdDev":{"confidence_interval":{"confidence_level":0.95,"lower_bound":7378.929751445021,"upper_bound":12633.174472282726},"point_estimate":10022.160802298271,"standard_error":1403.1858653091278}}