{"Mean":{"confidence_interval":{"confidence_level":0.95,"lower_bound":402.32358347137244,"upper_bound":402.70614245265045},"point_estimate":402.4902188538672,"standard_error":0.09856678466696764},"Median":{"confidence_interval":{"confidence_level":0.95,"lower_bound":402.23041053967387,"upper_bound":402.47376283121815},"point_estimate":402.26876248517806,"standard_error":0.058526643152677846},"MedianAbsDev":{"confidence_interval":{"confidence_level":0.95,"lower_bound":0.054934784836858354,"upper_bound":0.3831115792543942},"point_estimate":0.149700016180522,"standard_error":0.09228436735361704},"Slope":{"confidence_interval":{"confidence_level":0.95,"lower_bound":402.2762335373674,"upper_bound":402.5942094700255},"point_estimate":402.4263364823864,"standard_error":0.08130672991834395},"StdDev":{"confidence_interval":{"confidence_level":0.95,"lower_bound":0.23266017930873253,"upper_bound":0.8069508717161304},"point_estimate":0.5477697128318246,"standard_error":0.1634098100861657}}