{"Mean":{"confidence_interval":{"confidence_level":0.95,"lower_bound":539.1428102078415,"upper_bound":541.0478914199091},"point_estimate":540.0971501769397,"standard_error":0.48506841011838653},"Median":{"confidence_interval":{"confidence_level":0.95,"lower_bound":537.6753744328189,"upper_bound":542.0781384665986},"point_estimate":541.2025906042513,"standard_error":1.2014594257554496},"MedianAbsDev":{"confidence_interval":{"confidence_level":0.95,"lower_bound":0.8413288159210507,"upper_bound":4.290185137050369},"point_estimate":2.0726036332568447,"standard_error":1.0605315243797757},"Slope":{"confidence_interval":{"confidence_level":0.95,"lower_bound":538.0401936317071,"upper_bound":540.7551810633339},"point_estimate":539.2905634274312,"standard_error":0.6966671114596797},"StdDev":{"confidence_interval":{"confidence_level":0.95,"lower_bound":2.2331341080997817,"upper_bound":3.070766428759379},"point_estimate":2.6956127978497078,"standard_error":0.21369090256725368}}