{"Mean":{"confidence_interval":{"confidence_level":0.95,"lower_bound":5970746.441377238,"upper_bound":5981039.250725857},"point_estimate":5975841.554807408,"standard_error":2616.8768345015314},"Median":{"confidence_interval":{"confidence_level":0.95,"lower_bound":5969737.356481481,"upper_bound":5977206.9875},"point_estimate":5973009.314685315,"standard_error":2342.433866340613},"MedianAbsDev":{"confidence_interval":{"confidence_level":0.95,"lower_bound":5895.1418140903115,"upper_bound":16629.435419115798},"point_estimate":10458.762124826673,"standard_error":2985.424646486398},"Slope":{"confidence_interval":{"confidence_level":0.95,"lower_bound":5968684.069185727,"upper_bound":5975282.6831501415},"point_estimate":5971800.105235325,"standard_error":1687.2353749594524},"StdDev":{"confidence_interval":{"confidence_level":0.95,"lower_bound":9106.057367082463,"upper_bound":19258.866963889617},"point_estimate":14586.553540748104,"standard_error":2603.78093614283}}