{"Mean":{"confidence_interval":{"confidence_level":0.95,"lower_bound":144639.5166668906,"upper_bound":144932.88486755302},"point_estimate":144776.19713159805,"standard_error":75.06832927762605},"Median":{"confidence_interval":{"confidence_level":0.95,"lower_bound":144554.22154017858,"upper_bound":144902.41889204545},"point_estimate":144683.75739583332,"standard_error":84.32280495017913},"MedianAbsDev":{"confidence_interval":{"confidence_level":0.95,"lower_bound":173.68880052057588,"upper_bound":506.7759104186427},"point_estimate":328.6589750890613,"standard_error":85.63582541931089},"Slope":{"confidence_interval":{"confidence_level":0.95,"lower_bound":144506.39312864293,"upper_bound":144695.7830814606},"point_estimate":144595.2826811211,"standard_error":48.120786564358895},"StdDev":{"confidence_interval":{"confidence_level":0.95,"lower_bound":242.75563901590507,"upper_bound":558.317591758728},"point_estimate":419.54561762831884,"standard_error":82.51183768092876}}