{"Mean":{"confidence_interval":{"confidence_level":0.95,"lower_bound":477.85118995319976,"upper_bound":478.53080748630384},"point_estimate":478.10000432088,"standard_error":0.19549912667690986},"Median":{"confidence_interval":{"confidence_level":0.95,"lower_bound":477.8230827213447,"upper_bound":477.89479905072943},"point_estimate":477.839578792579,"standard_error":0.0209473074613909},"MedianAbsDev":{"confidence_interval":{"confidence_level":0.95,"lower_bound":0.031142525406666326,"upper_bound":0.13354945760561884},"point_estimate":0.08081150614243857,"standard_error":0.025964208965504866},"Slope":{"confidence_interval":{"confidence_level":0.95,"lower_bound":477.8446289435673,"upper_bound":478.0522336473862},"point_estimate":477.9386063575899,"standard_error":0.05294929113950309},"StdDev":{"confidence_interval":{"confidence_level":0.95,"lower_bound":0.11695548318133589,"upper_bound":1.8103360486929576},"point_estimate":1.0919692154842386,"standard_error":0.5746422857988197}}