{"Mean":{"confidence_interval":{"confidence_level":0.95,"lower_bound":214368.46136073497,"upper_bound":214653.7249868302},"point_estimate":214509.2961440784,"standard_error":72.70670059711466},"Median":{"confidence_interval":{"confidence_level":0.95,"lower_bound":214272.64528428094,"upper_bound":214730.31},"point_estimate":214540.7328888889,"standard_error":140.02268882352018},"MedianAbsDev":{"confidence_interval":{"confidence_level":0.95,"lower_bound":229.28420359607722,"upper_bound":593.8629560068133},"point_estimate":409.91688393990836,"standard_error":87.77245267935885},"Slope":{"confidence_interval":{"confidence_level":0.95,"lower_bound":214367.63852917773,"upper_bound":214692.40094141418},"point_estimate":214524.12562876786,"standard_error":83.17423265591245},"StdDev":{"confidence_interval":{"confidence_level":0.95,"lower_bound":306.7877701546448,"upper_bound":490.7437429523621},"point_estimate":405.9114406643933,"standard_error":47.303104549942304}}