{"Mean":{"confidence_interval":{"confidence_level":0.95,"lower_bound":42947.29963605097,"upper_bound":43036.44789896953},"point_estimate":42988.933181650005,"standard_error":22.85723811478521},"Median":{"confidence_interval":{"confidence_level":0.95,"lower_bound":42933.38502358491,"upper_bound":42984.34205049944},"point_estimate":42957.7396114106,"standard_error":14.986641560113647},"MedianAbsDev":{"confidence_interval":{"confidence_level":0.95,"lower_bound":36.5351663325039,"upper_bound":110.52655734223305},"point_estimate":59.97982870655094,"standard_error":19.341051493900565},"Slope":{"confidence_interval":{"confidence_level":0.95,"lower_bound":42932.45804094487,"upper_bound":43116.62515570009},"point_estimate":43028.42278069904,"standard_error":46.488916518403435},"StdDev":{"confidence_interval":{"confidence_level":0.95,"lower_bound":75.2189380014046,"upper_bound":160.8816542159566},"point_estimate":127.41448109854925,"standard_error":22.106023204450306}}