{"Mean":{"confidence_interval":{"confidence_level":0.95,"lower_bound":393.7050871903991,"upper_bound":395.74165696922466},"point_estimate":394.7579748395899,"standard_error":0.5205173396261115},"Median":{"confidence_interval":{"confidence_level":0.95,"lower_bound":394.1928066037736,"upper_bound":396.9022929534996},"point_estimate":395.7752517390238,"standard_error":0.7204796334989191},"MedianAbsDev":{"confidence_interval":{"confidence_level":0.95,"lower_bound":1.0137334243018323,"upper_bound":4.4450170192275795},"point_estimate":2.448353365951654,"standard_error":0.8520680075918114},"Slope":{"confidence_interval":{"confidence_level":0.95,"lower_bound":394.5752408056338,"upper_bound":396.54336881497403},"point_estimate":395.65094930939665,"standard_error":0.5078264264531246},"StdDev":{"confidence_interval":{"confidence_level":0.95,"lower_bound":2.2051622325450015,"upper_bound":3.298913608955823},"point_estimate":2.8894134555660167,"standard_error":0.28011229236482255}}