{"Mean":{"confidence_interval":{"confidence_level":0.95,"lower_bound":7345820.590449613,"upper_bound":7356669.507955505},"point_estimate":7351025.893490063,"standard_error":2772.811101894387},"Median":{"confidence_interval":{"confidence_level":0.95,"lower_bound":7346333.558049535,"upper_bound":7352448.883333333},"point_estimate":7348681.760416666,"standard_error":1704.2772926083587},"MedianAbsDev":{"confidence_interval":{"confidence_level":0.95,"lower_bound":4341.296734175839,"upper_bound":15465.581477636115},"point_estimate":8033.447591993013,"standard_error":2845.57701836796},"Slope":{"confidence_interval":{"confidence_level":0.95,"lower_bound":7340417.079779578,"upper_bound":7350625.629423356},"point_estimate":7345400.449656267,"standard_error":2612.6943131204976},"StdDev":{"confidence_interval":{"confidence_level":0.95,"lower_bound":9664.399144448753,"upper_bound":20104.8693945405},"point_estimate":15468.600081795528,"standard_error":2694.494298729941}}