{"Mean":{"confidence_interval":{"confidence_level":0.95,"lower_bound":178620.19022934377,"upper_bound":178814.01811704785},"point_estimate":178714.36424321105,"standard_error":49.54045306831077},"Median":{"confidence_interval":{"confidence_level":0.95,"lower_bound":178580.11836158193,"upper_bound":178820.86318916813},"point_estimate":178701.1322698571,"standard_error":63.36795546670116},"MedianAbsDev":{"confidence_interval":{"confidence_level":0.95,"lower_bound":143.63848355724105,"upper_bound":383.34896613502735},"point_estimate":273.6755602542874,"standard_error":62.312375371620874},"Slope":{"confidence_interval":{"confidence_level":0.95,"lower_bound":178583.97694083324,"upper_bound":178752.1317685573},"point_estimate":178669.30171284138,"standard_error":43.089514212915546},"StdDev":{"confidence_interval":{"confidence_level":0.95,"lower_bound":193.5291993773805,"upper_bound":341.12458564388845},"point_estimate":275.53602517200767,"standard_error":37.939049090184724}}