{"Mean":{"confidence_interval":{"confidence_level":0.95,"lower_bound":4810566.752248051,"upper_bound":4818732.241883419},"point_estimate":4814649.39678469,"standard_error":2089.041032365242},"Median":{"confidence_interval":{"confidence_level":0.95,"lower_bound":4810588.538461538,"upper_bound":4818730.905797102},"point_estimate":4816011.578947369,"standard_error":2216.4937592828437},"MedianAbsDev":{"confidence_interval":{"confidence_level":0.95,"lower_bound":5018.518544236896,"upper_bound":16427.134548336115},"point_estimate":9565.496800435287,"standard_error":2867.6366847391087},"Slope":{"confidence_interval":{"confidence_level":0.95,"lower_bound":4813431.168364328,"upper_bound":4825183.989524651},"point_estimate":4819693.854115988,"standard_error":3001.9765578848323},"StdDev":{"confidence_interval":{"confidence_level":0.95,"lower_bound":8585.677141444581,"upper_bound":13958.15366141034},"point_estimate":11605.45245301602,"standard_error":1374.2965887709104}}