{"Mean":{"confidence_interval":{"confidence_level":0.95,"lower_bound":372.1970669909278,"upper_bound":372.55027401135993},"point_estimate":372.3714642769973,"standard_error":0.08941474415941394},"Median":{"confidence_interval":{"confidence_level":0.95,"lower_bound":372.2390958735764,"upper_bound":372.48119810174876},"point_estimate":372.4030177255934,"standard_error":0.061080540870768016},"MedianAbsDev":{"confidence_interval":{"confidence_level":0.95,"lower_bound":0.15129801891533848,"upper_bound":0.36788918324261927},"point_estimate":0.27875557483901986,"standard_error":0.05741249649041696},"Slope":{"confidence_interval":{"confidence_level":0.95,"lower_bound":371.9736330592469,"upper_bound":372.4156304189609},"point_estimate":372.2143828877002,"standard_error":0.11421884343357486},"StdDev":{"confidence_interval":{"confidence_level":0.95,"lower_bound":0.22986602903605208,"upper_bound":0.7021387488243909},"point_estimate":0.4984946360662526,"standard_error":0.11990644141343783}}