{"Mean":{"confidence_interval":{"confidence_level":0.95,"lower_bound":12646087.184050687,"upper_bound":12715734.977796532},"point_estimate":12679310.149434576,"standard_error":17796.655901093673},"Median":{"confidence_interval":{"confidence_level":0.95,"lower_bound":12629338.37815126,"upper_bound":12703043.043103449},"point_estimate":12666389.84920635,"standard_error":22238.144844426693},"MedianAbsDev":{"confidence_interval":{"confidence_level":0.95,"lower_bound":53601.90096122191,"upper_bound":126246.37684672108},"point_estimate":89267.76188412841,"standard_error":19036.84304330412},"Slope":{"confidence_interval":{"confidence_level":0.95,"lower_bound":12617164.813131876,"upper_bound":12663128.164050438},"point_estimate":12639120.5356954,"standard_error":11743.224661592492},"StdDev":{"confidence_interval":{"confidence_level":0.95,"lower_bound":65174.65416492484,"upper_bound":127319.70180068248},"point_estimate":99034.4986178363,"standard_error":16182.691695184973}}