{"Mean":{"confidence_interval":{"confidence_level":0.95,"lower_bound":394.5436139874764,"upper_bound":394.75096157070345},"point_estimate":394.6246830717829,"standard_error":0.05552187791508925},"Median":{"confidence_interval":{"confidence_level":0.95,"lower_bound":394.5277785428091,"upper_bound":394.5521335193889},"point_estimate":394.53391865185347,"standard_error":0.007561493062276441},"MedianAbsDev":{"confidence_interval":{"confidence_level":0.95,"lower_bound":0.017354585530584107,"upper_bound":0.05253510741358877},"point_estimate":0.02651388760211679,"standard_error":0.009448701772636185},"Slope":{"confidence_interval":{"confidence_level":0.95,"lower_bound":394.5284039652706,"upper_bound":394.7168395677702},"point_estimate":394.59978796292785,"standard_error":0.05032662675860381},"StdDev":{"confidence_interval":{"confidence_level":0.95,"lower_bound":0.05676163720351861,"upper_bound":0.4994186979547293},"point_estimate":0.3108542791640541,"standard_error":0.13926876894045864}}