{"Mean":{"confidence_interval":{"confidence_level":0.95,"lower_bound":587.4412724786271,"upper_bound":587.8854168635294},"point_estimate":587.6681074792406,"standard_error":0.11336243034012848},"Median":{"confidence_interval":{"confidence_level":0.95,"lower_bound":587.4892053014148,"upper_bound":587.9430248110466},"point_estimate":587.6445708106269,"standard_error":0.1021045291453241},"MedianAbsDev":{"confidence_interval":{"confidence_level":0.95,"lower_bound":0.23401985196011954,"upper_bound":0.6767640450685123},"point_estimate":0.5336836584859492,"standard_error":0.11252998866914093},"Slope":{"confidence_interval":{"confidence_level":0.95,"lower_bound":587.1475553439751,"upper_bound":588.10390427456},"point_estimate":587.6359267254385,"standard_error":0.24498933671941733},"StdDev":{"confidence_interval":{"confidence_level":0.95,"lower_bound":0.41376234479997864,"upper_bound":0.8156857395580029},"point_estimate":0.6332033584272709,"standard_error":0.10369167153915303}}