{"Mean":{"confidence_interval":{"confidence_level":0.95,"lower_bound":461.0491083411536,"upper_bound":461.79188205760687},"point_estimate":461.42917846477695,"standard_error":0.1891646150707022},"Median":{"confidence_interval":{"confidence_level":0.95,"lower_bound":460.82368843625966,"upper_bound":462.03443080313036},"point_estimate":461.64038483815705,"standard_error":0.3309971319236523},"MedianAbsDev":{"confidence_interval":{"confidence_level":0.95,"lower_bound":0.39840350028680216,"upper_bound":1.3924530904217436},"point_estimate":0.9704439177021184,"standard_error":0.26147741789842815},"Slope":{"confidence_interval":{"confidence_level":0.95,"lower_bound":460.8823148978759,"upper_bound":461.7806904966317},"point_estimate":461.3325906025006,"standard_error":0.2291712791528328},"StdDev":{"confidence_interval":{"confidence_level":0.95,"lower_bound":0.7043971055759698,"upper_bound":1.3598642879177545},"point_estimate":1.0509926903484854,"standard_error":0.16906741156000996}}