{"Mean":{"confidence_interval":{"confidence_level":0.95,"lower_bound":6013790.095997888,"upper_bound":6025185.728324403},"point_estimate":6018920.015159693,"standard_error":2924.415295155239},"Median":{"confidence_interval":{"confidence_level":0.95,"lower_bound":6011304.645238096,"upper_bound":6019636.409722222},"point_estimate":6016292.637464387,"standard_error":2109.327495407422},"MedianAbsDev":{"confidence_interval":{"confidence_level":0.95,"lower_bound":4875.594730107152,"upper_bound":15984.566467076227},"point_estimate":12072.038515678987,"standard_error":3076.3134943218197},"Slope":{"confidence_interval":{"confidence_level":0.95,"lower_bound":6009350.428022604,"upper_bound":6016117.016807182},"point_estimate":6012830.025171867,"standard_error":1732.9112358789466},"StdDev":{"confidence_interval":{"confidence_level":0.95,"lower_bound":7891.218351329559,"upper_bound":23222.270203140903},"point_estimate":16288.100602259996,"standard_error":4120.430426101369}}