{"Mean":{"confidence_interval":{"confidence_level":0.95,"lower_bound":1110319.8786055248,"upper_bound":1110908.151163036},"point_estimate":1110606.498067406,"standard_error":150.22402536347533},"Median":{"confidence_interval":{"confidence_level":0.95,"lower_bound":1110298.6104545454,"upper_bound":1110777.075},"point_estimate":1110435.6613445377,"standard_error":148.37284244464067},"MedianAbsDev":{"confidence_interval":{"confidence_level":0.95,"lower_bound":236.22867015376474,"upper_bound":1047.9626950950055},"point_estimate":506.1798766017821,"standard_error":186.35033228717393},"Slope":{"confidence_interval":{"confidence_level":0.95,"lower_bound":1110181.1743135776,"upper_bound":1110834.1224569348},"point_estimate":1110498.717038604,"standard_error":165.89683958307214},"StdDev":{"confidence_interval":{"confidence_level":0.95,"lower_bound":562.1478338335509,"upper_bound":1051.7815979195864},"point_estimate":837.7784100595208,"standard_error":125.59253925478005}}