{"Mean":{"confidence_interval":{"confidence_level":0.95,"lower_bound":454.07081365153874,"upper_bound":454.35177440155167},"point_estimate":454.20699390443735,"standard_error":0.07152382400965461},"Median":{"confidence_interval":{"confidence_level":0.95,"lower_bound":454.0711077868719,"upper_bound":454.23366943216456},"point_estimate":454.16662181838285,"standard_error":0.04172781606731992},"MedianAbsDev":{"confidence_interval":{"confidence_level":0.95,"lower_bound":0.1055768915289687,"upper_bound":0.5990833613165517},"point_estimate":0.3223269891521155,"standard_error":0.11973992139606307},"Slope":{"confidence_interval":{"confidence_level":0.95,"lower_bound":454.18648801702227,"upper_bound":454.5915558091393},"point_estimate":454.4009380010935,"standard_error":0.10366925737727163},"StdDev":{"confidence_interval":{"confidence_level":0.95,"lower_bound":0.27749366619821125,"upper_bound":0.49002417586914826},"point_estimate":0.39846083624356154,"standard_error":0.054158465765357836}}