{"Mean":{"confidence_interval":{"confidence_level":0.95,"lower_bound":451041.3402724571,"upper_bound":451411.6408107184},"point_estimate":451224.1838331523,"standard_error":94.50230371623171},"Median":{"confidence_interval":{"confidence_level":0.95,"lower_bound":450983.6587121212,"upper_bound":451393.63653846155},"point_estimate":451125.8776309897,"standard_error":98.04096234538808},"MedianAbsDev":{"confidence_interval":{"confidence_level":0.95,"lower_bound":203.8625074996054,"upper_bound":912.4596761399464},"point_estimate":432.4683915880983,"standard_error":176.0979547992869},"Slope":{"confidence_interval":{"confidence_level":0.95,"lower_bound":450905.4648835332,"upper_bound":451113.3977388972},"point_estimate":451019.7267535215,"standard_error":52.99082418476239},"StdDev":{"confidence_interval":{"confidence_level":0.95,"lower_bound":388.20719864331085,"upper_bound":646.5321194104189},"point_estimate":528.9547980583209,"standard_error":66.14150082871421}}