{"Mean":{"confidence_interval":{"confidence_level":0.95,"lower_bound":8600155.16924112,"upper_bound":8646258.947616417},"point_estimate":8621981.080899578,"standard_error":11646.764762916351},"Median":{"confidence_interval":{"confidence_level":0.95,"lower_bound":8591797.762068965,"upper_bound":8598236.734126985},"point_estimate":8593468.807291668,"standard_error":1787.407373644207},"MedianAbsDev":{"confidence_interval":{"confidence_level":0.95,"lower_bound":3175.8193993002733,"upper_bound":12238.096211140079},"point_estimate":6864.334919800975,"standard_error":2084.1307079970043},"Slope":{"confidence_interval":{"confidence_level":0.95,"lower_bound":8591935.32567269,"upper_bound":8596109.582434488},"point_estimate":8593771.049867794,"standard_error":1065.6970970699895},"StdDev":{"confidence_interval":{"confidence_level":0.95,"lower_bound":35032.6222468686,"upper_bound":81208.55280520557},"point_estimate":64982.89050414733,"standard_error":11823.15471972897}}