{"Mean":{"confidence_interval":{"confidence_level":0.95,"lower_bound":702.303177190501,"upper_bound":704.2967599905948},"point_estimate":703.2192013114568,"standard_error":0.5118038851114819},"Median":{"confidence_interval":{"confidence_level":0.95,"lower_bound":701.8322809765825,"upper_bound":702.8600909415456},"point_estimate":702.311493148416,"standard_error":0.30948185269623607},"MedianAbsDev":{"confidence_interval":{"confidence_level":0.95,"lower_bound":0.745628334125458,"upper_bound":2.1032604474870533},"point_estimate":1.3405767999210858,"standard_error":0.3328774897599125},"Slope":{"confidence_interval":{"confidence_level":0.95,"lower_bound":701.74905396139,"upper_bound":704.0691327176498},"point_estimate":702.7995058242269,"standard_error":0.6012751261745666},"StdDev":{"confidence_interval":{"confidence_level":0.95,"lower_bound":1.4377133580241046,"upper_bound":3.7139931871192178},"point_estimate":2.851422220693825,"standard_error":0.5710133426642461}}