{"Mean":{"confidence_interval":{"confidence_level":0.95,"lower_bound":1785.8920244507196,"upper_bound":1788.385075445489},"point_estimate":1786.989833394661,"standard_error":0.640838670007384},"Median":{"confidence_interval":{"confidence_level":0.95,"lower_bound":1785.7483946578964,"upper_bound":1787.7586622268154},"point_estimate":1786.7900687452507,"standard_error":0.5069646372038649},"MedianAbsDev":{"confidence_interval":{"confidence_level":0.95,"lower_bound":1.261725830467791,"upper_bound":2.7934965171366626},"point_estimate":2.2017457783149554,"standard_error":0.41305999231431756},"Slope":{"confidence_interval":{"confidence_level":0.95,"lower_bound":1784.4456903295638,"upper_bound":1787.093085743246},"point_estimate":1785.7660561963444,"standard_error":0.6775433621643865},"StdDev":{"confidence_interval":{"confidence_level":0.95,"lower_bound":1.4577075729567053,"upper_bound":5.5317189362222505},"point_estimate":3.567473936277694,"standard_error":1.1851555967088578}}