{"Mean":{"confidence_interval":{"confidence_level":0.95,"lower_bound":-0.0012320373308554538,"upper_bound":0.00216604739787325},"point_estimate":0.0005255003652979706,"standard_error":0.000867225172564527},"Median":{"confidence_interval":{"confidence_level":0.95,"lower_bound":-0.0008077378834769888,"upper_bound":0.002590266155770205},"point_estimate":0.0011018131277034104,"standard_error":0.0008421847314615424}}