{"Mean":{"confidence_interval":{"confidence_level":0.95,"lower_bound":696588.2429726506,"upper_bound":697769.4407749274},"point_estimate":697180.6360192604,"standard_error":300.72899254672086},"Median":{"confidence_interval":{"confidence_level":0.95,"lower_bound":696664.1543924825,"upper_bound":697820.656712963},"point_estimate":697051.5187872024,"standard_error":301.5559821505988},"MedianAbsDev":{"confidence_interval":{"confidence_level":0.95,"lower_bound":577.5013061076168,"upper_bound":2274.1426990281775},"point_estimate":1437.753500082311,"standard_error":446.9115374994},"Slope":{"confidence_interval":{"confidence_level":0.95,"lower_bound":696935.5046136178,"upper_bound":698180.6304662346},"point_estimate":697539.5844262295,"standard_error":320.56872720771884},"StdDev":{"confidence_interval":{"confidence_level":0.95,"lower_bound":1178.4550319705031,"upper_bound":2075.474360353676},"point_estimate":1676.2537939715573,"standard_error":228.44534907763065}}