{"Mean":{"confidence_interval":{"confidence_level":0.95,"lower_bound":3538806.5850795484,"upper_bound":3551133.6613224526},"point_estimate":3544968.8494511214,"standard_error":3139.8545467196777},"Median":{"confidence_interval":{"confidence_level":0.95,"lower_bound":3538539.9291666667,"upper_bound":3551312.864583333},"point_estimate":3545539.2293956047,"standard_error":3716.632179891825},"MedianAbsDev":{"confidence_interval":{"confidence_level":0.95,"lower_bound":8460.156699802128,"upper_bound":26146.480966733983},"point_estimate":14524.719958486914,"standard_error":4336.622815387089},"Slope":{"confidence_interval":{"confidence_level":0.95,"lower_bound":3537113.506759828,"upper_bound":3548412.599163358},"point_estimate":3542501.9206240084,"standard_error":2893.2040248252015},"StdDev":{"confidence_interval":{"confidence_level":0.95,"lower_bound":12492.7415940984,"upper_bound":21445.445033183285},"point_estimate":17436.71746701017,"standard_error":2287.9105770210326}}