{"Mean":{"confidence_interval":{"confidence_level":0.95,"lower_bound":1484.4557703468508,"upper_bound":1484.9385929659811},"point_estimate":1484.6922225456508,"standard_error":0.12369735827707737},"Median":{"confidence_interval":{"confidence_level":0.95,"lower_bound":1484.3616985532453,"upper_bound":1484.9439067976389},"point_estimate":1484.5344494916887,"standard_error":0.15641028348973754},"MedianAbsDev":{"confidence_interval":{"confidence_level":0.95,"lower_bound":0.335399442371377,"upper_bound":0.9669318532742383},"point_estimate":0.6677221000713814,"standard_error":0.16481671776868378},"Slope":{"confidence_interval":{"confidence_level":0.95,"lower_bound":1484.2516270948206,"upper_bound":1484.6316041915272},"point_estimate":1484.4362472809046,"standard_error":0.09634319806348283},"StdDev":{"confidence_interval":{"confidence_level":0.95,"lower_bound":0.501861601678564,"upper_bound":0.8352872612475528},"point_estimate":0.6876730123098469,"standard_error":0.08548560772276433}}