{"Mean":{"confidence_interval":{"confidence_level":0.95,"lower_bound":0.0003833010712764319,"upper_bound":0.0015367853388901676},"point_estimate":0.0009956737383478576,"standard_error":0.0002923560937114727},"Median":{"confidence_interval":{"confidence_level":0.95,"lower_bound":0.0005028273662022187,"upper_bound":0.0018072052980484532},"point_estimate":0.0010718679743346726,"standard_error":0.0003463863996274184}}