{"Mean":{"confidence_interval":{"confidence_level":0.95,"lower_bound":2223981.967023296,"upper_bound":2226124.7307655667},"point_estimate":2225153.717619837,"standard_error":548.162437651539},"Median":{"confidence_interval":{"confidence_level":0.95,"lower_bound":2224989.5013333336,"upper_bound":2226544.17},"point_estimate":2225685.033157895,"standard_error":450.98776122075066},"MedianAbsDev":{"confidence_interval":{"confidence_level":0.95,"lower_bound":1063.6211675585184,"upper_bound":3080.671099057375},"point_estimate":1731.0822243722964,"standard_error":492.70962979533147},"Slope":{"confidence_interval":{"confidence_level":0.95,"lower_bound":2225147.1491705757,"upper_bound":2226828.459130893},"point_estimate":2226055.5309360125,"standard_error":428.51048339327554},"StdDev":{"confidence_interval":{"confidence_level":0.95,"lower_bound":1542.654347088971,"upper_bound":4299.086951264313},"point_estimate":3055.724854077454,"standard_error":741.2812230535529}}