{"Mean":{"confidence_interval":{"confidence_level":0.95,"lower_bound":5604670.560058421,"upper_bound":5608435.996297173},"point_estimate":5606581.737431237,"standard_error":963.558948048131},"Median":{"confidence_interval":{"confidence_level":0.95,"lower_bound":5604358.165178571,"upper_bound":5608481.910024155},"point_estimate":5606220.1454545455,"standard_error":1160.0634010172585},"MedianAbsDev":{"confidence_interval":{"confidence_level":0.95,"lower_bound":2594.916243343052,"upper_bound":6666.819656640521},"point_estimate":4047.736323479011,"standard_error":1021.9230071993771},"Slope":{"confidence_interval":{"confidence_level":0.95,"lower_bound":5604985.603863732,"upper_bound":5607975.651888926},"point_estimate":5606356.786779482,"standard_error":769.5205273754293},"StdDev":{"confidence_interval":{"confidence_level":0.95,"lower_bound":3668.2654429389277,"upper_bound":6719.574535890032},"point_estimate":5359.062208440766,"standard_error":782.0138998433997}}