{"Mean":{"confidence_interval":{"confidence_level":0.95,"lower_bound":14009539.735866733,"upper_bound":14063268.155728482},"point_estimate":14036913.813647756,"standard_error":13698.690462760724},"Median":{"confidence_interval":{"confidence_level":0.95,"lower_bound":14015843.37771739,"upper_bound":14071452.627005348},"point_estimate":14043849.149725273,"standard_error":14178.741383714114},"MedianAbsDev":{"confidence_interval":{"confidence_level":0.95,"lower_bound":31498.125825289288,"upper_bound":96512.93403655244},"point_estimate":58123.40499541261,"standard_error":17480.96843230121},"Slope":{"confidence_interval":{"confidence_level":0.95,"lower_bound":14012561.99161262,"upper_bound":14048652.655339219},"point_estimate":14030977.588154417,"standard_error":9184.565733354526},"StdDev":{"confidence_interval":{"confidence_level":0.95,"lower_bound":50444.337818458946,"upper_bound":99323.55060961455},"point_estimate":76711.65705863514,"standard_error":12595.094981655075}}