{"Mean":{"confidence_interval":{"confidence_level":0.95,"lower_bound":708.2908962219813,"upper_bound":710.1825527758255},"point_estimate":709.2122655907939,"standard_error":0.48456172682614296},"Median":{"confidence_interval":{"confidence_level":0.95,"lower_bound":707.4216273757825,"upper_bound":710.8444012104198},"point_estimate":708.124719167309,"standard_error":0.7756265595548407},"MedianAbsDev":{"confidence_interval":{"confidence_level":0.95,"lower_bound":1.026984026964755,"upper_bound":4.030933383693902},"point_estimate":2.2241207621054953,"standard_error":0.8609343808289156},"Slope":{"confidence_interval":{"confidence_level":0.95,"lower_bound":707.5060777610681,"upper_bound":709.4429974110647},"point_estimate":708.4060930739795,"standard_error":0.4961511276800309},"StdDev":{"confidence_interval":{"confidence_level":0.95,"lower_bound":2.0759195704533715,"upper_bound":3.1735293529560034},"point_estimate":2.698161443563812,"standard_error":0.2791640938107969}}