{"Mean":{"confidence_interval":{"confidence_level":0.95,"lower_bound":438.80143522816616,"upper_bound":438.9108599464831},"point_estimate":438.8495211346252,"standard_error":0.028186336898164115},"Median":{"confidence_interval":{"confidence_level":0.95,"lower_bound":438.78307532910776,"upper_bound":438.85234910749904},"point_estimate":438.80754618343354,"standard_error":0.01799924126374649},"MedianAbsDev":{"confidence_interval":{"confidence_level":0.95,"lower_bound":0.0412027668209926,"upper_bound":0.1148931314453009},"point_estimate":0.08664932159667672,"standard_error":0.01909049970221436},"Slope":{"confidence_interval":{"confidence_level":0.95,"lower_bound":438.77436342036526,"upper_bound":438.8531645542566},"point_estimate":438.8113655589965,"standard_error":0.020070028689799714},"StdDev":{"confidence_interval":{"confidence_level":0.95,"lower_bound":0.06463887615681649,"upper_bound":0.23176582053199146},"point_estimate":0.15684992708006407,"standard_error":0.046389708421416126}}