{"Mean":{"confidence_interval":{"confidence_level":0.95,"lower_bound":11859474.683118645,"upper_bound":11920329.907979283},"point_estimate":11891073.579123743,"standard_error":15551.058938294453},"Median":{"confidence_interval":{"confidence_level":0.95,"lower_bound":11874906.376923077,"upper_bound":11933450.952380951},"point_estimate":11890506.966249999,"standard_error":14693.173711824933},"MedianAbsDev":{"confidence_interval":{"confidence_level":0.95,"lower_bound":37536.82507885287,"upper_bound":99658.07425988233},"point_estimate":71541.7503976322,"standard_error":17042.377219756476},"Slope":{"confidence_interval":{"confidence_level":0.95,"lower_bound":11870359.713380748,"upper_bound":11922366.975674441},"point_estimate":11896557.13188789,"standard_error":13330.250735531416},"StdDev":{"confidence_interval":{"confidence_level":0.95,"lower_bound":54948.47027395844,"upper_bound":114578.22977918504},"point_estimate":86864.37378369714,"standard_error":15613.42052028082}}