{"Mean":{"confidence_interval":{"confidence_level":0.95,"lower_bound":-0.00587836880458191,"upper_bound":-0.0043812665673857885},"point_estimate":-0.005125965986350289,"standard_error":0.0003817589328808464},"Median":{"confidence_interval":{"confidence_level":0.95,"lower_bound":-0.006325509665240148,"upper_bound":-0.003817120884665015},"point_estimate":-0.005327844463366538,"standard_error":0.000614633245263313}}