{"Mean":{"confidence_interval":{"confidence_level":0.95,"lower_bound":2208.5370022321226,"upper_bound":2211.8004966652356},"point_estimate":2210.0384320661424,"standard_error":0.8327555247202121},"Median":{"confidence_interval":{"confidence_level":0.95,"lower_bound":2207.821743845397,"upper_bound":2211.390133479447},"point_estimate":2209.8811354281092,"standard_error":0.8780393651657434},"MedianAbsDev":{"confidence_interval":{"confidence_level":0.95,"lower_bound":2.0086816335887625,"upper_bound":4.733591555609213},"point_estimate":3.6454435800803817,"standard_error":0.6764819951047795},"Slope":{"confidence_interval":{"confidence_level":0.95,"lower_bound":2208.807534204779,"upper_bound":2213.2120702508073},"point_estimate":2210.585416333192,"standard_error":1.1522801508689848},"StdDev":{"confidence_interval":{"confidence_level":0.95,"lower_bound":2.5424645208423433,"upper_bound":6.759991683910683},"point_estimate":4.6432783467014955,"standard_error":1.2040865780581524}}