{"Mean":{"confidence_interval":{"confidence_level":0.95,"lower_bound":497.1627465325176,"upper_bound":498.01455727564513},"point_estimate":497.5349449992173,"standard_error":0.22020511250353803},"Median":{"confidence_interval":{"confidence_level":0.95,"lower_bound":496.8918444543796,"upper_bound":497.7050782334969},"point_estimate":497.3437304437689,"standard_error":0.1955720366314756},"MedianAbsDev":{"confidence_interval":{"confidence_level":0.95,"lower_bound":0.4310740753022086,"upper_bound":1.0596755406395957},"point_estimate":0.8675505636015686,"standard_error":0.1654907944792389},"Slope":{"confidence_interval":{"confidence_level":0.95,"lower_bound":497.134069588228,"upper_bound":497.70855505116145},"point_estimate":497.4246580229782,"standard_error":0.1465828577979276},"StdDev":{"confidence_interval":{"confidence_level":0.95,"lower_bound":0.5555271919535034,"upper_bound":1.8487802160447835},"point_estimate":1.230941134260663,"standard_error":0.38766450051383666}}