{"Mean":{"confidence_interval":{"confidence_level":0.95,"lower_bound":132692.08411981282,"upper_bound":132951.66785530947},"point_estimate":132821.59017398953,"standard_error":66.14169597693716},"Median":{"confidence_interval":{"confidence_level":0.95,"lower_bound":132654.11927945472,"upper_bound":132996.96290351887},"point_estimate":132815.39926160336,"standard_error":69.98770235124803},"MedianAbsDev":{"confidence_interval":{"confidence_level":0.95,"lower_bound":224.76586772270764,"upper_bound":555.1932515357589},"point_estimate":359.8624364909306,"standard_error":82.61814800322972},"Slope":{"confidence_interval":{"confidence_level":0.95,"lower_bound":132718.61670673065,"upper_bound":132973.2663686136},"point_estimate":132839.44849085275,"standard_error":64.80614924623359},"StdDev":{"confidence_interval":{"confidence_level":0.95,"lower_bound":282.757417088982,"upper_bound":431.23774829150534},"point_estimate":367.79564436059417,"standard_error":38.008732653201136}}