{"Mean":{"confidence_interval":{"confidence_level":0.95,"lower_bound":517.5407266138683,"upper_bound":517.9956410769923},"point_estimate":517.746304732413,"standard_error":0.1171001462783959},"Median":{"confidence_interval":{"confidence_level":0.95,"lower_bound":517.4275231124807,"upper_bound":517.5025317968579},"point_estimate":517.4812612352337,"standard_error":0.02176015090480258},"MedianAbsDev":{"confidence_interval":{"confidence_level":0.95,"lower_bound":0.040318700388943654,"upper_bound":0.15554699622734386},"point_estimate":0.10236540891067056,"standard_error":0.03225826825123848},"Slope":{"confidence_interval":{"confidence_level":0.95,"lower_bound":517.7213507693629,"upper_bound":518.607749071275},"point_estimate":518.1940105246733,"standard_error":0.22806989856560367},"StdDev":{"confidence_interval":{"confidence_level":0.95,"lower_bound":0.27385256240883304,"upper_bound":0.8592852301931636},"point_estimate":0.6514192977416323,"standard_error":0.14370546834845643}}