{"Mean":{"confidence_interval":{"confidence_level":0.95,"lower_bound":6726032.760008571,"upper_bound":6736252.047308084},"point_estimate":6731208.953679737,"standard_error":2599.917201505077},"Median":{"confidence_interval":{"confidence_level":0.95,"lower_bound":6728091.78875,"upper_bound":6732898.3875},"point_estimate":6730661.235144928,"standard_error":1345.4524699447727},"MedianAbsDev":{"confidence_interval":{"confidence_level":0.95,"lower_bound":3414.1244802962024,"upper_bound":13147.771051269076},"point_estimate":6792.670773155987,"standard_error":2739.410071315686},"Slope":{"confidence_interval":{"confidence_level":0.95,"lower_bound":6726692.17760078,"upper_bound":6730362.438090767},"point_estimate":6728509.006557377,"standard_error":930.9444515217034},"StdDev":{"confidence_interval":{"confidence_level":0.95,"lower_bound":7677.0664605939355,"upper_bound":20034.542330133318},"point_estimate":14480.547851060439,"standard_error":3172.565877008568}}