{"Mean":{"confidence_interval":{"confidence_level":0.95,"lower_bound":389.1196830679173,"upper_bound":390.0879606908666},"point_estimate":389.63735657094384,"standard_error":0.24777090147543804},"Median":{"confidence_interval":{"confidence_level":0.95,"lower_bound":389.97361987933994,"upper_bound":390.0337127697588},"point_estimate":389.99205641696017,"standard_error":0.01988902681227703},"MedianAbsDev":{"confidence_interval":{"confidence_level":0.95,"lower_bound":0.03928972351172786,"upper_bound":0.3566385945124475},"point_estimate":0.09745409609477254,"standard_error":0.10054805396434545},"Slope":{"confidence_interval":{"confidence_level":0.95,"lower_bound":389.2957883367761,"upper_bound":390.0227068674027},"point_estimate":389.7290042529753,"standard_error":0.18671327573704732},"StdDev":{"confidence_interval":{"confidence_level":0.95,"lower_bound":0.7324020955296578,"upper_bound":1.8041471319627203},"point_estimate":1.3781230646112053,"standard_error":0.2737947293086396}}