{"Mean":{"confidence_interval":{"confidence_level":0.95,"lower_bound":491.7108660855329,"upper_bound":492.5189083112891},"point_estimate":492.10205524511923,"standard_error":0.20569343029459874},"Median":{"confidence_interval":{"confidence_level":0.95,"lower_bound":491.8425474086333,"upper_bound":492.3163066728591},"point_estimate":492.24642840789414,"standard_error":0.13322063976898457},"MedianAbsDev":{"confidence_interval":{"confidence_level":0.95,"lower_bound":0.27124454701832273,"upper_bound":0.9070026030650445},"point_estimate":0.5587402025443312,"standard_error":0.1620471426226378},"Slope":{"confidence_interval":{"confidence_level":0.95,"lower_bound":491.4311181316735,"upper_bound":492.3271815005897},"point_estimate":491.8429599538704,"standard_error":0.22767513750352922},"StdDev":{"confidence_interval":{"confidence_level":0.95,"lower_bound":0.6254180575903223,"upper_bound":1.53765043036543},"point_estimate":1.15017929965154,"standard_error":0.23102804885163858}}