{"Mean":{"confidence_interval":{"confidence_level":0.95,"lower_bound":13191720.44685731,"upper_bound":13246836.093097173},"point_estimate":13219871.846128756,"standard_error":14094.221956736688},"Median":{"confidence_interval":{"confidence_level":0.95,"lower_bound":13191987.655172415,"upper_bound":13259414.204545453},"point_estimate":13222955.416666668,"standard_error":20678.36560824484},"MedianAbsDev":{"confidence_interval":{"confidence_level":0.95,"lower_bound":49735.553058044476,"upper_bound":112261.48454862628},"point_estimate":89869.14321700502,"standard_error":16113.758422869674},"Slope":{"confidence_interval":{"confidence_level":0.95,"lower_bound":13189694.999703472,"upper_bound":13236281.796304196},"point_estimate":13212525.854574298,"standard_error":11867.801687773546},"StdDev":{"confidence_interval":{"confidence_level":0.95,"lower_bound":58928.1459411557,"upper_bound":94437.15065007561},"point_estimate":78530.59006421726,"standard_error":9080.388049517065}}