{"Mean":{"confidence_interval":{"confidence_level":0.95,"lower_bound":508.97015934549864,"upper_bound":509.93113442745874},"point_estimate":509.41564801545155,"standard_error":0.24658954287983584},"Median":{"confidence_interval":{"confidence_level":0.95,"lower_bound":508.90708915615176,"upper_bound":509.6297928673345},"point_estimate":509.36999396553404,"standard_error":0.18426562371682},"MedianAbsDev":{"confidence_interval":{"confidence_level":0.95,"lower_bound":0.42971879254114875,"upper_bound":1.3567696732165424},"point_estimate":0.7418813259990455,"standard_error":0.22377300246693743},"Slope":{"confidence_interval":{"confidence_level":0.95,"lower_bound":509.0786199625852,"upper_bound":509.62719674268266},"point_estimate":509.3332419990709,"standard_error":0.13977921641806945},"StdDev":{"confidence_interval":{"confidence_level":0.95,"lower_bound":0.7208261076180844,"upper_bound":1.8579421300206371},"point_estimate":1.3729386547882028,"standard_error":0.2937801231358135}}