{"Mean":{"confidence_interval":{"confidence_level":0.95,"lower_bound":371.5551604498493,"upper_bound":371.71864100034486},"point_estimate":371.62647806663034,"standard_error":0.042580522164746254},"Median":{"confidence_interval":{"confidence_level":0.95,"lower_bound":371.54468848658246,"upper_bound":371.5554581031307},"point_estimate":371.54843462246777,"standard_error":0.0029514630538312494},"MedianAbsDev":{"confidence_interval":{"confidence_level":0.95,"lower_bound":0.007441800657839214,"upper_bound":0.024569061632180332},"point_estimate":0.015437578026650469,"standard_error":0.004413414849890304},"Slope":{"confidence_interval":{"confidence_level":0.95,"lower_bound":371.5455532142955,"upper_bound":371.8255723705553},"point_estimate":371.66752384440986,"standard_error":0.07223606809604359},"StdDev":{"confidence_interval":{"confidence_level":0.95,"lower_bound":0.0576774223824142,"upper_bound":0.3418945540551487},"point_estimate":0.2367520154018597,"standard_error":0.0743837138782111}}