{"Mean":{"confidence_interval":{"confidence_level":0.95,"lower_bound":385.97454410192944,"upper_bound":386.109803235336},"point_estimate":386.03843498639606,"standard_error":0.03464361122811796},"Median":{"confidence_interval":{"confidence_level":0.95,"lower_bound":385.94965210999135,"upper_bound":386.0630507259748},"point_estimate":386.00578532982655,"standard_error":0.03528683740209323},"MedianAbsDev":{"confidence_interval":{"confidence_level":0.95,"lower_bound":0.0759787215796465,"upper_bound":0.2195333073971363},"point_estimate":0.1205416090608107,"standard_error":0.035397861763717495},"Slope":{"confidence_interval":{"confidence_level":0.95,"lower_bound":385.9562535565161,"upper_bound":386.09466471403545},"point_estimate":386.0251527870447,"standard_error":0.0355617492451328},"StdDev":{"confidence_interval":{"confidence_level":0.95,"lower_bound":0.11927349772743191,"upper_bound":0.25284555003012393},"point_estimate":0.19233419487745035,"standard_error":0.03488001209779274}}