{"Mean":{"confidence_interval":{"confidence_level":0.95,"lower_bound":56713366.16388363,"upper_bound":57002860.96213698},"point_estimate":56851889.91944358,"standard_error":73279.19579918246},"Median":{"confidence_interval":{"confidence_level":0.95,"lower_bound":56731586.28,"upper_bound":56983904.08214286},"point_estimate":56841042.0,"standard_error":56042.93081858192},"MedianAbsDev":{"confidence_interval":{"confidence_level":0.95,"lower_bound":163637.58990416076,"upper_bound":366790.912768152},"point_estimate":286374.3635350703,"standard_error":54226.73491006838},"Slope":{"confidence_interval":{"confidence_level":0.95,"lower_bound":56734075.550655395,"upper_bound":56938555.67601403},"point_estimate":56841129.95134849,"standard_error":52162.80536244389},"StdDev":{"confidence_interval":{"confidence_level":0.95,"lower_bound":202304.07837459102,"upper_bound":584437.2586381627},"point_estimate":407904.6094084341,"standard_error":100642.47589523628}}