{"Mean":{"confidence_interval":{"confidence_level":0.95,"lower_bound":451.76610710136106,"upper_bound":452.9386678780298},"point_estimate":452.37018388399684,"standard_error":0.2995470578482662},"Median":{"confidence_interval":{"confidence_level":0.95,"lower_bound":451.91510913357376,"upper_bound":453.1709096840599},"point_estimate":452.71951235620907,"standard_error":0.29895955254106166},"MedianAbsDev":{"confidence_interval":{"confidence_level":0.95,"lower_bound":0.6446895731864781,"upper_bound":1.9486076569313984},"point_estimate":1.2674071445531514,"standard_error":0.32663435991934403},"Slope":{"confidence_interval":{"confidence_level":0.95,"lower_bound":452.1011062176129,"upper_bound":453.1203488591095},"point_estimate":452.6832882155523,"standard_error":0.2596617018865366},"StdDev":{"confidence_interval":{"confidence_level":0.95,"lower_bound":1.0750176210608167,"upper_bound":2.1494827274096546},"point_estimate":1.6653276701327975,"standard_error":0.276634267163651}}