{"Mean":{"confidence_interval":{"confidence_level":0.95,"lower_bound":1125224.895641272,"upper_bound":1126728.857003142},"point_estimate":1125827.6007483548,"standard_error":397.781337044094},"Median":{"confidence_interval":{"confidence_level":0.95,"lower_bound":1125008.7152777778,"upper_bound":1125677.0885225884},"point_estimate":1125577.171658615,"standard_error":176.74779171849528},"MedianAbsDev":{"confidence_interval":{"confidence_level":0.95,"lower_bound":211.5470129110441,"upper_bound":1285.901703945438},"point_estimate":882.2396468371153,"standard_error":244.85915305700263},"Slope":{"confidence_interval":{"confidence_level":0.95,"lower_bound":1125004.7811621062,"upper_bound":1125617.1956524989},"point_estimate":1125342.580703919,"standard_error":156.38063681648575},"StdDev":{"confidence_interval":{"confidence_level":0.95,"lower_bound":619.4541807536224,"upper_bound":3559.8295181139965},"point_estimate":2222.0817994109225,"standard_error":933.5090787418937}}