{"Mean":{"confidence_interval":{"confidence_level":0.95,"lower_bound":14958079.719031457,"upper_bound":15069766.040011616},"point_estimate":15015841.424969975,"standard_error":28577.871807426207},"Median":{"confidence_interval":{"confidence_level":0.95,"lower_bound":14966072.92,"upper_bound":15078564.318181818},"point_estimate":15052914.42763158,"standard_error":29175.84277741501},"MedianAbsDev":{"confidence_interval":{"confidence_level":0.95,"lower_bound":77447.81144820816,"upper_bound":192065.74692015175},"point_estimate":163447.34252915048,"standard_error":29589.872414591977},"Slope":{"confidence_interval":{"confidence_level":0.95,"lower_bound":14981175.505628359,"upper_bound":15081214.146812683},"point_estimate":15027721.22982549,"standard_error":25582.26036176487},"StdDev":{"confidence_interval":{"confidence_level":0.95,"lower_bound":104707.90551013194,"upper_bound":200133.17640973887},"point_estimate":158655.01606395032,"standard_error":24440.432473565255}}