{"Mean":{"confidence_interval":{"confidence_level":0.95,"lower_bound":724.9426289067078,"upper_bound":727.5652231767931},"point_estimate":726.2377364569294,"standard_error":0.6686682005873604},"Median":{"confidence_interval":{"confidence_level":0.95,"lower_bound":725.2026143320704,"upper_bound":727.3102774980418},"point_estimate":725.9963258683803,"standard_error":0.6199935795876648},"MedianAbsDev":{"confidence_interval":{"confidence_level":0.95,"lower_bound":1.5140469526436227,"upper_bound":4.4483905369685015},"point_estimate":2.593615895253385,"standard_error":0.7435438660634159},"Slope":{"confidence_interval":{"confidence_level":0.95,"lower_bound":725.2325662614079,"upper_bound":727.3668490340162},"point_estimate":726.2904334998613,"standard_error":0.5395137019982844},"StdDev":{"confidence_interval":{"confidence_level":0.95,"lower_bound":2.4982278084263636,"upper_bound":4.732956064988239},"point_estimate":3.7200018394935306,"standard_error":0.5742217785537282}}