{"Mean":{"confidence_interval":{"confidence_level":0.95,"lower_bound":518.2001671456698,"upper_bound":519.4202594471301},"point_estimate":518.7872993488565,"standard_error":0.3102640164893572},"Median":{"confidence_interval":{"confidence_level":0.95,"lower_bound":517.8631038121763,"upper_bound":519.3483515154569},"point_estimate":518.7539528672487,"standard_error":0.37032344335516815},"MedianAbsDev":{"confidence_interval":{"confidence_level":0.95,"lower_bound":1.0077651892252737,"upper_bound":2.405600915267426},"point_estimate":1.7970507862842555,"standard_error":0.34941945824517356},"Slope":{"confidence_interval":{"confidence_level":0.95,"lower_bound":518.0573594950226,"upper_bound":518.985849563515},"point_estimate":518.5141707349242,"standard_error":0.23697539455888558},"StdDev":{"confidence_interval":{"confidence_level":0.95,"lower_bound":1.2129582928760523,"upper_bound":2.20496328573606},"point_estimate":1.7300855174773095,"standard_error":0.2609857877518152}}