{"Mean":{"confidence_interval":{"confidence_level":0.95,"lower_bound":215385.58508901388,"upper_bound":215745.743338124},"point_estimate":215562.81835707166,"standard_error":91.71265482481598},"Median":{"confidence_interval":{"confidence_level":0.95,"lower_bound":215376.11758241756,"upper_bound":215736.3949829932},"point_estimate":215600.3553782415,"standard_error":97.14467792493588},"MedianAbsDev":{"confidence_interval":{"confidence_level":0.95,"lower_bound":275.18883547156526,"upper_bound":779.4358368765298},"point_estimate":501.60499207994076,"standard_error":139.86227679944813},"Slope":{"confidence_interval":{"confidence_level":0.95,"lower_bound":215671.48533338882,"upper_bound":216067.8657251557},"point_estimate":215885.84809030962,"standard_error":101.145681849745},"StdDev":{"confidence_interval":{"confidence_level":0.95,"lower_bound":380.2879075917517,"upper_bound":618.1899066088374},"point_estimate":511.5888932114197,"standard_error":61.02874103393027}}