{"Mean":{"confidence_interval":{"confidence_level":0.95,"lower_bound":699575.9498995537,"upper_bound":700726.7675259198},"point_estimate":700134.6959224218,"standard_error":293.57814793950826},"Median":{"confidence_interval":{"confidence_level":0.95,"lower_bound":698890.024896978,"upper_bound":700949.1594827586},"point_estimate":699890.951923077,"standard_error":562.8482410923037},"MedianAbsDev":{"confidence_interval":{"confidence_level":0.95,"lower_bound":881.4597374759327,"upper_bound":2495.269267245564},"point_estimate":1672.3496046848595,"standard_error":379.34763609676787},"Slope":{"confidence_interval":{"confidence_level":0.95,"lower_bound":699646.3271812203,"upper_bound":700641.1079260207},"point_estimate":700141.5117464304,"standard_error":253.94242759966488},"StdDev":{"confidence_interval":{"confidence_level":0.95,"lower_bound":1192.5242865382954,"upper_bound":2004.4093235954228},"point_estimate":1635.422534012605,"standard_error":209.22139978369327}}