{"Mean":{"confidence_interval":{"confidence_level":0.95,"lower_bound":-0.011900579935663303,"upper_bound":-0.0012076740363458477},"point_estimate":-0.005883871863769263,"standard_error":0.0027716914560740676},"Median":{"confidence_interval":{"confidence_level":0.95,"lower_bound":-0.006037215472147417,"upper_bound":0.0010383930248631934},"point_estimate":-0.002473769649895763,"standard_error":0.0018460145451738826}}