{"Mean":{"confidence_interval":{"confidence_level":0.95,"lower_bound":1122530.8842058817,"upper_bound":1123463.231994971},"point_estimate":1123003.7598677468,"standard_error":238.7450068671663},"Median":{"confidence_interval":{"confidence_level":0.95,"lower_bound":1122690.5005050506,"upper_bound":1123760.8909592824},"point_estimate":1123627.8247126439,"standard_error":286.4927289594268},"MedianAbsDev":{"confidence_interval":{"confidence_level":0.95,"lower_bound":300.4855835913965,"upper_bound":1898.4429838413926},"point_estimate":648.5488819202666,"standard_error":438.15993709926755},"Slope":{"confidence_interval":{"confidence_level":0.95,"lower_bound":1123602.7390543008,"upper_bound":1123945.2381588863},"point_estimate":1123791.6533638875,"standard_error":86.54333790103546},"StdDev":{"confidence_interval":{"confidence_level":0.95,"lower_bound":1022.0565790350738,"upper_bound":1541.560282756629},"point_estimate":1326.3557088438417,"standard_error":130.86568158527663}}