{"Mean":{"confidence_interval":{"confidence_level":0.95,"lower_bound":6010408.655846986,"upper_bound":6014822.523315891},"point_estimate":6012644.902724802,"standard_error":1127.7664241095338},"Median":{"confidence_interval":{"confidence_level":0.95,"lower_bound":6010561.3375,"upper_bound":6014918.709375},"point_estimate":6013348.713214286,"standard_error":1178.2520735937053},"MedianAbsDev":{"confidence_interval":{"confidence_level":0.95,"lower_bound":2431.618394330604,"upper_bound":7025.185929124065},"point_estimate":4620.912858617419,"standard_error":1149.1858309242434},"Slope":{"confidence_interval":{"confidence_level":0.95,"lower_bound":6008655.572175383,"upper_bound":6014189.960077742},"point_estimate":6011727.887096774,"standard_error":1412.6593668583748},"StdDev":{"confidence_interval":{"confidence_level":0.95,"lower_bound":3854.242066838126,"upper_bound":8384.689613245355},"point_estimate":6317.875972783097,"standard_error":1158.319477038888}}