{"Mean":{"confidence_interval":{"confidence_level":0.95,"lower_bound":450317.82723605866,"upper_bound":450493.6067327794},"point_estimate":450397.5369317475,"standard_error":45.158650209643156},"Median":{"confidence_interval":{"confidence_level":0.95,"lower_bound":450283.80247933883,"upper_bound":450352.9891774892},"point_estimate":450329.6824009324,"standard_error":16.812100626817244},"MedianAbsDev":{"confidence_interval":{"confidence_level":0.95,"lower_bound":47.18064839960164,"upper_bound":145.92081791543856},"point_estimate":88.19550560208674,"standard_error":25.746464346762934},"Slope":{"confidence_interval":{"confidence_level":0.95,"lower_bound":450252.2321434647,"upper_bound":450385.9312874903},"point_estimate":450303.8637036681,"standard_error":34.47825910423675},"StdDev":{"confidence_interval":{"confidence_level":0.95,"lower_bound":97.19983625653094,"upper_bound":334.5497727622721},"point_estimate":251.10256716561676,"standard_error":56.79677298463206}}