{"Mean":{"confidence_interval":{"confidence_level":0.95,"lower_bound":2039.980971378178,"upper_bound":2041.5466075534775},"point_estimate":2040.7588396573833,"standard_error":0.39949052381504185},"Median":{"confidence_interval":{"confidence_level":0.95,"lower_bound":2039.9511232773268,"upper_bound":2041.684774400604},"point_estimate":2040.9362974150288,"standard_error":0.5047349489624006},"MedianAbsDev":{"confidence_interval":{"confidence_level":0.95,"lower_bound":1.0922889509879232,"upper_bound":3.330188745861181},"point_estimate":1.625440186467398,"standard_error":0.599389872965331},"Slope":{"confidence_interval":{"confidence_level":0.95,"lower_bound":2039.605805550689,"upper_bound":2041.9572404092007},"point_estimate":2040.8415365371995,"standard_error":0.6000446035552148},"StdDev":{"confidence_interval":{"confidence_level":0.95,"lower_bound":1.6713162376823874,"upper_bound":2.656078032833208},"point_estimate":2.2334317744512697,"standard_error":0.2512019854625161}}