{"Mean":{"confidence_interval":{"confidence_level":0.95,"lower_bound":547.4135278325797,"upper_bound":548.4846385877979},"point_estimate":547.9522037701294,"standard_error":0.27387762438083735},"Median":{"confidence_interval":{"confidence_level":0.95,"lower_bound":547.2537744948726,"upper_bound":548.7799829508917},"point_estimate":548.3456217733936,"standard_error":0.49051579337679835},"MedianAbsDev":{"confidence_interval":{"confidence_level":0.95,"lower_bound":0.8775874305880729,"upper_bound":2.270529641459694},"point_estimate":1.6448357099596724,"standard_error":0.3436023848670335},"Slope":{"confidence_interval":{"confidence_level":0.95,"lower_bound":547.8107793767695,"upper_bound":548.941076034798},"point_estimate":548.3563851062735,"standard_error":0.2895534492913402},"StdDev":{"confidence_interval":{"confidence_level":0.95,"lower_bound":1.1945551455416954,"upper_bound":1.7792637772658126},"point_estimate":1.5276491839356638,"standard_error":0.1499756543386325}}