{"Mean":{"confidence_interval":{"confidence_level":0.95,"lower_bound":712365.0327407523,"upper_bound":713424.5553291264},"point_estimate":712944.306181093,"standard_error":270.4033027475013},"Median":{"confidence_interval":{"confidence_level":0.95,"lower_bound":712866.2185185186,"upper_bound":713472.571957672},"point_estimate":713191.9490196079,"standard_error":174.09035396622536},"MedianAbsDev":{"confidence_interval":{"confidence_level":0.95,"lower_bound":349.6443450969891,"upper_bound":846.1539497050261},"point_estimate":586.4100220335891,"standard_error":129.7224120062052},"Slope":{"confidence_interval":{"confidence_level":0.95,"lower_bound":712909.5151150059,"upper_bound":713485.1980714587},"point_estimate":713259.6597355896,"standard_error":147.2400541691765},"StdDev":{"confidence_interval":{"confidence_level":0.95,"lower_bound":477.18911579016657,"upper_bound":2138.8709404410934},"point_estimate":1503.7369349553526,"standard_error":408.3036136696192}}