{"Mean":{"confidence_interval":{"confidence_level":0.95,"lower_bound":13931755.910689777,"upper_bound":13947197.82254892},"point_estimate":13938869.843958627,"standard_error":3938.5923594789315},"Median":{"confidence_interval":{"confidence_level":0.95,"lower_bound":13927871.45462963,"upper_bound":13943548.778325124},"point_estimate":13939336.791111112,"standard_error":3634.3952983024},"MedianAbsDev":{"confidence_interval":{"confidence_level":0.95,"lower_bound":7376.340666888127,"upper_bound":22541.766217390956},"point_estimate":16422.539698735072,"standard_error":4007.6422344573525},"Slope":{"confidence_interval":{"confidence_level":0.95,"lower_bound":13926781.861878777,"upper_bound":13939522.966734966},"point_estimate":13933411.486620836,"standard_error":3277.749271113069},"StdDev":{"confidence_interval":{"confidence_level":0.95,"lower_bound":11980.293439310984,"upper_bound":31124.371073135342},"point_estimate":21930.678792758994,"standard_error":5259.243760363655}}