{"Mean":{"confidence_interval":{"confidence_level":0.95,"lower_bound":0.001737049158196552,"upper_bound":0.003555803330466789},"point_estimate":0.002601579402317755,"standard_error":0.0004603100270511313},"Median":{"confidence_interval":{"confidence_level":0.95,"lower_bound":0.0011383085722506182,"upper_bound":0.0033409837782631883},"point_estimate":0.002669581285704714,"standard_error":0.0006146534070584132}}