{"Mean":{"confidence_interval":{"confidence_level":0.95,"lower_bound":552.6347746253718,"upper_bound":553.7123861523427},"point_estimate":553.1105136772406,"standard_error":0.2785589382242843},"Median":{"confidence_interval":{"confidence_level":0.95,"lower_bound":552.4526317850183,"upper_bound":552.5960295814925},"point_estimate":552.5025800899958,"standard_error":0.0431704753888268},"MedianAbsDev":{"confidence_interval":{"confidence_level":0.95,"lower_bound":0.06462192507217802,"upper_bound":0.2539234733966388},"point_estimate":0.1385482136331992,"standard_error":0.04664128045485803},"Slope":{"confidence_interval":{"confidence_level":0.95,"lower_bound":552.4543756509962,"upper_bound":552.9842553822747},"point_estimate":552.650033597927,"standard_error":0.1407928545245865},"StdDev":{"confidence_interval":{"confidence_level":0.95,"lower_bound":0.5157804498522951,"upper_bound":2.1143738229434335},"point_estimate":1.5522764329908976,"standard_error":0.3860203946411788}}