{"Mean":{"confidence_interval":{"confidence_level":0.95,"lower_bound":21797504.250587758,"upper_bound":21808979.724129},"point_estimate":21803319.750811506,"standard_error":2932.1808096750274},"Median":{"confidence_interval":{"confidence_level":0.95,"lower_bound":21797715.14285714,"upper_bound":21811776.141812865},"point_estimate":21806926.895,"standard_error":3919.044037894739},"MedianAbsDev":{"confidence_interval":{"confidence_level":0.95,"lower_bound":6932.060910260355,"upper_bound":21006.500250484867},"point_estimate":13657.343484531839,"standard_error":3522.5586470567846},"Slope":{"confidence_interval":{"confidence_level":0.95,"lower_bound":21799446.929205548,"upper_bound":21809667.568244535},"point_estimate":21805183.548810154,"standard_error":2617.211820650726},"StdDev":{"confidence_interval":{"confidence_level":0.95,"lower_bound":11597.222009519031,"upper_bound":20133.71104903977},"point_estimate":16308.646848434248,"standard_error":2180.7236054728996}}