{"Mean":{"confidence_interval":{"confidence_level":0.95,"lower_bound":5178479.140010077,"upper_bound":5182829.072855629},"point_estimate":5180222.868150625,"standard_error":1144.3299387678467},"Median":{"confidence_interval":{"confidence_level":0.95,"lower_bound":5178285.348070175,"upper_bound":5180229.580246914},"point_estimate":5178889.267521367,"standard_error":594.5589486311333},"MedianAbsDev":{"confidence_interval":{"confidence_level":0.95,"lower_bound":1383.4794442622413,"upper_bound":3928.427409743604},"point_estimate":2195.5879159361725,"standard_error":634.8218854752675},"Slope":{"confidence_interval":{"confidence_level":0.95,"lower_bound":5178134.706333026,"upper_bound":5179772.011228913},"point_estimate":5178984.429790234,"standard_error":415.62948298120017},"StdDev":{"confidence_interval":{"confidence_level":0.95,"lower_bound":1978.1286888101552,"upper_bound":10227.030597786063},"point_estimate":6376.620839744304,"standard_error":2657.890920284761}}