{"Mean":{"confidence_interval":{"confidence_level":0.95,"lower_bound":27194.033428750383,"upper_bound":27325.730482080355},"point_estimate":27265.488586535535,"standard_error":33.88499631179122},"Median":{"confidence_interval":{"confidence_level":0.95,"lower_bound":27301.33239770459,"upper_bound":27350.24502172126},"point_estimate":27336.53591662828,"standard_error":13.939304721224358},"MedianAbsDev":{"confidence_interval":{"confidence_level":0.95,"lower_bound":21.22245671516516,"upper_bound":133.4234366956306},"point_estimate":52.19273622965433,"standard_error":30.494349480696247},"Slope":{"confidence_interval":{"confidence_level":0.95,"lower_bound":27344.40144692766,"upper_bound":27387.297399747345},"point_estimate":27367.531563631066,"standard_error":10.964518855822634},"StdDev":{"confidence_interval":{"confidence_level":0.95,"lower_bound":92.63351500256174,"upper_bound":251.3776994417423},"point_estimate":188.4647126987732,"standard_error":40.18626783380074}}