{"Mean":{"confidence_interval":{"confidence_level":0.95,"lower_bound":17588254.636015978,"upper_bound":17684922.438037273},"point_estimate":17637736.18338879,"standard_error":24693.86637827924},"Median":{"confidence_interval":{"confidence_level":0.95,"lower_bound":17589148.27020202,"upper_bound":17716803.93233083},"point_estimate":17638042.68181818,"standard_error":33400.70266698091},"MedianAbsDev":{"confidence_interval":{"confidence_level":0.95,"lower_bound":80982.65811168496,"upper_bound":225666.52196999983},"point_estimate":137349.4926273383,"standard_error":37430.54586162754},"Slope":{"confidence_interval":{"confidence_level":0.95,"lower_bound":17598305.084251594,"upper_bound":17665085.906532917},"point_estimate":17632205.751454256,"standard_error":16920.450996010815},"StdDev":{"confidence_interval":{"confidence_level":0.95,"lower_bound":102297.7588094108,"upper_bound":169430.0482152598},"point_estimate":138021.25408351087,"standard_error":17345.4855198457}}