{"Mean":{"confidence_interval":{"confidence_level":0.95,"lower_bound":32586918.498426124,"upper_bound":32845640.192387644},"point_estimate":32715393.373603817,"standard_error":65811.40294639305},"Median":{"confidence_interval":{"confidence_level":0.95,"lower_bound":32599579.709134616,"upper_bound":32836374.339580208},"point_estimate":32728229.957792208,"standard_error":55152.03647924752},"MedianAbsDev":{"confidence_interval":{"confidence_level":0.95,"lower_bound":150175.7240978488,"upper_bound":442943.3817415672},"point_estimate":258965.02575445108,"standard_error":75827.89685798949},"Slope":{"confidence_interval":{"confidence_level":0.95,"lower_bound":32682259.988332514,"upper_bound":32864680.163128752},"point_estimate":32772706.129349552,"standard_error":46728.81010648865},"StdDev":{"confidence_interval":{"confidence_level":0.95,"lower_bound":242179.9156592118,"upper_bound":468711.00542860077},"point_estimate":365256.4355296401,"standard_error":58017.085103566795}}