{"Mean":{"confidence_interval":{"confidence_level":0.95,"lower_bound":392.1135913169797,"upper_bound":392.69122314278206},"point_estimate":392.4101713819522,"standard_error":0.1475736916717763},"Median":{"confidence_interval":{"confidence_level":0.95,"lower_bound":392.2145512115189,"upper_bound":392.9349567414931},"point_estimate":392.67219257667375,"standard_error":0.19539877515912804},"MedianAbsDev":{"confidence_interval":{"confidence_level":0.95,"lower_bound":0.3212997507914574,"upper_bound":1.1789030632024597},"point_estimate":0.6784990759328445,"standard_error":0.22425250428513174},"Slope":{"confidence_interval":{"confidence_level":0.95,"lower_bound":391.8532530790939,"upper_bound":392.7556024353935},"point_estimate":392.2902055982726,"standard_error":0.23147221641429594},"StdDev":{"confidence_interval":{"confidence_level":0.95,"lower_bound":0.6196720678172304,"upper_bound":0.9534174864955743},"point_estimate":0.8217108517863917,"standard_error":0.08451504730883885}}