{"Mean":{"confidence_interval":{"confidence_level":0.95,"lower_bound":2914125.897025331,"upper_bound":2925369.425872211},"point_estimate":2919473.4153124574,"standard_error":2875.0831453523488},"Median":{"confidence_interval":{"confidence_level":0.95,"lower_bound":2910618.515625,"upper_bound":2923450.4327380955},"point_estimate":2919433.413690476,"standard_error":3061.9384169660752},"MedianAbsDev":{"confidence_interval":{"confidence_level":0.95,"lower_bound":7071.210271961159,"upper_bound":19201.716787562757},"point_estimate":13810.758826185183,"standard_error":3113.0687976229838},"Slope":{"confidence_interval":{"confidence_level":0.95,"lower_bound":2914189.918375053,"upper_bound":2922011.0471956735},"point_estimate":2918214.8136435747,"standard_error":2002.0343819211275},"StdDev":{"confidence_interval":{"confidence_level":0.95,"lower_bound":10098.533092348085,"upper_bound":21659.067140193896},"point_estimate":16043.764193947434,"standard_error":3101.1246174971275}}