{"Mean":{"confidence_interval":{"confidence_level":0.95,"lower_bound":668.923497185999,"upper_bound":669.2198366161954},"point_estimate":669.075446403455,"standard_error":0.07566046680512538},"Median":{"confidence_interval":{"confidence_level":0.95,"lower_bound":668.9935022787254,"upper_bound":669.311295997351},"point_estimate":669.1173010058363,"standard_error":0.07610409057987418},"MedianAbsDev":{"confidence_interval":{"confidence_level":0.95,"lower_bound":0.18370661590368514,"upper_bound":0.6165104183382148},"point_estimate":0.3995710476492693,"standard_error":0.12536525530757142},"Slope":{"confidence_interval":{"confidence_level":0.95,"lower_bound":669.0103740422853,"upper_bound":669.3282318835786},"point_estimate":669.1716246275091,"standard_error":0.08078739383622915},"StdDev":{"confidence_interval":{"confidence_level":0.95,"lower_bound":0.30617737422181024,"upper_bound":0.5094584027942365},"point_estimate":0.42179390454051413,"standard_error":0.051910609555753565}}