{"Mean":{"confidence_interval":{"confidence_level":0.95,"lower_bound":28530030.262038153,"upper_bound":28819108.120172024},"point_estimate":28628545.738916412,"standard_error":92272.7922125306},"Median":{"confidence_interval":{"confidence_level":0.95,"lower_bound":28529027.064102564,"upper_bound":28546041.208333336},"point_estimate":28535184.713888887,"standard_error":5063.0238898173475},"MedianAbsDev":{"confidence_interval":{"confidence_level":0.95,"lower_bound":10915.045005877993,"upper_bound":27535.35706768535},"point_estimate":19371.428866087837,"standard_error":4285.448036464215},"Slope":{"confidence_interval":{"confidence_level":0.95,"lower_bound":28525078.302112546,"upper_bound":28535690.169450775},"point_estimate":28530229.562030673,"standard_error":2704.189480595307},"StdDev":{"confidence_interval":{"confidence_level":0.95,"lower_bound":14641.661901459976,"upper_bound":857601.8600667666},"point_estimate":512648.1971400888,"standard_error":307400.0449102848}}