{"Mean":{"confidence_interval":{"confidence_level":0.95,"lower_bound":1077.4104612504261,"upper_bound":1080.3628996416921},"point_estimate":1078.9444336146005,"standard_error":0.753661927881315},"Median":{"confidence_interval":{"confidence_level":0.95,"lower_bound":1077.8140467108344,"upper_bound":1080.8803390383457},"point_estimate":1079.16085248946,"standard_error":0.9854455993295189},"MedianAbsDev":{"confidence_interval":{"confidence_level":0.95,"lower_bound":2.2239262238477138,"upper_bound":5.676392566623069},"point_estimate":3.723749522326385,"standard_error":0.8927446121469003},"Slope":{"confidence_interval":{"confidence_level":0.95,"lower_bound":1078.2060089863796,"upper_bound":1081.293372584324},"point_estimate":1079.7190706811743,"standard_error":0.7867853602828624},"StdDev":{"confidence_interval":{"confidence_level":0.95,"lower_bound":2.8578740512042478,"upper_bound":5.347556010326055},"point_estimate":4.190893990821659,"standard_error":0.6481320383360375}}