{"Mean":{"confidence_interval":{"confidence_level":0.95,"lower_bound":12137874.312879657,"upper_bound":12333998.863454262},"point_estimate":12204726.638951741,"standard_error":62548.41844667787},"Median":{"confidence_interval":{"confidence_level":0.95,"lower_bound":12135733.85952381,"upper_bound":12150289.74025974},"point_estimate":12142097.75,"standard_error":3585.9533046100946},"MedianAbsDev":{"confidence_interval":{"confidence_level":0.95,"lower_bound":7611.8216372763745,"upper_bound":17275.161165720103},"point_estimate":13905.168931338867,"standard_error":2534.724152573868},"Slope":{"confidence_interval":{"confidence_level":0.95,"lower_bound":12136387.855809689,"upper_bound":12143663.845163077},"point_estimate":12139615.793019567,"standard_error":1855.8277612088311},"StdDev":{"confidence_interval":{"confidence_level":0.95,"lower_bound":9563.578455121115,"upper_bound":581311.5625503645},"point_estimate":347461.08424618386,"standard_error":208077.69951099996}}