{"Mean":{"confidence_interval":{"confidence_level":0.95,"lower_bound":55843.737555991924,"upper_bound":56347.68987526335},"point_estimate":56025.886405204095,"standard_error":147.6757037968432},"Median":{"confidence_interval":{"confidence_level":0.95,"lower_bound":55819.904377880186,"upper_bound":55881.54398667601},"point_estimate":55843.769731182794,"standard_error":14.555746149909895},"MedianAbsDev":{"confidence_interval":{"confidence_level":0.95,"lower_bound":35.22121340970242,"upper_bound":112.42551614921223},"point_estimate":68.28500844968896,"standard_error":19.898978087092093},"Slope":{"confidence_interval":{"confidence_level":0.95,"lower_bound":55812.55268208261,"upper_bound":56726.75111008593},"point_estimate":56101.00441991778,"standard_error":269.5785529912419},"StdDev":{"confidence_interval":{"confidence_level":0.95,"lower_bound":81.75154946771889,"upper_bound":1372.2312096112303},"point_estimate":824.3629407772997,"standard_error":447.21554384038035}}