{"Mean":{"confidence_interval":{"confidence_level":0.95,"lower_bound":4365769.217984994,"upper_bound":4368264.996673513},"point_estimate":4366990.400809537,"standard_error":636.9509630099795},"Median":{"confidence_interval":{"confidence_level":0.95,"lower_bound":4365515.113333333,"upper_bound":4367954.67989418},"point_estimate":4367132.193287037,"standard_error":578.6682758507817},"MedianAbsDev":{"confidence_interval":{"confidence_level":0.95,"lower_bound":1270.3090100899321,"upper_bound":4396.086010287696},"point_estimate":2763.3479357572205,"standard_error":825.7311139973629},"Slope":{"confidence_interval":{"confidence_level":0.95,"lower_bound":4365772.398486492,"upper_bound":4367717.275866763},"point_estimate":4366721.04269346,"standard_error":497.1061919286393},"StdDev":{"confidence_interval":{"confidence_level":0.95,"lower_bound":2434.351330507237,"upper_bound":4456.86660595425},"point_estimate":3566.7130297577933,"standard_error":518.1029846254598}}