{"Mean":{"confidence_interval":{"confidence_level":0.95,"lower_bound":392275.8427271063,"upper_bound":392457.65225494775},"point_estimate":392366.4648967264,"standard_error":46.3516208405453},"Median":{"confidence_interval":{"confidence_level":0.95,"lower_bound":392269.60675381264,"upper_bound":392480.89917695476},"point_estimate":392379.4811507936,"standard_error":66.97271372089355},"MedianAbsDev":{"confidence_interval":{"confidence_level":0.95,"lower_bound":142.13765489948685,"upper_bound":395.02448609802696},"point_estimate":213.40116602136473,"standard_error":64.4507069970141},"Slope":{"confidence_interval":{"confidence_level":0.95,"lower_bound":392330.727787409,"upper_bound":392566.0529907728},"point_estimate":392453.2773488454,"standard_error":60.28201570489542},"StdDev":{"confidence_interval":{"confidence_level":0.95,"lower_bound":197.84104243770017,"upper_bound":304.9452793316135},"point_estimate":258.88955416302036,"standard_error":27.37810187941171}}