{"Mean":{"confidence_interval":{"confidence_level":0.95,"lower_bound":6966495.6410647305,"upper_bound":6975577.312169494},"point_estimate":6970771.995086811,"standard_error":2315.9486044283003},"Median":{"confidence_interval":{"confidence_level":0.95,"lower_bound":6962981.005681818,"upper_bound":6973795.640625},"point_estimate":6968577.028074866,"standard_error":3044.6458678368786},"MedianAbsDev":{"confidence_interval":{"confidence_level":0.95,"lower_bound":6089.897325973682,"upper_bound":15660.175158529017},"point_estimate":11782.633824150074,"standard_error":2479.345183029764},"Slope":{"confidence_interval":{"confidence_level":0.95,"lower_bound":6961167.403648583,"upper_bound":6966590.15230191},"point_estimate":6963497.184769963,"standard_error":1384.5927224852492},"StdDev":{"confidence_interval":{"confidence_level":0.95,"lower_bound":8197.605061954953,"upper_bound":16461.217437990643},"point_estimate":12882.343820743032,"standard_error":2111.974976394216}}