{"Mean":{"confidence_interval":{"confidence_level":0.95,"lower_bound":569319.7080525138,"upper_bound":570226.576894387},"point_estimate":569788.5945130928,"standard_error":232.05361312534376},"Median":{"confidence_interval":{"confidence_level":0.95,"lower_bound":569658.7861842106,"upper_bound":570636.1679281816},"point_estimate":570375.4866396761,"standard_error":285.8860923678058},"MedianAbsDev":{"confidence_interval":{"confidence_level":0.95,"lower_bound":428.9912117744645,"upper_bound":1827.7385182090904},"point_estimate":786.6094618141457,"standard_error":344.3160573791429},"Slope":{"confidence_interval":{"confidence_level":0.95,"lower_bound":570321.2458173009,"upper_bound":570787.2387346753},"point_estimate":570596.1238052826,"standard_error":118.32572362839727},"StdDev":{"confidence_interval":{"confidence_level":0.95,"lower_bound":993.0876690841548,"upper_bound":1480.7338962675208},"point_estimate":1295.4370736899964,"standard_error":124.46227661000016}}