{"Mean":{"confidence_interval":{"confidence_level":0.95,"lower_bound":1408748.486342916,"upper_bound":1433715.0589725834},"point_estimate":1418613.4792611992,"standard_error":6649.951075848198},"Median":{"confidence_interval":{"confidence_level":0.95,"lower_bound":1408935.6689640768,"upper_bound":1409539.0714285714},"point_estimate":1409278.6529761904,"standard_error":171.21292734201577},"MedianAbsDev":{"confidence_interval":{"confidence_level":0.95,"lower_bound":431.13561339847035,"upper_bound":1385.7517100134617},"point_estimate":973.6033276942186,"standard_error":257.79225439672524},"Slope":{"confidence_interval":{"confidence_level":0.95,"lower_bound":1408223.1288520263,"upper_bound":1420142.9448021736},"point_estimate":1412483.442079021,"standard_error":3160.1092294164946},"StdDev":{"confidence_interval":{"confidence_level":0.95,"lower_bound":1084.6562116750385,"upper_bound":56850.76804498381},"point_estimate":37153.51291519306,"standard_error":15144.977542676013}}