{"Mean":{"confidence_interval":{"confidence_level":0.95,"lower_bound":7808314.600990734,"upper_bound":7841365.63634743},"point_estimate":7826111.955958738,"standard_error":8432.871966495253},"Median":{"confidence_interval":{"confidence_level":0.95,"lower_bound":7815378.228205128,"upper_bound":7847654.523550725},"point_estimate":7831632.597883597,"standard_error":7306.581426508597},"MedianAbsDev":{"confidence_interval":{"confidence_level":0.95,"lower_bound":19000.084737403147,"upper_bound":48664.713276028495},"point_estimate":37312.783614488464,"standard_error":7535.892840549955},"Slope":{"confidence_interval":{"confidence_level":0.95,"lower_bound":7826758.198214795,"upper_bound":7845681.838842255},"point_estimate":7835821.6392913805,"standard_error":4835.482204910671},"StdDev":{"confidence_interval":{"confidence_level":0.95,"lower_bound":25161.880493596578,"upper_bound":63380.71264771863},"point_estimate":46934.705837150555,"standard_error":9996.548080543955}}