{"Mean":{"confidence_interval":{"confidence_level":0.95,"lower_bound":443.3201981370931,"upper_bound":443.793757714546},"point_estimate":443.54618310789175,"standard_error":0.12114992238598922},"Median":{"confidence_interval":{"confidence_level":0.95,"lower_bound":443.08321243948467,"upper_bound":443.71489526310233},"point_estimate":443.29461245641005,"standard_error":0.17064343637735346},"MedianAbsDev":{"confidence_interval":{"confidence_level":0.95,"lower_bound":0.16040938308499442,"upper_bound":0.930272872218233},"point_estimate":0.4477389958213698,"standard_error":0.18497019863128633},"Slope":{"confidence_interval":{"confidence_level":0.95,"lower_bound":443.09568531749727,"upper_bound":443.37036937469213},"point_estimate":443.2104138327041,"standard_error":0.07024850910550724},"StdDev":{"confidence_interval":{"confidence_level":0.95,"lower_bound":0.4768259394581756,"upper_bound":0.800281090935695},"point_estimate":0.6749719903407333,"standard_error":0.08268862128278927}}