{"Mean":{"confidence_interval":{"confidence_level":0.95,"lower_bound":408.28721164445886,"upper_bound":409.82435624977165},"point_estimate":408.8794813315135,"standard_error":0.4145213664828809},"Median":{"confidence_interval":{"confidence_level":0.95,"lower_bound":408.1168241423124,"upper_bound":408.2322614029091},"point_estimate":408.14633195346426,"standard_error":0.04335834244566282},"MedianAbsDev":{"confidence_interval":{"confidence_level":0.95,"lower_bound":0.03855301722848821,"upper_bound":0.28648313683786314},"point_estimate":0.12159617079326634,"standard_error":0.07135289038097914},"Slope":{"confidence_interval":{"confidence_level":0.95,"lower_bound":408.1883662111776,"upper_bound":408.9474561357076},"point_estimate":408.5294022859652,"standard_error":0.19623161477047554},"StdDev":{"confidence_interval":{"confidence_level":0.95,"lower_bound":0.47532033847424143,"upper_bound":3.7307801932544367},"point_estimate":2.304434074459769,"standard_error":1.0606519415544693}}