{"Mean":{"confidence_interval":{"confidence_level":0.95,"lower_bound":-0.03194352954942996,"upper_bound":-0.00199451028557629},"point_estimate":-0.014256603501153875,"standard_error":0.008092260119122683},"Median":{"confidence_interval":{"confidence_level":0.95,"lower_bound":-0.0034549670159210732,"upper_bound":-0.0015237236541923993},"point_estimate":-0.003183030897809691,"standard_error":0.0004529601089270713}}