{"Mean":{"confidence_interval":{"confidence_level":0.95,"lower_bound":800977.9299463368,"upper_bound":801972.649619899},"point_estimate":801436.3394373588,"standard_error":254.7635371523638},"Median":{"confidence_interval":{"confidence_level":0.95,"lower_bound":800630.6947115385,"upper_bound":801488.5293040293},"point_estimate":800981.3565323565,"standard_error":236.2176115254302},"MedianAbsDev":{"confidence_interval":{"confidence_level":0.95,"lower_bound":395.4085504461407,"upper_bound":1337.3296147191159},"point_estimate":760.2204670463778,"standard_error":225.05124372480572},"Slope":{"confidence_interval":{"confidence_level":0.95,"lower_bound":800806.6490984525,"upper_bound":801792.4340041358},"point_estimate":801304.9081072286,"standard_error":251.96434261703695},"StdDev":{"confidence_interval":{"confidence_level":0.95,"lower_bound":725.0697461512764,"upper_bound":1836.1897875834904},"point_estimate":1418.1090019253686,"standard_error":271.40651612057565}}