{"Mean":{"confidence_interval":{"confidence_level":0.95,"lower_bound":-0.00004711756495895941,"upper_bound":0.0004429473157711693},"point_estimate":0.00020189884638077693,"standard_error":0.00012571658227940853},"Median":{"confidence_interval":{"confidence_level":0.95,"lower_bound":-0.00004596293849989941,"upper_bound":0.0005521709840556888},"point_estimate":0.0002852323220285946,"standard_error":0.00014927277072864385}}