{"Mean":{"confidence_interval":{"confidence_level":0.95,"lower_bound":2601187.9620800847,"upper_bound":2609666.7014826788},"point_estimate":2605611.7246497627,"standard_error":2157.0818006341015},"Median":{"confidence_interval":{"confidence_level":0.95,"lower_bound":2601123.9166666665,"upper_bound":2610348.9421428572},"point_estimate":2608258.3227272728,"standard_error":2809.9209430643987},"MedianAbsDev":{"confidence_interval":{"confidence_level":0.95,"lower_bound":6136.616003753007,"upper_bound":12634.133225172893},"point_estimate":10452.786435971617,"standard_error":1658.7643339751016},"Slope":{"confidence_interval":{"confidence_level":0.95,"lower_bound":2604108.5868297713,"upper_bound":2609620.6085426738},"point_estimate":2606963.1756530935,"standard_error":1406.6371510365075},"StdDev":{"confidence_interval":{"confidence_level":0.95,"lower_bound":6989.6972862734665,"upper_bound":16574.213302214957},"point_estimate":12002.980707038203,"standard_error":2548.122524993565}}