{"Mean":{"confidence_interval":{"confidence_level":0.95,"lower_bound":625.2585406997327,"upper_bound":625.9536025744709},"point_estimate":625.5968823356219,"standard_error":0.1774681604276923},"Median":{"confidence_interval":{"confidence_level":0.95,"lower_bound":625.2084342420354,"upper_bound":625.9547600098351},"point_estimate":625.5598009018727,"standard_error":0.18080062753594517},"MedianAbsDev":{"confidence_interval":{"confidence_level":0.95,"lower_bound":0.4509987793751154,"upper_bound":1.3895088420183506},"point_estimate":0.7752252555707999,"standard_error":0.2362220861191188},"Slope":{"confidence_interval":{"confidence_level":0.95,"lower_bound":625.0891505150763,"upper_bound":625.8623073319804},"point_estimate":625.477103127926,"standard_error":0.19745610296325236},"StdDev":{"confidence_interval":{"confidence_level":0.95,"lower_bound":0.6849553372105709,"upper_bound":1.253898695999509},"point_estimate":0.9880299909776787,"standard_error":0.14775295774251063}}