{"Mean":{"confidence_interval":{"confidence_level":0.95,"lower_bound":801635.1366518558,"upper_bound":802970.2939687166},"point_estimate":802150.7303421107,"standard_error":362.50587097396635},"Median":{"confidence_interval":{"confidence_level":0.95,"lower_bound":801349.1053113553,"upper_bound":802094.2423076923},"point_estimate":801671.947963801,"standard_error":177.7203827227934},"MedianAbsDev":{"confidence_interval":{"confidence_level":0.95,"lower_bound":325.6682903720694,"upper_bound":970.0997990165627},"point_estimate":637.3070033009859,"standard_error":158.19861799489365},"Slope":{"confidence_interval":{"confidence_level":0.95,"lower_bound":801454.208434888,"upper_bound":803945.0272418786},"point_estimate":802331.8196151812,"standard_error":696.5093107209005},"StdDev":{"confidence_interval":{"confidence_level":0.95,"lower_bound":489.13495978785977,"upper_bound":3304.793843171869},"point_estimate":2025.8613585145652,"standard_error":940.9527913046838}}