{"Mean":{"confidence_interval":{"confidence_level":0.95,"lower_bound":567.4359864882814,"upper_bound":568.5230540596198},"point_estimate":567.9444124682503,"standard_error":0.2783795317607511},"Median":{"confidence_interval":{"confidence_level":0.95,"lower_bound":567.0788828205207,"upper_bound":567.5332479297434},"point_estimate":567.263042844081,"standard_error":0.13895462283293422},"MedianAbsDev":{"confidence_interval":{"confidence_level":0.95,"lower_bound":0.2815740382009725,"upper_bound":1.205816498389357},"point_estimate":0.5250670179958847,"standard_error":0.2388510914842389},"Slope":{"confidence_interval":{"confidence_level":0.95,"lower_bound":567.1736863716097,"upper_bound":567.7591109062959},"point_estimate":567.4082483677828,"standard_error":0.1493906002409746},"StdDev":{"confidence_interval":{"confidence_level":0.95,"lower_bound":0.9936850814805775,"upper_bound":1.8734944314506583},"point_estimate":1.5480468927157784,"standard_error":0.22501825713018211}}