{"Mean":{"confidence_interval":{"confidence_level":0.95,"lower_bound":382695.9889678586,"upper_bound":383519.014493127},"point_estimate":383038.2598053411,"standard_error":214.7493005876197},"Median":{"confidence_interval":{"confidence_level":0.95,"lower_bound":382695.7129251701,"upper_bound":383056.7808956916},"point_estimate":382802.0592105263,"standard_error":109.82648120282917},"MedianAbsDev":{"confidence_interval":{"confidence_level":0.95,"lower_bound":242.84795023406065,"upper_bound":967.9374053218042},"point_estimate":611.0485480907084,"standard_error":188.92318105482715},"Slope":{"confidence_interval":{"confidence_level":0.95,"lower_bound":382282.1158560704,"upper_bound":382658.38894075324},"point_estimate":382445.6254816046,"standard_error":96.43813079651892},"StdDev":{"confidence_interval":{"confidence_level":0.95,"lower_bound":454.7512290446434,"upper_bound":1890.75689455791},"point_estimate":1197.531274651958,"standard_error":456.33066897619807}}