{"Mean":{"confidence_interval":{"confidence_level":0.95,"lower_bound":4830234.140950437,"upper_bound":4838209.398962861},"point_estimate":4834135.888732642,"standard_error":2039.2285516561765},"Median":{"confidence_interval":{"confidence_level":0.95,"lower_bound":4829743.323593074,"upper_bound":4840971.927777778},"point_estimate":4831417.485527544,"standard_error":2781.863123407347},"MedianAbsDev":{"confidence_interval":{"confidence_level":0.95,"lower_bound":4954.855975922662,"upper_bound":17541.25803858088},"point_estimate":15590.50653154682,"standard_error":3424.6356335672235},"Slope":{"confidence_interval":{"confidence_level":0.95,"lower_bound":4832678.212405825,"upper_bound":4841002.7440812355},"point_estimate":4837477.483271638,"standard_error":2129.049336371612},"StdDev":{"confidence_interval":{"confidence_level":0.95,"lower_bound":8658.010360573831,"upper_bound":13690.279590252405},"point_estimate":11398.601659853974,"standard_error":1290.4001319863296}}