{"Mean":{"confidence_interval":{"confidence_level":0.95,"lower_bound":415.6475464130075,"upper_bound":416.79905096607143},"point_estimate":416.2308444108494,"standard_error":0.29394445492893584},"Median":{"confidence_interval":{"confidence_level":0.95,"lower_bound":415.17907327836485,"upper_bound":417.132634469477},"point_estimate":416.84446743211834,"standard_error":0.4567175957357308},"MedianAbsDev":{"confidence_interval":{"confidence_level":0.95,"lower_bound":0.41672885053357106,"upper_bound":2.953595569214474},"point_estimate":1.3117544264465315,"standard_error":0.7261999794076324},"Slope":{"confidence_interval":{"confidence_level":0.95,"lower_bound":416.62386610880634,"upper_bound":417.1881344832519},"point_estimate":416.925282222471,"standard_error":0.14382172927775924},"StdDev":{"confidence_interval":{"confidence_level":0.95,"lower_bound":1.323962284820971,"upper_bound":1.862953775345314},"point_estimate":1.6429080352771892,"standard_error":0.13647409942677605}}