{"Mean":{"confidence_interval":{"confidence_level":0.95,"lower_bound":422.6736701173159,"upper_bound":422.7851630903136},"point_estimate":422.72627001171736,"standard_error":0.028547160312413184},"Median":{"confidence_interval":{"confidence_level":0.95,"lower_bound":422.6351137360494,"upper_bound":422.71521826564646},"point_estimate":422.66313265506324,"standard_error":0.024704026845407154},"MedianAbsDev":{"confidence_interval":{"confidence_level":0.95,"lower_bound":0.041104591693074136,"upper_bound":0.1616151664611366},"point_estimate":0.08582601666345771,"standard_error":0.030101596337160804},"Slope":{"confidence_interval":{"confidence_level":0.95,"lower_bound":422.6665105792849,"upper_bound":422.80492259383067},"point_estimate":422.72735363145875,"standard_error":0.035525450295917534},"StdDev":{"confidence_interval":{"confidence_level":0.95,"lower_bound":0.10459734521131756,"upper_bound":0.19491679584433294},"point_estimate":0.15893279071144,"standard_error":0.0231587135223064}}