{"Mean":{"confidence_interval":{"confidence_level":0.95,"lower_bound":1826986.1179492564,"upper_bound":1830283.482414606},"point_estimate":1828690.8514240955,"standard_error":840.878281309129},"Median":{"confidence_interval":{"confidence_level":0.95,"lower_bound":1826110.3894675926,"upper_bound":1831612.8286363636},"point_estimate":1830425.824404762,"standard_error":1717.5331107150307},"MedianAbsDev":{"confidence_interval":{"confidence_level":0.95,"lower_bound":1440.9283763303172,"upper_bound":7033.621067628161},"point_estimate":4640.267593934678,"standard_error":1553.1106667888153},"Slope":{"confidence_interval":{"confidence_level":0.95,"lower_bound":1830374.85552676,"upper_bound":1831800.8722236361},"point_estimate":1831184.4467477526,"standard_error":361.70790947444874},"StdDev":{"confidence_interval":{"confidence_level":0.95,"lower_bound":3356.6179420297617,"upper_bound":5753.560974695866},"point_estimate":4683.4898649478555,"standard_error":616.0360811956822}}