{"Mean":{"confidence_interval":{"confidence_level":0.95,"lower_bound":17634652.1559162,"upper_bound":17698219.767766953},"point_estimate":17665657.29178877,"standard_error":16197.263775077672},"Median":{"confidence_interval":{"confidence_level":0.95,"lower_bound":17617789.278787877,"upper_bound":17687655.685714286},"point_estimate":17659815.266666666,"standard_error":18867.13349664326},"MedianAbsDev":{"confidence_interval":{"confidence_level":0.95,"lower_bound":49018.55693974649,"upper_bound":129334.00958441678},"point_estimate":87178.26764304287,"standard_error":19966.482155776182},"Slope":{"confidence_interval":{"confidence_level":0.95,"lower_bound":17624561.22710145,"upper_bound":17669468.141887665},"point_estimate":17646153.49973559,"standard_error":11442.697886685217},"StdDev":{"confidence_interval":{"confidence_level":0.95,"lower_bound":65378.93266349937,"upper_bound":108773.42035068395},"point_estimate":90397.67371422642,"standard_error":11081.509787361318}}