{"Mean":{"confidence_interval":{"confidence_level":0.95,"lower_bound":6044061.752422731,"upper_bound":6052238.61894456},"point_estimate":6047981.761669025,"standard_error":2086.9397936286796},"Median":{"confidence_interval":{"confidence_level":0.95,"lower_bound":6045236.720238095,"upper_bound":6049876.328125},"point_estimate":6046528.979166667,"standard_error":1185.3966093980473},"MedianAbsDev":{"confidence_interval":{"confidence_level":0.95,"lower_bound":2800.741323354174,"upper_bound":11777.805078401701},"point_estimate":6569.6652333652255,"standard_error":2332.6674088606405},"Slope":{"confidence_interval":{"confidence_level":0.95,"lower_bound":6043653.564718497,"upper_bound":6050218.12554137},"point_estimate":6047025.345690111,"standard_error":1661.603051598611},"StdDev":{"confidence_interval":{"confidence_level":0.95,"lower_bound":6850.585292399552,"upper_bound":15535.733820549862},"point_estimate":11666.557823477531,"standard_error":2252.194212954538}}