{"Mean":{"confidence_interval":{"confidence_level":0.95,"lower_bound":1027257.2171584846,"upper_bound":1029437.47245626},"point_estimate":1028397.3649273999,"standard_error":557.2555799357123},"Median":{"confidence_interval":{"confidence_level":0.95,"lower_bound":1027807.4372294373,"upper_bound":1029788.9071969697},"point_estimate":1028767.1525032938,"standard_error":536.3414757357625},"MedianAbsDev":{"confidence_interval":{"confidence_level":0.95,"lower_bound":1360.1192564343748,"upper_bound":3727.6594069652037},"point_estimate":2196.13580501077,"standard_error":624.3795152360923},"Slope":{"confidence_interval":{"confidence_level":0.95,"lower_bound":1027466.071425694,"upper_bound":1029394.5279743352},"point_estimate":1028484.6824287294,"standard_error":493.8400800830585},"StdDev":{"confidence_interval":{"confidence_level":0.95,"lower_bound":2025.6312931678056,"upper_bound":4043.789551475623},"point_estimate":3103.351581055599,"standard_error":528.5921044180765}}