{"Mean":{"confidence_interval":{"confidence_level":0.95,"lower_bound":12736271.466258315,"upper_bound":12747585.431373643},"point_estimate":12741510.852793181,"standard_error":2897.359305259514},"Median":{"confidence_interval":{"confidence_level":0.95,"lower_bound":12733754.3,"upper_bound":12741312.603448275},"point_estimate":12738396.237637363,"standard_error":2001.5679138529338},"MedianAbsDev":{"confidence_interval":{"confidence_level":0.95,"lower_bound":5012.411056012157,"upper_bound":17774.58495499435},"point_estimate":9390.606818437844,"standard_error":3643.4502080338584},"Slope":{"confidence_interval":{"confidence_level":0.95,"lower_bound":12731865.445447035,"upper_bound":12738137.093963046},"point_estimate":12734906.603913274,"standard_error":1600.4525942323228},"StdDev":{"confidence_interval":{"confidence_level":0.95,"lower_bound":9270.308511718249,"upper_bound":22374.77731694045},"point_estimate":16175.709622878667,"standard_error":3551.7895143823584}}