{"Mean":{"confidence_interval":{"confidence_level":0.95,"lower_bound":734.1173738336275,"upper_bound":735.5586729730031},"point_estimate":734.7797134062256,"standard_error":0.3679220141478026},"Median":{"confidence_interval":{"confidence_level":0.95,"lower_bound":733.9054020865669,"upper_bound":734.8352347224132},"point_estimate":734.1217923872305,"standard_error":0.2912612564259324},"MedianAbsDev":{"confidence_interval":{"confidence_level":0.95,"lower_bound":0.6453813069408575,"upper_bound":2.3109864814584182},"point_estimate":1.0789686961162994,"standard_error":0.44451587206616977},"Slope":{"confidence_interval":{"confidence_level":0.95,"lower_bound":734.1133153793887,"upper_bound":735.7074501122628},"point_estimate":734.8439422388994,"standard_error":0.4073490741718901},"StdDev":{"confidence_interval":{"confidence_level":0.95,"lower_bound":1.1760494850509668,"upper_bound":2.8770737019325017},"point_estimate":2.051506272413653,"standard_error":0.4732765601184943}}