{"Mean":{"confidence_interval":{"confidence_level":0.95,"lower_bound":10502655.355623215,"upper_bound":10552670.2437734},"point_estimate":10528258.25993875,"standard_error":12717.737531844145},"Median":{"confidence_interval":{"confidence_level":0.95,"lower_bound":10504726.613636363,"upper_bound":10561361.2875},"point_estimate":10525626.345486112,"standard_error":15116.529212630421},"MedianAbsDev":{"confidence_interval":{"confidence_level":0.95,"lower_bound":38349.616966984635,"upper_bound":96798.30585023503},"point_estimate":76344.58348940314,"standard_error":15738.958003205527},"Slope":{"confidence_interval":{"confidence_level":0.95,"lower_bound":10509186.411477853,"upper_bound":10559579.170904074},"point_estimate":10533987.673135906,"standard_error":12899.809008646856},"StdDev":{"confidence_interval":{"confidence_level":0.95,"lower_bound":49518.47696960377,"upper_bound":90542.54049027883},"point_estimate":70993.20444627693,"standard_error":10745.829305760626}}