{"Mean":{"confidence_interval":{"confidence_level":0.95,"lower_bound":11287389.880377794,"upper_bound":11353241.28080071},"point_estimate":11316850.629017819,"standard_error":16850.49382111001},"Median":{"confidence_interval":{"confidence_level":0.95,"lower_bound":11276331.78138528,"upper_bound":11339386.198412698},"point_estimate":11303642.057312254,"standard_error":16733.586797846518},"MedianAbsDev":{"confidence_interval":{"confidence_level":0.95,"lower_bound":38964.15189346599,"upper_bound":93484.47702516668},"point_estimate":66578.91904898196,"standard_error":13611.645494098791},"Slope":{"confidence_interval":{"confidence_level":0.95,"lower_bound":11271083.759007523,"upper_bound":11309966.451357128},"point_estimate":11289611.273400318,"standard_error":9967.316444195565},"StdDev":{"confidence_interval":{"confidence_level":0.95,"lower_bound":48577.27812771877,"upper_bound":137554.1718755963},"point_estimate":93780.12449731062,"standard_error":25855.31903160457}}