{"Mean":{"confidence_interval":{"confidence_level":0.95,"lower_bound":812.8078307275428,"upper_bound":814.2347931504871},"point_estimate":813.4546135665224,"standard_error":0.36558110153270196},"Median":{"confidence_interval":{"confidence_level":0.95,"lower_bound":812.3487384264259,"upper_bound":813.7992598424103},"point_estimate":813.1845239895172,"standard_error":0.38555392834074403},"MedianAbsDev":{"confidence_interval":{"confidence_level":0.95,"lower_bound":0.865283521980551,"upper_bound":2.2985513515558824},"point_estimate":1.368699389570296,"standard_error":0.3520344096826772},"Slope":{"confidence_interval":{"confidence_level":0.95,"lower_bound":813.1777877904714,"upper_bound":814.5032160272636},"point_estimate":813.8555639632419,"standard_error":0.3387304203103952},"StdDev":{"confidence_interval":{"confidence_level":0.95,"lower_bound":1.1143212246018794,"upper_bound":2.901630680223696},"point_estimate":2.0407221103540167,"standard_error":0.505398418927949}}