{"Mean":{"confidence_interval":{"confidence_level":0.95,"lower_bound":56601.4745458913,"upper_bound":56616.34772999266},"point_estimate":56608.73267866408,"standard_error":3.7826929538210905},"Median":{"confidence_interval":{"confidence_level":0.95,"lower_bound":56600.38671399595,"upper_bound":56616.521720588236},"point_estimate":56606.549133986926,"standard_error":4.2928139815641915},"MedianAbsDev":{"confidence_interval":{"confidence_level":0.95,"lower_bound":11.177800866258323,"upper_bound":27.228152702875924},"point_estimate":20.991587005841808,"standard_error":4.014218388638128},"Slope":{"confidence_interval":{"confidence_level":0.95,"lower_bound":56596.77157672469,"upper_bound":56617.53259053883},"point_estimate":56605.840988583695,"standard_error":5.337675670519524},"StdDev":{"confidence_interval":{"confidence_level":0.95,"lower_bound":14.545472666537217,"upper_bound":26.942018072141508},"point_estimate":21.102602484339084,"standard_error":3.2042073066021284}}