{"Mean":{"confidence_interval":{"confidence_level":0.95,"lower_bound":1188275.569422143,"upper_bound":1191961.636974024},"point_estimate":1190140.098029952,"standard_error":942.080572599017},"Median":{"confidence_interval":{"confidence_level":0.95,"lower_bound":1188183.0958333332,"upper_bound":1192690.3787439615},"point_estimate":1190821.3107407407,"standard_error":1177.0243413000953},"MedianAbsDev":{"confidence_interval":{"confidence_level":0.95,"lower_bound":2821.5926510493555,"upper_bound":7948.046631780797},"point_estimate":4574.954833222717,"standard_error":1210.0154472642744},"Slope":{"confidence_interval":{"confidence_level":0.95,"lower_bound":1188898.287479497,"upper_bound":1192424.0173606297},"point_estimate":1190780.6751277985,"standard_error":902.2417564806059},"StdDev":{"confidence_interval":{"confidence_level":0.95,"lower_bound":3880.1816949023096,"upper_bound":6265.9024534722075},"point_estimate":5225.811896873814,"standard_error":609.1894400955144}}