{"Mean":{"confidence_interval":{"confidence_level":0.95,"lower_bound":15784763.150803464,"upper_bound":15792906.126832291},"point_estimate":15789165.349055242,"standard_error":2083.1626308273944},"Median":{"confidence_interval":{"confidence_level":0.95,"lower_bound":15786835.862820514,"upper_bound":15792234.476190476},"point_estimate":15788663.081871346,"standard_error":1538.8663991946473},"MedianAbsDev":{"confidence_interval":{"confidence_level":0.95,"lower_bound":3892.1401964181464,"upper_bound":13176.421941071749},"point_estimate":6140.031108534955,"standard_error":2425.5645550461377},"Slope":{"confidence_interval":{"confidence_level":0.95,"lower_bound":15788892.70225837,"upper_bound":15794781.134641562},"point_estimate":15791712.34288736,"standard_error":1511.2352859384296},"StdDev":{"confidence_interval":{"confidence_level":0.95,"lower_bound":6317.633484351919,"upper_bound":16933.756409485926},"point_estimate":11622.723754842755,"standard_error":3038.6057031436962}}