{"Mean":{"confidence_interval":{"confidence_level":0.95,"lower_bound":5816748.457054873,"upper_bound":5819140.582142696},"point_estimate":5817954.054775815,"standard_error":610.8118255683867},"Median":{"confidence_interval":{"confidence_level":0.95,"lower_bound":5816890.103021978,"upper_bound":5818570.178571429},"point_estimate":5817505.224137931,"standard_error":433.166834259423},"MedianAbsDev":{"confidence_interval":{"confidence_level":0.95,"lower_bound":968.5172812138893,"upper_bound":3426.2158627021104},"point_estimate":1787.669922614096,"standard_error":630.1651136254354},"Slope":{"confidence_interval":{"confidence_level":0.95,"lower_bound":5817214.434142864,"upper_bound":5818584.4932406265},"point_estimate":5817878.795557906,"standard_error":348.4038693823998},"StdDev":{"confidence_interval":{"confidence_level":0.95,"lower_bound":2276.0652306721904,"upper_bound":4271.1868378114405},"point_estimate":3399.8994956336333,"standard_error":509.58098310049814}}