{"Mean":{"confidence_interval":{"confidence_level":0.95,"lower_bound":441.4975045958781,"upper_bound":442.54439007641736},"point_estimate":442.03900479877774,"standard_error":0.2667731737482865},"Median":{"confidence_interval":{"confidence_level":0.95,"lower_bound":441.599153552976,"upper_bound":442.81331936826757},"point_estimate":442.45607841525566,"standard_error":0.3540214944564677},"MedianAbsDev":{"confidence_interval":{"confidence_level":0.95,"lower_bound":0.7647880800849535,"upper_bound":2.096211854854012},"point_estimate":1.4093586216386902,"standard_error":0.34928822149714955},"Slope":{"confidence_interval":{"confidence_level":0.95,"lower_bound":441.478614531988,"upper_bound":442.6773239478291},"point_estimate":442.0534980756681,"standard_error":0.3072925923729819},"StdDev":{"confidence_interval":{"confidence_level":0.95,"lower_bound":1.0696262985512444,"upper_bound":1.8198116932421724},"point_estimate":1.485544052149276,"standard_error":0.19322850225555044}}