{"Mean":{"confidence_interval":{"confidence_level":0.95,"lower_bound":556.809618336696,"upper_bound":557.784679482271},"point_estimate":557.2843133777419,"standard_error":0.24794775230003668},"Median":{"confidence_interval":{"confidence_level":0.95,"lower_bound":556.8738533094812,"upper_bound":557.9378656023133},"point_estimate":557.450171591207,"standard_error":0.3388463048064976},"MedianAbsDev":{"confidence_interval":{"confidence_level":0.95,"lower_bound":0.499044031599812,"upper_bound":1.5792432426485417},"point_estimate":1.0080152943432854,"standard_error":0.27910158496928483},"Slope":{"confidence_interval":{"confidence_level":0.95,"lower_bound":556.7721555071571,"upper_bound":557.56797250648},"point_estimate":557.1531599621217,"standard_error":0.20405662259418011},"StdDev":{"confidence_interval":{"confidence_level":0.95,"lower_bound":0.860305929342546,"upper_bound":1.8509311807866355},"point_estimate":1.381206291878047,"standard_error":0.25961549126199046}}