{"Mean":{"confidence_interval":{"confidence_level":0.95,"lower_bound":1644210.7978496584,"upper_bound":1645627.7115595692},"point_estimate":1644927.32315358,"standard_error":361.3570851028326},"Median":{"confidence_interval":{"confidence_level":0.95,"lower_bound":1644638.9914965988,"upper_bound":1645858.3268707483},"point_estimate":1644879.7080745343,"standard_error":355.8916974226375},"MedianAbsDev":{"confidence_interval":{"confidence_level":0.95,"lower_bound":893.2755612839978,"upper_bound":2760.8733593547818},"point_estimate":1641.4900670532372,"standard_error":448.52647514497613},"Slope":{"confidence_interval":{"confidence_level":0.95,"lower_bound":1643628.8194025538,"upper_bound":1645485.955095007},"point_estimate":1644572.129304223,"standard_error":474.50661311041165},"StdDev":{"confidence_interval":{"confidence_level":0.95,"lower_bound":1464.2922006425304,"upper_bound":2437.4762677150643},"point_estimate":2015.2171238042774,"standard_error":248.32674444931516}}