{"Mean":{"confidence_interval":{"confidence_level":0.95,"lower_bound":483.8512640827293,"upper_bound":484.02121885673074},"point_estimate":483.9210223678259,"standard_error":0.04499943096377626},"Median":{"confidence_interval":{"confidence_level":0.95,"lower_bound":483.839705874189,"upper_bound":483.86464516174414},"point_estimate":483.84677008827884,"standard_error":0.0070373565024043115},"MedianAbsDev":{"confidence_interval":{"confidence_level":0.95,"lower_bound":0.007250006980633278,"upper_bound":0.03511383446907036},"point_estimate":0.01929973519895009,"standard_error":0.007222361637223494},"Slope":{"confidence_interval":{"confidence_level":0.95,"lower_bound":483.8438367040575,"upper_bound":483.885922362144},"point_estimate":483.8588967754816,"standard_error":0.010996871676759296},"StdDev":{"confidence_interval":{"confidence_level":0.95,"lower_bound":0.019677416883350608,"upper_bound":0.37794321448959617},"point_estimate":0.2510505180264846,"standard_error":0.09626765026682495}}