{"Mean":{"confidence_interval":{"confidence_level":0.95,"lower_bound":101136.56404156447,"upper_bound":101464.26129360961},"point_estimate":101288.0319667016,"standard_error":83.90608912672612},"Median":{"confidence_interval":{"confidence_level":0.95,"lower_bound":101044.81422305765,"upper_bound":101345.79385964913},"point_estimate":101149.07315564551,"standard_error":78.75085976920947},"MedianAbsDev":{"confidence_interval":{"confidence_level":0.95,"lower_bound":137.997671894725,"upper_bound":475.6432104279705},"point_estimate":293.0307055086527,"standard_error":84.63411867766052},"Slope":{"confidence_interval":{"confidence_level":0.95,"lower_bound":101025.25571787677,"upper_bound":101250.43342635754},"point_estimate":101129.73527976472,"standard_error":57.41345153751604},"StdDev":{"confidence_interval":{"confidence_level":0.95,"lower_bound":261.14885049650735,"upper_bound":630.5244969656619},"point_estimate":467.23429700197676,"standard_error":96.13462069543726}}