{"Mean":{"confidence_interval":{"confidence_level":0.95,"lower_bound":3350263.903944041,"upper_bound":3353703.211342562},"point_estimate":3352072.3129469575,"standard_error":874.2722321898378},"Median":{"confidence_interval":{"confidence_level":0.95,"lower_bound":3350857.9508620687,"upper_bound":3353239.095238095},"point_estimate":3351613.758564815,"standard_error":749.3322106111319},"MedianAbsDev":{"confidence_interval":{"confidence_level":0.95,"lower_bound":1624.3344229678885,"upper_bound":5117.378075148303},"point_estimate":3616.2705908111425,"standard_error":862.5928306224613},"Slope":{"confidence_interval":{"confidence_level":0.95,"lower_bound":3350342.7199986074,"upper_bound":3352127.6867228537},"point_estimate":3351188.893997885,"standard_error":456.3715918306708},"StdDev":{"confidence_interval":{"confidence_level":0.95,"lower_bound":2626.6237201985105,"upper_bound":6869.296237867896},"point_estimate":4866.371796038933,"standard_error":1129.7053612719612}}