{"Mean":{"confidence_interval":{"confidence_level":0.95,"lower_bound":4043408.834542846,"upper_bound":4056294.6485623964},"point_estimate":4049799.2002733103,"standard_error":3293.196936298704},"Median":{"confidence_interval":{"confidence_level":0.95,"lower_bound":4042641.8666666667,"upper_bound":4057466.165517241},"point_estimate":4049661.808608059,"standard_error":3383.0610995221814},"MedianAbsDev":{"confidence_interval":{"confidence_level":0.95,"lower_bound":10515.060266653474,"upper_bound":26497.773324570517},"point_estimate":21615.519367248064,"standard_error":4233.11695860514},"Slope":{"confidence_interval":{"confidence_level":0.95,"lower_bound":4042068.535004997,"upper_bound":4055440.780516768},"point_estimate":4048249.6514718845,"standard_error":3419.492277038341},"StdDev":{"confidence_interval":{"confidence_level":0.95,"lower_bound":13657.827038800411,"upper_bound":22248.181642538682},"point_estimate":18418.6144363973,"standard_error":2194.4577295927193}}