{"Mean":{"confidence_interval":{"confidence_level":0.95,"lower_bound":0.00953362361945193,"upper_bound":0.011374667611968108},"point_estimate":0.010550503418991664,"standard_error":0.00047235114123238037},"Median":{"confidence_interval":{"confidence_level":0.95,"lower_bound":0.010107586741104013,"upper_bound":0.010921727826005645},"point_estimate":0.010374469027538025,"standard_error":0.0002139242359951992}}