{"Mean":{"confidence_interval":{"confidence_level":0.95,"lower_bound":6309398.8728354825,"upper_bound":6314294.454816643},"point_estimate":6311842.413844942,"standard_error":1245.2327671036244},"Median":{"confidence_interval":{"confidence_level":0.95,"lower_bound":6309805.809116809,"upper_bound":6313548.428571429},"point_estimate":6311495.003591955,"standard_error":959.2382559534881},"MedianAbsDev":{"confidence_interval":{"confidence_level":0.95,"lower_bound":2586.186742268227,"upper_bound":7072.790608807801},"point_estimate":4151.902459493105,"standard_error":1209.0133257349873},"Slope":{"confidence_interval":{"confidence_level":0.95,"lower_bound":6310134.378030809,"upper_bound":6313289.1901339125},"point_estimate":6311646.712903226,"standard_error":801.6303857673113},"StdDev":{"confidence_interval":{"confidence_level":0.95,"lower_bound":4230.838176131614,"upper_bound":9099.476092599576},"point_estimate":6914.221129337732,"standard_error":1239.5500595155834}}