{"Mean":{"confidence_interval":{"confidence_level":0.95,"lower_bound":42910.8501574082,"upper_bound":43012.884408535756},"point_estimate":42953.34761708345,"standard_error":26.61266212626592},"Median":{"confidence_interval":{"confidence_level":0.95,"lower_bound":42902.37433241424,"upper_bound":42944.317991281016},"point_estimate":42924.08918568885,"standard_error":11.757526415573123},"MedianAbsDev":{"confidence_interval":{"confidence_level":0.95,"lower_bound":30.841831470418473,"upper_bound":90.00396971946908},"point_estimate":69.76783769288892,"standard_error":15.201562118137723},"Slope":{"confidence_interval":{"confidence_level":0.95,"lower_bound":42901.1134114695,"upper_bound":42931.607592143984},"point_estimate":42915.693919554695,"standard_error":7.740286014957743},"StdDev":{"confidence_interval":{"confidence_level":0.95,"lower_bound":48.29568414644842,"upper_bound":232.03437563884015},"point_estimate":148.95875599796392,"standard_error":55.34411682667149}}