{"Mean":{"confidence_interval":{"confidence_level":0.95,"lower_bound":5184249.221343069,"upper_bound":5189670.682155896},"point_estimate":5186360.753748193,"standard_error":1476.6345482986417},"Median":{"confidence_interval":{"confidence_level":0.95,"lower_bound":5184326.948717948,"upper_bound":5186317.335714286},"point_estimate":5185056.547222222,"standard_error":580.0930584402146},"MedianAbsDev":{"confidence_interval":{"confidence_level":0.95,"lower_bound":1531.7110978066921,"upper_bound":4059.488161262891},"point_estimate":3079.6516318066983,"standard_error":691.359698107895},"Slope":{"confidence_interval":{"confidence_level":0.95,"lower_bound":5183997.664763233,"upper_bound":5186024.083985365},"point_estimate":5184992.0360303195,"standard_error":520.1856016864473},"StdDev":{"confidence_interval":{"confidence_level":0.95,"lower_bound":2023.2848451348593,"upper_bound":13548.837704317757},"point_estimate":8256.656387402909,"standard_error":3876.0574053311366}}