{"Mean":{"confidence_interval":{"confidence_level":0.95,"lower_bound":1026763.9844409605,"upper_bound":1035699.6265548954},"point_estimate":1031492.2069312274,"standard_error":2283.2851848066666},"Median":{"confidence_interval":{"confidence_level":0.95,"lower_bound":1027124.2026190476,"upper_bound":1037542.6833333333},"point_estimate":1033128.4729166667,"standard_error":2821.6177216605947},"MedianAbsDev":{"confidence_interval":{"confidence_level":0.95,"lower_bound":6137.558137147579,"upper_bound":14927.46582274772},"point_estimate":10784.615848762121,"standard_error":2252.006422775031},"Slope":{"confidence_interval":{"confidence_level":0.95,"lower_bound":1028557.6633445445,"upper_bound":1036468.5962271392},"point_estimate":1032423.1956213644,"standard_error":2023.2911759775275},"StdDev":{"confidence_interval":{"confidence_level":0.95,"lower_bound":7849.606248390365,"upper_bound":17376.588720482352},"point_estimate":12684.056516924855,"standard_error":2587.7009657624435}}