{"Mean":{"confidence_interval":{"confidence_level":0.95,"lower_bound":20447740.376762386,"upper_bound":20505965.096733794},"point_estimate":20476410.38111146,"standard_error":14803.53205604711},"Median":{"confidence_interval":{"confidence_level":0.95,"lower_bound":20446536.423913043,"upper_bound":20511574.916666664},"point_estimate":20486815.396551725,"standard_error":18641.411039277915},"MedianAbsDev":{"confidence_interval":{"confidence_level":0.95,"lower_bound":36128.0558034234,"upper_bound":108248.39323531504},"point_estimate":72735.99976109102,"standard_error":19752.51618547752},"Slope":{"confidence_interval":{"confidence_level":0.95,"lower_bound":20465822.212207142,"upper_bound":20502820.42417072},"point_estimate":20485224.55991539,"standard_error":9408.905153451964},"StdDev":{"confidence_interval":{"confidence_level":0.95,"lower_bound":57443.72566209836,"upper_bound":105294.31901634517},"point_estimate":82329.09480210138,"standard_error":12481.220940404217}}