{"Mean":{"confidence_interval":{"confidence_level":0.95,"lower_bound":128576.25414731489,"upper_bound":129317.80742426626},"point_estimate":128855.59046054243,"standard_error":205.36588987815742},"Median":{"confidence_interval":{"confidence_level":0.95,"lower_bound":128543.9543727877,"upper_bound":128623.50644718793},"point_estimate":128584.9531893004,"standard_error":18.686236700887967},"MedianAbsDev":{"confidence_interval":{"confidence_level":0.95,"lower_bound":53.32478917675205,"upper_bound":144.8184940014021},"point_estimate":94.2212911255903,"standard_error":23.230381298263758},"Slope":{"confidence_interval":{"confidence_level":0.95,"lower_bound":128561.49826390845,"upper_bound":128688.99507693005},"point_estimate":128614.38604827285,"standard_error":32.924266550582686},"StdDev":{"confidence_interval":{"confidence_level":0.95,"lower_bound":116.45724915488735,"upper_bound":1871.9348962075603},"point_estimate":1145.1759899658919,"standard_error":562.7759616518043}}