{"Mean":{"confidence_interval":{"confidence_level":0.95,"lower_bound":1923483.6072995458,"upper_bound":1925501.0156563625},"point_estimate":1924439.3074994115,"standard_error":514.1836987905405},"Median":{"confidence_interval":{"confidence_level":0.95,"lower_bound":1923621.58511396,"upper_bound":1925153.768115942},"point_estimate":1924417.8171296297,"standard_error":429.1233495173773},"MedianAbsDev":{"confidence_interval":{"confidence_level":0.95,"lower_bound":1124.9400848778507,"upper_bound":3144.0391805406225},"point_estimate":2023.3738088708067,"standard_error":524.9056656717487},"Slope":{"confidence_interval":{"confidence_level":0.95,"lower_bound":1922975.2042608638,"upper_bound":1925028.1616861636},"point_estimate":1924037.4656090252,"standard_error":528.4904813809903},"StdDev":{"confidence_interval":{"confidence_level":0.95,"lower_bound":1736.0333971485925,"upper_bound":3888.0238378088643},"point_estimate":2864.239488930818,"standard_error":574.199893268829}}