{"Mean":{"confidence_interval":{"confidence_level":0.95,"lower_bound":715917.2247221264,"upper_bound":717063.5551146171},"point_estimate":716476.6520392583,"standard_error":291.7213125227317},"Median":{"confidence_interval":{"confidence_level":0.95,"lower_bound":715623.961754386,"upper_bound":716896.6504273504},"point_estimate":716505.6013333334,"standard_error":366.119351843439},"MedianAbsDev":{"confidence_interval":{"confidence_level":0.95,"lower_bound":871.6590151020388,"upper_bound":2279.1700520366544},"point_estimate":1632.19368677027,"standard_error":367.9418895884462},"Slope":{"confidence_interval":{"confidence_level":0.95,"lower_bound":716283.1240545108,"upper_bound":717287.7452460597},"point_estimate":716810.2900757976,"standard_error":256.34304128032437},"StdDev":{"confidence_interval":{"confidence_level":0.95,"lower_bound":1139.5478068337122,"upper_bound":2041.971781870705},"point_estimate":1625.0938372020516,"standard_error":233.71185522576593}}