{"Mean":{"confidence_interval":{"confidence_level":0.95,"lower_bound":2217118.5396781475,"upper_bound":2219104.938131798},"point_estimate":2218114.973488224,"standard_error":505.45625842804037},"Median":{"confidence_interval":{"confidence_level":0.95,"lower_bound":2216901.3136842106,"upper_bound":2219217.584},"point_estimate":2218459.831884058,"standard_error":697.2055276101559},"MedianAbsDev":{"confidence_interval":{"confidence_level":0.95,"lower_bound":1118.8879702106838,"upper_bound":3760.299604241693},"point_estimate":2310.6590420715725,"standard_error":619.3939477420203},"Slope":{"confidence_interval":{"confidence_level":0.95,"lower_bound":2217882.2384782373,"upper_bound":2219843.1545447633},"point_estimate":2218842.198159704,"standard_error":496.37648092819416},"StdDev":{"confidence_interval":{"confidence_level":0.95,"lower_bound":1980.9458284206266,"upper_bound":3490.65857249772},"point_estimate":2819.196431303477,"standard_error":385.08611808213476}}