{"Mean":{"confidence_interval":{"confidence_level":0.95,"lower_bound":615.2345859637817,"upper_bound":617.1715048233724},"point_estimate":616.2101374046839,"standard_error":0.4947429621578051},"Median":{"confidence_interval":{"confidence_level":0.95,"lower_bound":614.3843560867233,"upper_bound":618.1476938969968},"point_estimate":616.5200476476247,"standard_error":1.1056219438241277},"MedianAbsDev":{"confidence_interval":{"confidence_level":0.95,"lower_bound":1.5754223672654866,"upper_bound":4.338331478456253},"point_estimate":3.414313539705575,"standard_error":0.6819755500639674},"Slope":{"confidence_interval":{"confidence_level":0.95,"lower_bound":615.3024480748365,"upper_bound":617.9194669494466},"point_estimate":616.6558093041577,"standard_error":0.6707007360522389},"StdDev":{"confidence_interval":{"confidence_level":0.95,"lower_bound":2.261800140622059,"upper_bound":3.110683233359114},"point_estimate":2.758389898972053,"standard_error":0.21792977893144339}}