{"Mean":{"confidence_interval":{"confidence_level":0.95,"lower_bound":17187701.364097066,"upper_bound":17225743.40293763},"point_estimate":17206385.363317683,"standard_error":9711.102848192639},"Median":{"confidence_interval":{"confidence_level":0.95,"lower_bound":17170667.175925925,"upper_bound":17237565.89285714},"point_estimate":17191212.941666666,"standard_error":15612.20330677571},"MedianAbsDev":{"confidence_interval":{"confidence_level":0.95,"lower_bound":26133.32024604119,"upper_bound":84785.99449224806},"point_estimate":60709.45924419264,"standard_error":15840.905365487868},"Slope":{"confidence_interval":{"confidence_level":0.95,"lower_bound":17169848.594897643,"upper_bound":17188849.742028065},"point_estimate":17178855.35177155,"standard_error":4847.659896392428},"StdDev":{"confidence_interval":{"confidence_level":0.95,"lower_bound":43393.68177600924,"upper_bound":60765.25818303183},"point_estimate":54094.129733219735,"standard_error":4397.168580620269}}