{"Mean":{"confidence_interval":{"confidence_level":0.95,"lower_bound":126411.596248728,"upper_bound":126656.93097859723},"point_estimate":126536.0458086038,"standard_error":62.496862406955735},"Median":{"confidence_interval":{"confidence_level":0.95,"lower_bound":126408.74263541336,"upper_bound":126633.3283055199},"point_estimate":126504.47530487805,"standard_error":53.89306370600027},"MedianAbsDev":{"confidence_interval":{"confidence_level":0.95,"lower_bound":115.5233434534809,"upper_bound":528.9378038912295},"point_estimate":265.3328749493486,"standard_error":117.31921938379537},"Slope":{"confidence_interval":{"confidence_level":0.95,"lower_bound":126670.32330712037,"upper_bound":126892.2060210628},"point_estimate":126800.16469283255,"standard_error":56.6575936173298},"StdDev":{"confidence_interval":{"confidence_level":0.95,"lower_bound":254.1366335890056,"upper_bound":426.41962079542867},"point_estimate":348.4726185847382,"standard_error":44.340038343856776}}