{"Mean":{"confidence_interval":{"confidence_level":0.95,"lower_bound":490.9791873977426,"upper_bound":492.0865106967079},"point_estimate":491.5561108303583,"standard_error":0.2832626707402164},"Median":{"confidence_interval":{"confidence_level":0.95,"lower_bound":491.6111086869795,"upper_bound":492.4312105844349},"point_estimate":491.9989994108206,"standard_error":0.23295652661574157},"MedianAbsDev":{"confidence_interval":{"confidence_level":0.95,"lower_bound":0.5724697845888704,"upper_bound":1.8784844387689834},"point_estimate":1.0500710535536013,"standard_error":0.37253136429781447},"Slope":{"confidence_interval":{"confidence_level":0.95,"lower_bound":491.7294352195656,"upper_bound":492.50452071669184},"point_estimate":492.1613106622114,"standard_error":0.1976254043707868},"StdDev":{"confidence_interval":{"confidence_level":0.95,"lower_bound":1.0788444695693902,"upper_bound":1.9641986977369588},"point_estimate":1.5803831538961748,"standard_error":0.22624611599183767}}