{"Mean":{"confidence_interval":{"confidence_level":0.95,"lower_bound":0.007991684927264986,"upper_bound":0.010222479527983275},"point_estimate":0.009376863812357472,"standard_error":0.0006140096801437588},"Median":{"confidence_interval":{"confidence_level":0.95,"lower_bound":0.00924283691583061,"upper_bound":0.010316275615715353},"point_estimate":0.010028475555143634,"standard_error":0.0002941380156785839}}