{"Mean":{"confidence_interval":{"confidence_level":0.95,"lower_bound":5633373.4542913595,"upper_bound":5641315.305083562},"point_estimate":5637072.67803579,"standard_error":2033.6790836425976},"Median":{"confidence_interval":{"confidence_level":0.95,"lower_bound":5630478.226190476,"upper_bound":5636756.673958333},"point_estimate":5634468.552083334,"standard_error":1536.873564080045},"MedianAbsDev":{"confidence_interval":{"confidence_level":0.95,"lower_bound":3966.640632077223,"upper_bound":12924.577625542834},"point_estimate":7526.522833492904,"standard_error":2366.9622553355834},"Slope":{"confidence_interval":{"confidence_level":0.95,"lower_bound":5629877.563181189,"upper_bound":5635021.768040589},"point_estimate":5632181.4857218405,"standard_error":1309.674260984047},"StdDev":{"confidence_interval":{"confidence_level":0.95,"lower_bound":6792.826762082893,"upper_bound":15087.582010659278},"point_estimate":11328.73274645239,"standard_error":2169.780522083532}}