{"Mean":{"confidence_interval":{"confidence_level":0.95,"lower_bound":393.66026348677025,"upper_bound":394.48212366759645},"point_estimate":394.0991762024475,"standard_error":0.2103272845146886},"Median":{"confidence_interval":{"confidence_level":0.95,"lower_bound":394.2638275949313,"upper_bound":394.4775400698853},"point_estimate":394.3161876253082,"standard_error":0.05436724086927522},"MedianAbsDev":{"confidence_interval":{"confidence_level":0.95,"lower_bound":0.11452946257355255,"upper_bound":0.5357461423588621},"point_estimate":0.37104073986706354,"standard_error":0.12273799394039438},"Slope":{"confidence_interval":{"confidence_level":0.95,"lower_bound":392.82335358782956,"upper_bound":394.2785266378049},"point_estimate":393.56642493492495,"standard_error":0.3749968264220269},"StdDev":{"confidence_interval":{"confidence_level":0.95,"lower_bound":0.5951263540867922,"upper_bound":1.551383885100189},"point_estimate":1.1785188896700085,"standard_error":0.24155619791271735}}