{"Mean":{"confidence_interval":{"confidence_level":0.95,"lower_bound":36088415.849743284,"upper_bound":36231206.91701866},"point_estimate":36162146.64455123,"standard_error":36295.10084793834},"Median":{"confidence_interval":{"confidence_level":0.95,"lower_bound":36134055.50652174,"upper_bound":36252599.84920635},"point_estimate":36203693.41208791,"standard_error":35635.06423399799},"MedianAbsDev":{"confidence_interval":{"confidence_level":0.95,"lower_bound":84755.88329861574,"upper_bound":278916.1036367141},"point_estimate":154280.5675447733,"standard_error":48082.30180743727},"Slope":{"confidence_interval":{"confidence_level":0.95,"lower_bound":36135152.4079765,"upper_bound":36272766.195589505},"point_estimate":36203466.22908514,"standard_error":35195.597119826685},"StdDev":{"confidence_interval":{"confidence_level":0.95,"lower_bound":142712.03312452105,"upper_bound":244840.04863031863},"point_estimate":201947.68158411555,"standard_error":26000.350289953854}}