{"Mean":{"confidence_interval":{"confidence_level":0.95,"lower_bound":-0.000747984839575614,"upper_bound":0.004072299896222508},"point_estimate":0.001578649332736104,"standard_error":0.0012257618789089542},"Median":{"confidence_interval":{"confidence_level":0.95,"lower_bound":-0.0008685056284059023,"upper_bound":0.0029737581208633124},"point_estimate":0.0004476195932858751,"standard_error":0.0010199393772119853}}