{"Mean":{"confidence_interval":{"confidence_level":0.95,"lower_bound":0.0009922473670652466,"upper_bound":0.0026716735020609547},"point_estimate":0.001693189538695128,"standard_error":0.00042456667823326434},"Median":{"confidence_interval":{"confidence_level":0.95,"lower_bound":0.0007904093711579296,"upper_bound":0.0020700180574366733},"point_estimate":0.0015353403763560536,"standard_error":0.0003061245943165642}}