{"Mean":{"confidence_interval":{"confidence_level":0.95,"lower_bound":-0.0027055524862285266,"upper_bound":0.0013678653322744404},"point_estimate":-0.0011356450578189348,"standard_error":0.0010353715641641375},"Median":{"confidence_interval":{"confidence_level":0.95,"lower_bound":-0.0030989043824183327,"upper_bound":-0.002431033731721821},"point_estimate":-0.0028239020935656445,"standard_error":0.00016264011687919933}}