{"Mean":{"confidence_interval":{"confidence_level":0.95,"lower_bound":63151475.8593018,"upper_bound":63383865.47041572},"point_estimate":63254029.40404677,"standard_error":59831.27970712716},"Median":{"confidence_interval":{"confidence_level":0.95,"lower_bound":63102888.766666666,"upper_bound":63336225.64285714},"point_estimate":63205728.97932331,"standard_error":61565.905135938054},"MedianAbsDev":{"confidence_interval":{"confidence_level":0.95,"lower_bound":118371.51885387032,"upper_bound":295850.83347103366},"point_estimate":215428.1412195314,"standard_error":43686.081615297124},"Slope":{"confidence_interval":{"confidence_level":0.95,"lower_bound":63109303.896073245,"upper_bound":63269930.719968095},"point_estimate":63191366.11771549,"standard_error":41126.55077090146},"StdDev":{"confidence_interval":{"confidence_level":0.95,"lower_bound":156949.3568110099,"upper_bound":501442.6972282555},"point_estimate":333929.48116811283,"standard_error":101302.75685851312}}