{"Mean":{"confidence_interval":{"confidence_level":0.95,"lower_bound":615.4163678194191,"upper_bound":616.4387159677785},"point_estimate":615.9119680394705,"standard_error":0.26096379908077433},"Median":{"confidence_interval":{"confidence_level":0.95,"lower_bound":615.1657249243144,"upper_bound":616.3227350568109},"point_estimate":615.7045173800632,"standard_error":0.3602526355065659},"MedianAbsDev":{"confidence_interval":{"confidence_level":0.95,"lower_bound":0.846513759461378,"upper_bound":2.003454962995199},"point_estimate":1.5050688644029304,"standard_error":0.30308225994469046},"Slope":{"confidence_interval":{"confidence_level":0.95,"lower_bound":615.7118319490169,"upper_bound":616.6029105108225},"point_estimate":616.1390864268687,"standard_error":0.22736928634662143},"StdDev":{"confidence_interval":{"confidence_level":0.95,"lower_bound":1.0241496773501273,"upper_bound":1.8191453667698951},"point_estimate":1.4557833583876596,"standard_error":0.20609598227452583}}