{"Mean":{"confidence_interval":{"confidence_level":0.95,"lower_bound":375.3020397779107,"upper_bound":376.1774734831696},"point_estimate":375.786261660408,"standard_error":0.22504073510495798},"Median":{"confidence_interval":{"confidence_level":0.95,"lower_bound":376.04783461851986,"upper_bound":376.2230001533088},"point_estimate":376.0927860837138,"standard_error":0.047794356159976015},"MedianAbsDev":{"confidence_interval":{"confidence_level":0.95,"lower_bound":0.11753668809343085,"upper_bound":0.31601984065645794},"point_estimate":0.19951923812914424,"standard_error":0.05607198920684736},"Slope":{"confidence_interval":{"confidence_level":0.95,"lower_bound":374.1668734007305,"upper_bound":376.0845204730672},"point_estimate":375.07775249191224,"standard_error":0.48249642678328886},"StdDev":{"confidence_interval":{"confidence_level":0.95,"lower_bound":0.37405229404120127,"upper_bound":1.7023492324654208},"point_estimate":1.2531593487357395,"standard_error":0.3099885744414079}}