{"Mean":{"confidence_interval":{"confidence_level":0.95,"lower_bound":384.34552929243216,"upper_bound":384.46780191196495},"point_estimate":384.4042012256074,"standard_error":0.03125501638673298},"Median":{"confidence_interval":{"confidence_level":0.95,"lower_bound":384.35006357508416,"upper_bound":384.4745972281793},"point_estimate":384.4241888467923,"standard_error":0.032476728843331665},"MedianAbsDev":{"confidence_interval":{"confidence_level":0.95,"lower_bound":0.08018694260384239,"upper_bound":0.20747354796059908},"point_estimate":0.12671850389257058,"standard_error":0.03319894092813738},"Slope":{"confidence_interval":{"confidence_level":0.95,"lower_bound":384.33552633130955,"upper_bound":384.4595503673763},"point_estimate":384.3983634266691,"standard_error":0.03166464609101427},"StdDev":{"confidence_interval":{"confidence_level":0.95,"lower_bound":0.10945397725255954,"upper_bound":0.23727922967569784},"point_estimate":0.17497296847647195,"standard_error":0.03406394104135896}}