{"Mean":{"confidence_interval":{"confidence_level":0.95,"lower_bound":2367.56546000672,"upper_bound":2371.330641159224},"point_estimate":2369.082492070153,"standard_error":0.9903701362493373},"Median":{"confidence_interval":{"confidence_level":0.95,"lower_bound":2366.7033164575537,"upper_bound":2369.359666720029},"point_estimate":2367.4192902738905,"standard_error":0.7478423113228159},"MedianAbsDev":{"confidence_interval":{"confidence_level":0.95,"lower_bound":0.7533707917097249,"upper_bound":3.766099278284896},"point_estimate":1.996775001419648,"standard_error":0.8024573842744682},"Slope":{"confidence_interval":{"confidence_level":0.95,"lower_bound":2367.1591625624883,"upper_bound":2369.363207631932},"point_estimate":2368.1924081224906,"standard_error":0.563159181397594},"StdDev":{"confidence_interval":{"confidence_level":0.95,"lower_bound":1.8602031544259021,"upper_bound":8.774534607071033},"point_estimate":5.490316385287509,"standard_error":2.262104077834059}}