{"Mean":{"confidence_interval":{"confidence_level":0.95,"lower_bound":10123424.103808524,"upper_bound":10177232.720696196},"point_estimate":10150053.520440785,"standard_error":13700.108801565912},"Median":{"confidence_interval":{"confidence_level":0.95,"lower_bound":10113380.912179489,"upper_bound":10179513.712560385},"point_estimate":10143837.956043957,"standard_error":19716.964099890072},"MedianAbsDev":{"confidence_interval":{"confidence_level":0.95,"lower_bound":48535.149865772895,"upper_bound":110040.88488836153},"point_estimate":86952.22243697141,"standard_error":16593.37924252752},"Slope":{"confidence_interval":{"confidence_level":0.95,"lower_bound":10134989.78574583,"upper_bound":10180239.871646654},"point_estimate":10157533.63469064,"standard_error":11547.074228810756},"StdDev":{"confidence_interval":{"confidence_level":0.95,"lower_bound":57904.56917253033,"upper_bound":90826.4347186621},"point_estimate":76373.6370239279,"standard_error":8432.749678358085}}