{"Mean":{"confidence_interval":{"confidence_level":0.95,"lower_bound":1098.0215114460834,"upper_bound":1099.9135709017276},"point_estimate":1098.9814611459067,"standard_error":0.48414808567885464},"Median":{"confidence_interval":{"confidence_level":0.95,"lower_bound":1098.1228110729899,"upper_bound":1100.2134066334233},"point_estimate":1099.7118603304377,"standard_error":0.6586946320291682},"MedianAbsDev":{"confidence_interval":{"confidence_level":0.95,"lower_bound":1.3854052043258696,"upper_bound":4.196535700307473},"point_estimate":2.5342038504269824,"standard_error":0.7090920255717746},"Slope":{"confidence_interval":{"confidence_level":0.95,"lower_bound":1097.450476460069,"upper_bound":1099.9395335178842},"point_estimate":1098.704247800476,"standard_error":0.6371218979031978},"StdDev":{"confidence_interval":{"confidence_level":0.95,"lower_bound":2.071956212076935,"upper_bound":3.1326467380900884},"point_estimate":2.6892036391925567,"standard_error":0.26888256510040554}}