{"Mean":{"confidence_interval":{"confidence_level":0.95,"lower_bound":262611.80264761834,"upper_bound":262749.95789115236},"point_estimate":262672.5469924744,"standard_error":35.58798843672988},"Median":{"confidence_interval":{"confidence_level":0.95,"lower_bound":262582.80328185327,"upper_bound":262626.81630156474},"point_estimate":262601.8490990991,"standard_error":11.552444327003531},"MedianAbsDev":{"confidence_interval":{"confidence_level":0.95,"lower_bound":22.95132815104291,"upper_bound":89.36017943830656},"point_estimate":37.87902686808847,"standard_error":17.176548185377285},"Slope":{"confidence_interval":{"confidence_level":0.95,"lower_bound":262596.9816003096,"upper_bound":262669.8799397902},"point_estimate":262624.3870996327,"standard_error":18.997364860787798},"StdDev":{"confidence_interval":{"confidence_level":0.95,"lower_bound":74.14422455208002,"upper_bound":283.3120330265894},"point_estimate":198.3884353119336,"standard_error":54.435661044374605}}