{"Mean":{"confidence_interval":{"confidence_level":0.95,"lower_bound":892.8660482622636,"upper_bound":893.7365105290128},"point_estimate":893.2876986498983,"standard_error":0.22109971842311907},"Median":{"confidence_interval":{"confidence_level":0.95,"lower_bound":892.8148211911093,"upper_bound":893.7604305186171},"point_estimate":893.1758608987145,"standard_error":0.2550399560848586},"MedianAbsDev":{"confidence_interval":{"confidence_level":0.95,"lower_bound":0.5961092293603789,"upper_bound":1.4311923579631325},"point_estimate":1.1613551368030322,"standard_error":0.2257087474227873},"Slope":{"confidence_interval":{"confidence_level":0.95,"lower_bound":892.81106690493,"upper_bound":893.7433465084505},"point_estimate":893.2727824074985,"standard_error":0.23752310812954402},"StdDev":{"confidence_interval":{"confidence_level":0.95,"lower_bound":0.7928809339195182,"upper_bound":1.5953340454995375},"point_estimate":1.231995993685319,"standard_error":0.20661741019886168}}