{"Mean":{"confidence_interval":{"confidence_level":0.95,"lower_bound":7519013.448318892,"upper_bound":7528801.039490548},"point_estimate":7523730.198706081,"standard_error":2498.3441130481974},"Median":{"confidence_interval":{"confidence_level":0.95,"lower_bound":7517858.0,"upper_bound":7527055.520206766},"point_estimate":7524289.880681818,"standard_error":2712.384786317731},"MedianAbsDev":{"confidence_interval":{"confidence_level":0.95,"lower_bound":6797.952535562217,"upper_bound":16506.063494458795},"point_estimate":11006.424099041842,"standard_error":2486.8227095250854},"Slope":{"confidence_interval":{"confidence_level":0.95,"lower_bound":7521199.023515294,"upper_bound":7531347.3106576605},"point_estimate":7526221.953463776,"standard_error":2596.322496378381},"StdDev":{"confidence_interval":{"confidence_level":0.95,"lower_bound":9156.22434428696,"upper_bound":17949.20341863435},"point_estimate":13897.2747683854,"standard_error":2283.741045473596}}