{"Mean":{"confidence_interval":{"confidence_level":0.95,"lower_bound":716.7260979139543,"upper_bound":719.3878966429678},"point_estimate":718.0681244056544,"standard_error":0.6794596284549803},"Median":{"confidence_interval":{"confidence_level":0.95,"lower_bound":715.7145371435253,"upper_bound":720.0723803060564},"point_estimate":718.2803336773623,"standard_error":1.0829520547546656},"MedianAbsDev":{"confidence_interval":{"confidence_level":0.95,"lower_bound":2.6565857486450466,"upper_bound":6.019234767535907},"point_estimate":5.069632601789796,"standard_error":0.8891733985040225},"Slope":{"confidence_interval":{"confidence_level":0.95,"lower_bound":717.120666383009,"upper_bound":719.6471859731872},"point_estimate":718.4260444916015,"standard_error":0.6448976554249118},"StdDev":{"confidence_interval":{"confidence_level":0.95,"lower_bound":3.0070373674953235,"upper_bound":4.369145612750978},"point_estimate":3.777848285155551,"standard_error":0.34781918825489894}}