{"Mean":{"confidence_interval":{"confidence_level":0.95,"lower_bound":132722.81057994164,"upper_bound":132965.25266672118},"point_estimate":132845.22323268352,"standard_error":61.92373861496871},"Median":{"confidence_interval":{"confidence_level":0.95,"lower_bound":132710.75527426158,"upper_bound":132966.28570041116},"point_estimate":132808.87895227136,"standard_error":59.53884288261975},"MedianAbsDev":{"confidence_interval":{"confidence_level":0.95,"lower_bound":149.65894974806653,"upper_bound":494.37102764433774},"point_estimate":301.3479380351351,"standard_error":91.08789240365574},"Slope":{"confidence_interval":{"confidence_level":0.95,"lower_bound":132721.4553468216,"upper_bound":132913.22275943233},"point_estimate":132810.8153826587,"standard_error":48.81274777867635},"StdDev":{"confidence_interval":{"confidence_level":0.95,"lower_bound":251.68603056298141,"upper_bound":424.13621710171134},"point_estimate":345.1959951906831,"standard_error":44.36255466794732}}