{"Mean":{"confidence_interval":{"confidence_level":0.95,"lower_bound":6525291.305608075,"upper_bound":6532751.07885668},"point_estimate":6529107.161025655,"standard_error":1909.2315364692606},"Median":{"confidence_interval":{"confidence_level":0.95,"lower_bound":6526664.835164836,"upper_bound":6534853.348214285},"point_estimate":6530281.909090909,"standard_error":1892.4073881430813},"MedianAbsDev":{"confidence_interval":{"confidence_level":0.95,"lower_bound":5244.952743550111,"upper_bound":14250.664462000454},"point_estimate":8744.423315967184,"standard_error":2206.9994883593386},"Slope":{"confidence_interval":{"confidence_level":0.95,"lower_bound":6527473.710764735,"upper_bound":6534343.354569177},"point_estimate":6531043.053463776,"standard_error":1748.872277709727},"StdDev":{"confidence_interval":{"confidence_level":0.95,"lower_bound":7533.361046152417,"upper_bound":12919.958775853393},"point_estimate":10628.768120991586,"standard_error":1378.561022627824}}