{"Mean":{"confidence_interval":{"confidence_level":0.95,"lower_bound":669.2931528571405,"upper_bound":669.7524113113907},"point_estimate":669.5036533893547,"standard_error":0.11794893920958974},"Median":{"confidence_interval":{"confidence_level":0.95,"lower_bound":669.106105583996,"upper_bound":669.488379796363},"point_estimate":669.2753257599336,"standard_error":0.10401148902036603},"MedianAbsDev":{"confidence_interval":{"confidence_level":0.95,"lower_bound":0.10446599110658229,"upper_bound":0.567624406767903},"point_estimate":0.3171748340827333,"standard_error":0.11722455595080052},"Slope":{"confidence_interval":{"confidence_level":0.95,"lower_bound":669.3206613023974,"upper_bound":669.8551347970403},"point_estimate":669.5517620823522,"standard_error":0.13721508686679001},"StdDev":{"confidence_interval":{"confidence_level":0.95,"lower_bound":0.3371084421435789,"upper_bound":0.8610279945110318},"point_estimate":0.6542118703976969,"standard_error":0.13194999758045575}}