{"Mean":{"confidence_interval":{"confidence_level":0.95,"lower_bound":13828482.37530015,"upper_bound":14016605.57081203},"point_estimate":13899599.00027729,"standard_error":52635.33012614351},"Median":{"confidence_interval":{"confidence_level":0.95,"lower_bound":13841639.457142856,"upper_bound":13884361.466183575},"point_estimate":13863573.145833332,"standard_error":12181.616950125574},"MedianAbsDev":{"confidence_interval":{"confidence_level":0.95,"lower_bound":29000.714173662847,"upper_bound":88728.77144224914},"point_estimate":44273.4471864864,"standard_error":14512.773369454844},"Slope":{"confidence_interval":{"confidence_level":0.95,"lower_bound":13854629.942229373,"upper_bound":13884764.231194519},"point_estimate":13869918.969962982,"standard_error":7692.104173958513},"StdDev":{"confidence_interval":{"confidence_level":0.95,"lower_bound":50783.39703024705,"upper_bound":487575.34274505853},"point_estimate":293899.381266168,"standard_error":148557.92051391368}}