{"Mean":{"confidence_interval":{"confidence_level":0.95,"lower_bound":395.7969103234749,"upper_bound":396.2412784024913},"point_estimate":396.0056996780003,"standard_error":0.11368122207878814},"Median":{"confidence_interval":{"confidence_level":0.95,"lower_bound":395.5544980104071,"upper_bound":396.00515475611735},"point_estimate":395.75057119814744,"standard_error":0.1284053151946853},"MedianAbsDev":{"confidence_interval":{"confidence_level":0.95,"lower_bound":0.031640485067383844,"upper_bound":0.6712999336338665},"point_estimate":0.310801582286255,"standard_error":0.1766432798324728},"Slope":{"confidence_interval":{"confidence_level":0.95,"lower_bound":395.84435499412604,"upper_bound":396.44421696709},"point_estimate":396.1227259839392,"standard_error":0.15388743437390418},"StdDev":{"confidence_interval":{"confidence_level":0.95,"lower_bound":0.41969613773188913,"upper_bound":0.7631271042705011},"point_estimate":0.6322867780624284,"standard_error":0.08762188136335296}}