{"Mean":{"confidence_interval":{"confidence_level":0.95,"lower_bound":376411.05223291507,"upper_bound":377077.8758793118},"point_estimate":376735.01061907876,"standard_error":170.63031942329505},"Median":{"confidence_interval":{"confidence_level":0.95,"lower_bound":376265.5788497217,"upper_bound":376854.5294805195},"point_estimate":376558.07174185466,"standard_error":168.43271429515647},"MedianAbsDev":{"confidence_interval":{"confidence_level":0.95,"lower_bound":399.081298013566,"upper_bound":1317.40737643482},"point_estimate":734.354815786115,"standard_error":238.33125436539243},"Slope":{"confidence_interval":{"confidence_level":0.95,"lower_bound":376060.61304723285,"upper_bound":376625.81981207564},"point_estimate":376318.2659137267,"standard_error":144.16236324719023},"StdDev":{"confidence_interval":{"confidence_level":0.95,"lower_bound":685.890886560071,"upper_bound":1134.7226252396956},"point_estimate":948.4689837617917,"standard_error":114.73152548181048}}