{"Mean":{"confidence_interval":{"confidence_level":0.95,"lower_bound":405.63765154157386,"upper_bound":406.02051437089585},"point_estimate":405.7837308966178,"standard_error":0.10393025386684004},"Median":{"confidence_interval":{"confidence_level":0.95,"lower_bound":405.61789605055014,"upper_bound":405.6351727278717},"point_estimate":405.6265136057633,"standard_error":0.004618968909429517},"MedianAbsDev":{"confidence_interval":{"confidence_level":0.95,"lower_bound":0.007702406712121107,"upper_bound":0.030497889117631197},"point_estimate":0.0143947333943957,"standard_error":0.005705839391479298},"Slope":{"confidence_interval":{"confidence_level":0.95,"lower_bound":405.62528846987345,"upper_bound":405.9709344229931},"point_estimate":405.7658367710941,"standard_error":0.09389557534616545},"StdDev":{"confidence_interval":{"confidence_level":0.95,"lower_bound":0.057265603383310576,"upper_bound":0.9383126090791145},"point_estimate":0.5793709499557745,"standard_error":0.27370107929239196}}