{"Mean":{"confidence_interval":{"confidence_level":0.95,"lower_bound":449.51066282545617,"upper_bound":451.06075819451326},"point_estimate":450.068981562082,"standard_error":0.44663789369135115},"Median":{"confidence_interval":{"confidence_level":0.95,"lower_bound":449.47609615384613,"upper_bound":449.57958134257046},"point_estimate":449.506994960052,"standard_error":0.028821916089004376},"MedianAbsDev":{"confidence_interval":{"confidence_level":0.95,"lower_bound":0.04548261771258157,"upper_bound":0.14840014466185633},"point_estimate":0.10761656881130176,"standard_error":0.024193935684335515},"Slope":{"confidence_interval":{"confidence_level":0.95,"lower_bound":449.4832330947244,"upper_bound":449.55636168245815},"point_estimate":449.51730723688513,"standard_error":0.018710479862389984},"StdDev":{"confidence_interval":{"confidence_level":0.95,"lower_bound":0.0961447964310443,"upper_bound":4.116141360819002},"point_estimate":2.494050451888141,"standard_error":1.3283478676336553}}