{"Mean":{"confidence_interval":{"confidence_level":0.95,"lower_bound":36081895.154913634,"upper_bound":36296474.44855582},"point_estimate":36172636.913408436,"standard_error":55596.06583679453},"Median":{"confidence_interval":{"confidence_level":0.95,"lower_bound":36042434.472941175,"upper_bound":36189225.85489511},"point_estimate":36122065.67857143,"standard_error":35539.614006206655},"MedianAbsDev":{"confidence_interval":{"confidence_level":0.95,"lower_bound":94071.7096298933,"upper_bound":236600.5508894994},"point_estimate":157898.4856967407,"standard_error":34635.91490670787},"Slope":{"confidence_interval":{"confidence_level":0.95,"lower_bound":36033546.1111995,"upper_bound":36135738.1563506},"point_estimate":36082712.86620835,"standard_error":26029.606629071845},"StdDev":{"confidence_interval":{"confidence_level":0.95,"lower_bound":123519.39670510674,"upper_bound":477966.1750849171},"point_estimate":308584.6676247473,"standard_error":109706.39559850555}}