{"Mean":{"confidence_interval":{"confidence_level":0.95,"lower_bound":466859.88921923365,"upper_bound":467773.2868586236},"point_estimate":467265.1744827716,"standard_error":234.50988926736215},"Median":{"confidence_interval":{"confidence_level":0.95,"lower_bound":466675.04268774705,"upper_bound":467466.7182608696},"point_estimate":467128.37898550724,"standard_error":190.91058861640306},"MedianAbsDev":{"confidence_interval":{"confidence_level":0.95,"lower_bound":535.7147188057386,"upper_bound":1361.6180884436624},"point_estimate":1144.9084194020777,"standard_error":212.90593288458743},"Slope":{"confidence_interval":{"confidence_level":0.95,"lower_bound":467079.2044709501,"upper_bound":467653.1628128444},"point_estimate":467406.6438829237,"standard_error":147.0364737289511},"StdDev":{"confidence_interval":{"confidence_level":0.95,"lower_bound":661.3890433184953,"upper_bound":1947.5519980957981},"point_estimate":1303.2318106974096,"standard_error":388.0046912224252}}