{"Mean":{"confidence_interval":{"confidence_level":0.95,"lower_bound":179831.59377268792,"upper_bound":180084.54783386044},"point_estimate":179950.22924557427,"standard_error":64.54448912380015},"Median":{"confidence_interval":{"confidence_level":0.95,"lower_bound":179890.7072843968,"upper_bound":179979.8205542104},"point_estimate":179922.36992456694,"standard_error":24.070946200826896},"MedianAbsDev":{"confidence_interval":{"confidence_level":0.95,"lower_bound":68.43079090873813,"upper_bound":395.7967573470143},"point_estimate":228.1044078147609,"standard_error":87.41126887494514},"Slope":{"confidence_interval":{"confidence_level":0.95,"lower_bound":179822.9342145577,"upper_bound":180016.39405626932},"point_estimate":179916.9400962633,"standard_error":49.366734107261834},"StdDev":{"confidence_interval":{"confidence_level":0.95,"lower_bound":192.06595047511126,"upper_bound":510.7140308371367},"point_estimate":359.73623830537923,"standard_error":85.60483196420299}}