{"Mean":{"confidence_interval":{"confidence_level":0.95,"lower_bound":524.4426878190186,"upper_bound":524.596479944808},"point_estimate":524.5126566971412,"standard_error":0.03948493827661219},"Median":{"confidence_interval":{"confidence_level":0.95,"lower_bound":524.4085635849328,"upper_bound":524.4926043140315},"point_estimate":524.4524734747743,"standard_error":0.020776949130263338},"MedianAbsDev":{"confidence_interval":{"confidence_level":0.95,"lower_bound":0.05421296836941956,"upper_bound":0.1486237937664146},"point_estimate":0.09700139486714386,"standard_error":0.025628759952356125},"Slope":{"confidence_interval":{"confidence_level":0.95,"lower_bound":524.4502501394833,"upper_bound":524.6123381819639},"point_estimate":524.5297950869332,"standard_error":0.04170349707744636},"StdDev":{"confidence_interval":{"confidence_level":0.95,"lower_bound":0.10481286790860678,"upper_bound":0.29901455898265833},"point_estimate":0.2197335403097467,"standard_error":0.04958172252460961}}