{"Mean":{"confidence_interval":{"confidence_level":0.95,"lower_bound":416.62018068383213,"upper_bound":417.2576073422937},"point_estimate":416.90729480324956,"standard_error":0.1632048601773244},"Median":{"confidence_interval":{"confidence_level":0.95,"lower_bound":416.43189873031884,"upper_bound":416.65578362941324},"point_estimate":416.464456084213,"standard_error":0.06900753920279692},"MedianAbsDev":{"confidence_interval":{"confidence_level":0.95,"lower_bound":0.07418389621932155,"upper_bound":0.41276713659364744},"point_estimate":0.15245635980731434,"standard_error":0.09486084098049569},"Slope":{"confidence_interval":{"confidence_level":0.95,"lower_bound":416.504519688443,"upper_bound":416.852221044994},"point_estimate":416.6414795721683,"standard_error":0.08935582731979232},"StdDev":{"confidence_interval":{"confidence_level":0.95,"lower_bound":0.4559695903808722,"upper_bound":1.251663337005363},"point_estimate":0.9105683447067212,"standard_error":0.20892095660915788}}