{"Mean":{"confidence_interval":{"confidence_level":0.95,"lower_bound":452.13514098123346,"upper_bound":452.6227779882411},"point_estimate":452.33102554277394,"standard_error":0.12860117519032993},"Median":{"confidence_interval":{"confidence_level":0.95,"lower_bound":452.1333991619199,"upper_bound":452.1470763839362},"point_estimate":452.1385501639895,"standard_error":0.0034793155455560883},"MedianAbsDev":{"confidence_interval":{"confidence_level":0.95,"lower_bound":0.0071454964672191265,"upper_bound":0.05605949802791053},"point_estimate":0.024500405918173738,"standard_error":0.011603265062192268},"Slope":{"confidence_interval":{"confidence_level":0.95,"lower_bound":452.1357123430431,"upper_bound":452.6006051518371},"point_estimate":452.30861255558546,"standard_error":0.12980072933618905},"StdDev":{"confidence_interval":{"confidence_level":0.95,"lower_bound":0.03598736837134875,"upper_bound":1.1288644551683362},"point_estimate":0.7135676404663382,"standard_error":0.30226289787551996}}