{"Mean":{"confidence_interval":{"confidence_level":0.95,"lower_bound":5981090.76443478,"upper_bound":5984464.223781956},"point_estimate":5982789.919686853,"standard_error":861.1038210808249},"Median":{"confidence_interval":{"confidence_level":0.95,"lower_bound":5981021.346153846,"upper_bound":5984761.8375},"point_estimate":5982079.5,"standard_error":843.2539351653181},"MedianAbsDev":{"confidence_interval":{"confidence_level":0.95,"lower_bound":1616.420597596187,"upper_bound":5952.132814520614},"point_estimate":4214.451040178629,"standard_error":1117.0475698048451},"Slope":{"confidence_interval":{"confidence_level":0.95,"lower_bound":5981672.833938854,"upper_bound":5984212.070368032},"point_estimate":5982828.471655209,"standard_error":648.451504707919},"StdDev":{"confidence_interval":{"confidence_level":0.95,"lower_bound":3314.8411363998775,"upper_bound":6036.843807850465},"point_estimate":4796.142708601645,"standard_error":700.300192054727}}