{"Mean":{"confidence_interval":{"confidence_level":0.95,"lower_bound":504.08661965660883,"upper_bound":504.8471324235065},"point_estimate":504.45499394824304,"standard_error":0.19446910110916718},"Median":{"confidence_interval":{"confidence_level":0.95,"lower_bound":503.5779083816257,"upper_bound":504.84465976768615},"point_estimate":504.1033853102196,"standard_error":0.35360420778842183},"MedianAbsDev":{"confidence_interval":{"confidence_level":0.95,"lower_bound":0.1253526258293231,"upper_bound":1.6696584337363098},"point_estimate":0.8594122547832077,"standard_error":0.4036378842366433},"Slope":{"confidence_interval":{"confidence_level":0.95,"lower_bound":503.79835396477876,"upper_bound":504.4893054963056},"point_estimate":504.0988970172293,"standard_error":0.178747508489132},"StdDev":{"confidence_interval":{"confidence_level":0.95,"lower_bound":0.8149898159138096,"upper_bound":1.264844170294708},"point_estimate":1.0867025342950818,"standard_error":0.11487565012963105}}