{"Mean":{"confidence_interval":{"confidence_level":0.95,"lower_bound":27203.10519075655,"upper_bound":27328.485686592823},"point_estimate":27272.25226763942,"standard_error":32.27273397959286},"Median":{"confidence_interval":{"confidence_level":0.95,"lower_bound":27281.732267235253,"upper_bound":27363.081010660982},"point_estimate":27343.44832435047,"standard_error":21.349578221909077},"MedianAbsDev":{"confidence_interval":{"confidence_level":0.95,"lower_bound":25.213170048358364,"upper_bound":121.66262801915906},"point_estimate":64.91951757879117,"standard_error":24.846479366694027},"Slope":{"confidence_interval":{"confidence_level":0.95,"lower_bound":27346.208634085222,"upper_bound":27369.685176004445},"point_estimate":27359.273990702226,"standard_error":5.963613288980838},"StdDev":{"confidence_interval":{"confidence_level":0.95,"lower_bound":71.93367598660855,"upper_bound":253.3287483030182},"point_estimate":179.88616835954988,"standard_error":45.94502924210804}}