{"Mean":{"confidence_interval":{"confidence_level":0.95,"lower_bound":4728608.902330311,"upper_bound":4731242.517477619},"point_estimate":4729911.145400466,"standard_error":671.1430634934567},"Median":{"confidence_interval":{"confidence_level":0.95,"lower_bound":4728188.5800865805,"upper_bound":4731567.8535762485},"point_estimate":4729780.77063492,"standard_error":913.3784673800002},"MedianAbsDev":{"confidence_interval":{"confidence_level":0.95,"lower_bound":2011.231102929623,"upper_bound":5157.668788433489},"point_estimate":3393.815481414781,"standard_error":779.6771073650699},"Slope":{"confidence_interval":{"confidence_level":0.95,"lower_bound":4728653.534400176,"upper_bound":4731606.351308417},"point_estimate":4730054.3272695225,"standard_error":752.0792313092418},"StdDev":{"confidence_interval":{"confidence_level":0.95,"lower_bound":2725.360064943078,"upper_bound":4547.8091629178725},"point_estimate":3742.7818910994506,"standard_error":466.07328412715697}}