{"Mean":{"confidence_interval":{"confidence_level":0.95,"lower_bound":1168675.3412922565,"upper_bound":1171864.0853277536},"point_estimate":1170226.6637803721,"standard_error":812.0274660860921},"Median":{"confidence_interval":{"confidence_level":0.95,"lower_bound":1168013.959310345,"upper_bound":1171836.9399038462},"point_estimate":1169905.285042735,"standard_error":929.4312876835014},"MedianAbsDev":{"confidence_interval":{"confidence_level":0.95,"lower_bound":2532.7630260688798,"upper_bound":6045.472953767858},"point_estimate":4473.444086944201,"standard_error":887.0526566186458},"Slope":{"confidence_interval":{"confidence_level":0.95,"lower_bound":1168681.7568926078,"upper_bound":1171238.0027955722},"point_estimate":1169885.3347435219,"standard_error":654.6137847912013},"StdDev":{"confidence_interval":{"confidence_level":0.95,"lower_bound":3136.444676002184,"upper_bound":5699.468158573589},"point_estimate":4494.368886834233,"standard_error":666.2798737370853}}