{"Mean":{"confidence_interval":{"confidence_level":0.95,"lower_bound":-0.008308552571109833,"upper_bound":-0.005387971066880183},"point_estimate":-0.0068637350253188956,"standard_error":0.0007454015767781648},"Median":{"confidence_interval":{"confidence_level":0.95,"lower_bound":-0.008293009303668608,"upper_bound":-0.0054576135107938795},"point_estimate":-0.006928772130817551,"standard_error":0.0006769623864269019}}