{"Mean":{"confidence_interval":{"confidence_level":0.95,"lower_bound":17227622.51835388,"upper_bound":17238866.332196835},"point_estimate":17233456.596099805,"standard_error":2876.2583230886316},"Median":{"confidence_interval":{"confidence_level":0.95,"lower_bound":17228124.21491228,"upper_bound":17241384.686904762},"point_estimate":17231421.64814815,"standard_error":4553.214059457748},"MedianAbsDev":{"confidence_interval":{"confidence_level":0.95,"lower_bound":9294.935293830446,"upper_bound":19564.229364428687},"point_estimate":14771.200998312732,"standard_error":2508.934167608709},"Slope":{"confidence_interval":{"confidence_level":0.95,"lower_bound":17230637.221421532,"upper_bound":17240693.581664972},"point_estimate":17235722.58297197,"standard_error":2580.7843416012292},"StdDev":{"confidence_interval":{"confidence_level":0.95,"lower_bound":10753.716475236924,"upper_bound":20880.562223482837},"point_estimate":15984.171732408553,"standard_error":2684.131772753039}}