{"Mean":{"confidence_interval":{"confidence_level":0.95,"lower_bound":1905.0723952156845,"upper_bound":1905.5532925823652},"point_estimate":1905.3083983502195,"standard_error":0.12278676979647873},"Median":{"confidence_interval":{"confidence_level":0.95,"lower_bound":1904.9708444090024,"upper_bound":1905.5518779671133},"point_estimate":1905.1673292806017,"standard_error":0.1408024158445861},"MedianAbsDev":{"confidence_interval":{"confidence_level":0.95,"lower_bound":0.34901504021616503,"upper_bound":0.9478077981651636},"point_estimate":0.6071657608611706,"standard_error":0.14653094984879442},"Slope":{"confidence_interval":{"confidence_level":0.95,"lower_bound":1905.0416160225623,"upper_bound":1905.5757501928306},"point_estimate":1905.2936691171599,"standard_error":0.13741060313572295},"StdDev":{"confidence_interval":{"confidence_level":0.95,"lower_bound":0.5006933729201393,"upper_bound":0.831345583620854},"point_estimate":0.687722301152067,"standard_error":0.08448001755564562}}