{"Mean":{"confidence_interval":{"confidence_level":0.95,"lower_bound":393.54077422597845,"upper_bound":393.9014629815772},"point_estimate":393.7253741708462,"standard_error":0.09187006720209935},"Median":{"confidence_interval":{"confidence_level":0.95,"lower_bound":393.591140967249,"upper_bound":393.922099342539},"point_estimate":393.76720308297666,"standard_error":0.0896071523792998},"MedianAbsDev":{"confidence_interval":{"confidence_level":0.95,"lower_bound":0.2326958442259271,"upper_bound":0.7038911848252705},"point_estimate":0.4513272920519294,"standard_error":0.12211546641942522},"Slope":{"confidence_interval":{"confidence_level":0.95,"lower_bound":393.6622083731947,"upper_bound":393.95370368661713},"point_estimate":393.8083230634057,"standard_error":0.07438941109959514},"StdDev":{"confidence_interval":{"confidence_level":0.95,"lower_bound":0.3523598576919901,"upper_bound":0.6464673202034242},"point_estimate":0.512031589994714,"standard_error":0.07570416476975975}}