{"Mean":{"confidence_interval":{"confidence_level":0.95,"lower_bound":427.4794122067105,"upper_bound":428.84930259654345},"point_estimate":428.153283242361,"standard_error":0.350349225935469},"Median":{"confidence_interval":{"confidence_level":0.95,"lower_bound":426.6708002205279,"upper_bound":429.7769606910899},"point_estimate":427.3696710961765,"standard_error":0.8035340115191019},"MedianAbsDev":{"confidence_interval":{"confidence_level":0.95,"lower_bound":0.46506578466641174,"upper_bound":3.013405828142342},"point_estimate":1.5319255312793387,"standard_error":0.7431656449390991},"Slope":{"confidence_interval":{"confidence_level":0.95,"lower_bound":427.0511206076058,"upper_bound":428.60215369729684},"point_estimate":427.7554330820768,"standard_error":0.3983000524256212},"StdDev":{"confidence_interval":{"confidence_level":0.95,"lower_bound":1.6034684318507058,"upper_bound":2.1523016417580076},"point_estimate":1.9466382415216141,"standard_error":0.13922505712156866}}