{"Mean":{"confidence_interval":{"confidence_level":0.95,"lower_bound":1882372.8220126976,"upper_bound":1883404.5658972578},"point_estimate":1882850.8652989678,"standard_error":262.93925882564895},"Median":{"confidence_interval":{"confidence_level":0.95,"lower_bound":1882275.2819683908,"upper_bound":1883238.3328804348},"point_estimate":1882684.7651515151,"standard_error":250.96688471273856},"MedianAbsDev":{"confidence_interval":{"confidence_level":0.95,"lower_bound":546.7227800665308,"upper_bound":1310.9945289518234},"point_estimate":949.2140414814346,"standard_error":190.32109136341384},"Slope":{"confidence_interval":{"confidence_level":0.95,"lower_bound":1882381.1472562088,"upper_bound":1883047.075540435},"point_estimate":1882723.5283976733,"standard_error":171.3380503862659},"StdDev":{"confidence_interval":{"confidence_level":0.95,"lower_bound":720.9659018147114,"upper_bound":2098.607015555687},"point_estimate":1462.5265874578627,"standard_error":368.1717831139198}}