{"Mean":{"confidence_interval":{"confidence_level":0.95,"lower_bound":21972962.640399154,"upper_bound":21989589.869468972},"point_estimate":21980819.8054209,"standard_error":4252.368123698538},"Median":{"confidence_interval":{"confidence_level":0.95,"lower_bound":21966920.64755639,"upper_bound":21979905.930555556},"point_estimate":21971296.224264704,"standard_error":4200.305537998566},"MedianAbsDev":{"confidence_interval":{"confidence_level":0.95,"lower_bound":6874.793711136716,"upper_bound":27058.194883769578},"point_estimate":11787.150545588149,"standard_error":5500.944221835758},"Slope":{"confidence_interval":{"confidence_level":0.95,"lower_bound":21966400.91405746,"upper_bound":21977133.78889871},"point_estimate":21971002.625383396,"standard_error":2739.1638544745297},"StdDev":{"confidence_interval":{"confidence_level":0.95,"lower_bound":15394.962282487071,"upper_bound":29714.541749784716},"point_estimate":23674.128140698012,"standard_error":3662.0166669690793}}