{"Mean":{"confidence_interval":{"confidence_level":0.95,"lower_bound":910.6786118062732,"upper_bound":912.5763560215277},"point_estimate":911.5499552805961,"standard_error":0.4821758153853619},"Median":{"confidence_interval":{"confidence_level":0.95,"lower_bound":910.2471673832738,"upper_bound":912.4912250953794},"point_estimate":911.8076068013754,"standard_error":0.6359200023286319},"MedianAbsDev":{"confidence_interval":{"confidence_level":0.95,"lower_bound":1.189383025372821,"upper_bound":3.0365427665203866},"point_estimate":2.249183080035066,"standard_error":0.4750070297493619},"Slope":{"confidence_interval":{"confidence_level":0.95,"lower_bound":910.6721670656964,"upper_bound":912.3190265202568},"point_estimate":911.5218161304446,"standard_error":0.42077087571958766},"StdDev":{"confidence_interval":{"confidence_level":0.95,"lower_bound":1.5909188561427778,"upper_bound":3.842988249384209},"point_estimate":2.6838688704887708,"standard_error":0.6518216436761803}}