{"Mean":{"confidence_interval":{"confidence_level":0.95,"lower_bound":482.75749898348676,"upper_bound":483.0695675406833},"point_estimate":482.90775550374997,"standard_error":0.07995544755611236},"Median":{"confidence_interval":{"confidence_level":0.95,"lower_bound":482.5802996452308,"upper_bound":482.98318759783416},"point_estimate":482.78755223687364,"standard_error":0.12741921924509814},"MedianAbsDev":{"confidence_interval":{"confidence_level":0.95,"lower_bound":0.14928156644239424,"upper_bound":0.6168911090408044},"point_estimate":0.3815109795227595,"standard_error":0.1318414528554305},"Slope":{"confidence_interval":{"confidence_level":0.95,"lower_bound":482.72251314281715,"upper_bound":483.16330949660596},"point_estimate":482.9130527052928,"standard_error":0.11494118658070722},"StdDev":{"confidence_interval":{"confidence_level":0.95,"lower_bound":0.3197992119492399,"upper_bound":0.5416653246549652},"point_estimate":0.44587614684110555,"standard_error":0.05689630505892459}}