{"Mean":{"confidence_interval":{"confidence_level":0.95,"lower_bound":15654699.13747608,"upper_bound":15737755.996686867},"point_estimate":15693875.214538576,"standard_error":21197.54862005373},"Median":{"confidence_interval":{"confidence_level":0.95,"lower_bound":15618866.375,"upper_bound":15733735.829022989},"point_estimate":15667380.588516746,"standard_error":27729.39498721006},"MedianAbsDev":{"confidence_interval":{"confidence_level":0.95,"lower_bound":51886.96872019911,"upper_bound":148943.4854595729},"point_estimate":97997.48319512297,"standard_error":25886.395946782617},"Slope":{"confidence_interval":{"confidence_level":0.95,"lower_bound":15641683.844233865,"upper_bound":15730819.999290096},"point_estimate":15685777.763194077,"standard_error":22813.678861336997},"StdDev":{"confidence_interval":{"confidence_level":0.95,"lower_bound":78187.52831868085,"upper_bound":158150.33937433932},"point_estimate":118332.78813553155,"standard_error":21766.497940149966}}