{"Mean":{"confidence_interval":{"confidence_level":0.95,"lower_bound":678.8664395818273,"upper_bound":681.1620551578576},"point_estimate":679.8318051276466,"standard_error":0.5970335331361509},"Median":{"confidence_interval":{"confidence_level":0.95,"lower_bound":678.6276811977204,"upper_bound":680.512602165487},"point_estimate":679.2721196530823,"standard_error":0.4904404335155757},"MedianAbsDev":{"confidence_interval":{"confidence_level":0.95,"lower_bound":0.9889450822166865,"upper_bound":2.694983228390475},"point_estimate":1.8760840929168707,"standard_error":0.41011617571890174},"Slope":{"confidence_interval":{"confidence_level":0.95,"lower_bound":678.1621264809413,"upper_bound":679.4876667980193},"point_estimate":678.7801501939099,"standard_error":0.3371526324195928},"StdDev":{"confidence_interval":{"confidence_level":0.95,"lower_bound":1.330231126984546,"upper_bound":5.224025495507776},"point_estimate":3.326070160739202,"standard_error":1.2295782657860483}}