{"Mean":{"confidence_interval":{"confidence_level":0.95,"lower_bound":17027350.016313642,"upper_bound":17039046.85044928},"point_estimate":17033398.76196007,"standard_error":2979.897953344181},"Median":{"confidence_interval":{"confidence_level":0.95,"lower_bound":17030014.70436508,"upper_bound":17041474.09166667},"point_estimate":17034485.09375,"standard_error":3282.477496278575},"MedianAbsDev":{"confidence_interval":{"confidence_level":0.95,"lower_bound":8173.666317388415,"upper_bound":20703.361568230517},"point_estimate":17542.68752438819,"standard_error":3359.727399085841},"Slope":{"confidence_interval":{"confidence_level":0.95,"lower_bound":17031685.83183105,"upper_bound":17041239.503571175},"point_estimate":17036369.82496034,"standard_error":2436.0930836149923},"StdDev":{"confidence_interval":{"confidence_level":0.95,"lower_bound":11498.175724252997,"upper_bound":20444.182591533197},"point_estimate":16553.149321375655,"standard_error":2287.4576555521676}}