{"Mean":{"confidence_interval":{"confidence_level":0.95,"lower_bound":398.6452990032598,"upper_bound":398.7395278437665},"point_estimate":398.6908661238598,"standard_error":0.024088612870684756},"Median":{"confidence_interval":{"confidence_level":0.95,"lower_bound":398.6283679892214,"upper_bound":398.72456827866563},"point_estimate":398.67509677325233,"standard_error":0.022580950549515557},"MedianAbsDev":{"confidence_interval":{"confidence_level":0.95,"lower_bound":0.059879131820584734,"upper_bound":0.16396446329214295},"point_estimate":0.0967740657046511,"standard_error":0.026150326508196892},"Slope":{"confidence_interval":{"confidence_level":0.95,"lower_bound":398.6375301589548,"upper_bound":398.6960672866867},"point_estimate":398.6652365807353,"standard_error":0.014956416708794247},"StdDev":{"confidence_interval":{"confidence_level":0.95,"lower_bound":0.09047011129301501,"upper_bound":0.1698264835112398},"point_estimate":0.134451577198162,"standard_error":0.020391541177969347}}