{"Mean":{"confidence_interval":{"confidence_level":0.95,"lower_bound":0.002760060824350763,"upper_bound":0.008858835043818509},"point_estimate":0.005712756594950408,"standard_error":0.0015551819653328177},"Median":{"confidence_interval":{"confidence_level":0.95,"lower_bound":0.0018376121132817058,"upper_bound":0.0075421163291515825},"point_estimate":0.005514866169185062,"standard_error":0.001507320394009853}}