{"Mean":{"confidence_interval":{"confidence_level":0.95,"lower_bound":687813.5376881855,"upper_bound":688131.1593216489},"point_estimate":687961.8299503762,"standard_error":81.15880969197696},"Median":{"confidence_interval":{"confidence_level":0.95,"lower_bound":687702.5014423076,"upper_bound":687955.4342105263},"point_estimate":687791.291015625,"standard_error":61.80193689105192},"MedianAbsDev":{"confidence_interval":{"confidence_level":0.95,"lower_bound":130.3280879639789,"upper_bound":410.550207815338},"point_estimate":242.9593547143742,"standard_error":71.32157514593942},"Slope":{"confidence_interval":{"confidence_level":0.95,"lower_bound":687722.0529736639,"upper_bound":688379.5218615994},"point_estimate":688060.8689251719,"standard_error":166.18227300246835},"StdDev":{"confidence_interval":{"confidence_level":0.95,"lower_bound":273.14390984807983,"upper_bound":563.9275987224123},"point_estimate":450.5190502100287,"standard_error":74.26417756449031}}