{"Mean":{"confidence_interval":{"confidence_level":0.95,"lower_bound":426.1323321685824,"upper_bound":426.3249444920259},"point_estimate":426.2231890245656,"standard_error":0.049424837355506686},"Median":{"confidence_interval":{"confidence_level":0.95,"lower_bound":426.0811976730474,"upper_bound":426.2293411183249},"point_estimate":426.13807577195416,"standard_error":0.03904464458865837},"MedianAbsDev":{"confidence_interval":{"confidence_level":0.95,"lower_bound":0.06972724611872783,"upper_bound":0.3031550422444779},"point_estimate":0.1414917244248643,"standard_error":0.060697950103295185},"Slope":{"confidence_interval":{"confidence_level":0.95,"lower_bound":426.08570741264083,"upper_bound":426.1940493600762},"point_estimate":426.1357177402258,"standard_error":0.02771877014666716},"StdDev":{"confidence_interval":{"confidence_level":0.95,"lower_bound":0.1752712091171679,"upper_bound":0.35048766783521024},"point_estimate":0.2739594133350182,"standard_error":0.045152328213666694}}