{"Mean":{"confidence_interval":{"confidence_level":0.95,"lower_bound":1623219.3077069349,"upper_bound":1625178.5064526438},"point_estimate":1624107.4482601308,"standard_error":503.3659086731032},"Median":{"confidence_interval":{"confidence_level":0.95,"lower_bound":1622846.6686507936,"upper_bound":1624551.977225673},"point_estimate":1623847.6876190477,"standard_error":412.55031572054105},"MedianAbsDev":{"confidence_interval":{"confidence_level":0.95,"lower_bound":1138.8787958134888,"upper_bound":2758.145279604654},"point_estimate":1827.3849515576055,"standard_error":433.1546637683928},"Slope":{"confidence_interval":{"confidence_level":0.95,"lower_bound":1623919.5125683052,"upper_bound":1625100.3336140714},"point_estimate":1624553.276875425,"standard_error":301.1717438851742},"StdDev":{"confidence_interval":{"confidence_level":0.95,"lower_bound":1447.9676741398157,"upper_bound":4061.9124816443064},"point_estimate":2808.1322782966918,"standard_error":736.8728752044376}}