{"Mean":{"confidence_interval":{"confidence_level":0.95,"lower_bound":389.7949395570436,"upper_bound":390.31671193574755},"point_estimate":389.9972869873447,"standard_error":0.13937037409537364},"Median":{"confidence_interval":{"confidence_level":0.95,"lower_bound":389.7799263237649,"upper_bound":389.8056572811642},"point_estimate":389.7958067981808,"standard_error":0.006312473444651906},"MedianAbsDev":{"confidence_interval":{"confidence_level":0.95,"lower_bound":0.013237558731862971,"upper_bound":0.037785173619128275},"point_estimate":0.02767971306938201,"standard_error":0.006047895539969984},"Slope":{"confidence_interval":{"confidence_level":0.95,"lower_bound":389.78900221186507,"upper_bound":389.84532777826246},"point_estimate":389.8071364270206,"standard_error":0.015400971748388602},"StdDev":{"confidence_interval":{"confidence_level":0.95,"lower_bound":0.025179676441263486,"upper_bound":1.229890894167383},"point_estimate":0.7774771484413358,"standard_error":0.33914577766101156}}