{"Mean":{"confidence_interval":{"confidence_level":0.95,"lower_bound":380.37222375341946,"upper_bound":380.86694997146253},"point_estimate":380.5603487569811,"standard_error":0.1330169613206945},"Median":{"confidence_interval":{"confidence_level":0.95,"lower_bound":380.32444357059865,"upper_bound":380.35442550404764},"point_estimate":380.33038758900557,"standard_error":0.010089273923987903},"MedianAbsDev":{"confidence_interval":{"confidence_level":0.95,"lower_bound":0.013212822140404474,"upper_bound":0.07702181788155445},"point_estimate":0.03601221611627202,"standard_error":0.017490314883188005},"Slope":{"confidence_interval":{"confidence_level":0.95,"lower_bound":380.33452231553525,"upper_bound":380.5327297461873},"point_estimate":380.40628798327987,"standard_error":0.0522786142834025},"StdDev":{"confidence_interval":{"confidence_level":0.95,"lower_bound":0.14317273103243908,"upper_bound":1.1982284181373994},"point_estimate":0.7397969345746991,"standard_error":0.3410500433471527}}