{"Mean":{"confidence_interval":{"confidence_level":0.95,"lower_bound":350274.4875999653,"upper_bound":350494.83427266096},"point_estimate":350381.9074204282,"standard_error":55.931617183469804},"Median":{"confidence_interval":{"confidence_level":0.95,"lower_bound":350339.6638636155,"upper_bound":350500.8846774193},"point_estimate":350400.8139453194,"standard_error":42.712007117167666},"MedianAbsDev":{"confidence_interval":{"confidence_level":0.95,"lower_bound":112.37868671453325,"upper_bound":317.7901094859886},"point_estimate":208.13080043397565,"standard_error":54.16290984270937},"Slope":{"confidence_interval":{"confidence_level":0.95,"lower_bound":350356.45195768634,"upper_bound":350495.4421867206},"point_estimate":350425.27448525274,"standard_error":35.42286281643324},"StdDev":{"confidence_interval":{"confidence_level":0.95,"lower_bound":180.8588197031966,"upper_bound":426.1207088556625},"point_estimate":311.5907661095677,"standard_error":63.59639603619634}}