{"Mean":{"confidence_interval":{"confidence_level":0.95,"lower_bound":112840.28404500624,"upper_bound":112990.04688014148},"point_estimate":112906.49537298408,"standard_error":38.38460804532334},"Median":{"confidence_interval":{"confidence_level":0.95,"lower_bound":112780.1346361186,"upper_bound":112904.88429986748},"point_estimate":112871.32015573524,"standard_error":28.138598598009608},"MedianAbsDev":{"confidence_interval":{"confidence_level":0.95,"lower_bound":55.55764292943329,"upper_bound":188.2306112572986},"point_estimate":135.191648983504,"standard_error":30.914940015753164},"Slope":{"confidence_interval":{"confidence_level":0.95,"lower_bound":112819.69665752206,"upper_bound":112886.01654688001},"point_estimate":112856.48726938927,"standard_error":16.87811909074202},"StdDev":{"confidence_interval":{"confidence_level":0.95,"lower_bound":91.59274169545972,"upper_bound":307.99482450079864},"point_estimate":212.90149142595237,"standard_error":57.83555853005861}}