{"Mean":{"confidence_interval":{"confidence_level":0.95,"lower_bound":22618172.577798467,"upper_bound":22632620.7868254},"point_estimate":22625310.22546133,"standard_error":3683.9014593048732},"Median":{"confidence_interval":{"confidence_level":0.95,"lower_bound":22617669.439999998,"upper_bound":22633594.215909094},"point_estimate":22622240.9981685,"standard_error":4238.276739793644},"MedianAbsDev":{"confidence_interval":{"confidence_level":0.95,"lower_bound":11236.060400520579,"upper_bound":25035.590870529966},"point_estimate":19424.098230153322,"standard_error":3687.9456334856823},"Slope":{"confidence_interval":{"confidence_level":0.95,"lower_bound":22615695.8678828,"upper_bound":22630381.11476697},"point_estimate":22622940.095505025,"standard_error":3758.690392174382},"StdDev":{"confidence_interval":{"confidence_level":0.95,"lower_bound":13129.87836993889,"upper_bound":26892.54809851557},"point_estimate":20444.91979061548,"standard_error":3547.853401632985}}