{"Mean":{"confidence_interval":{"confidence_level":0.95,"lower_bound":3998633.288080792,"upper_bound":4003874.0101075983},"point_estimate":4001177.1044459464,"standard_error":1338.5437691874135},"Median":{"confidence_interval":{"confidence_level":0.95,"lower_bound":3995998.3095238097,"upper_bound":4005043.027777778},"point_estimate":4001229.4907407407,"standard_error":2644.6229908370033},"MedianAbsDev":{"confidence_interval":{"confidence_level":0.95,"lower_bound":3873.341851234942,"upper_bound":10328.382227161235},"point_estimate":8294.216109414796,"standard_error":1643.895499267736},"Slope":{"confidence_interval":{"confidence_level":0.95,"lower_bound":3997587.3984911796,"upper_bound":4003269.0955028464},"point_estimate":4000426.003349198,"standard_error":1455.34446038946},"StdDev":{"confidence_interval":{"confidence_level":0.95,"lower_bound":5397.129824426172,"upper_bound":9354.407061506496},"point_estimate":7480.087754843293,"standard_error":1036.8076346810115}}