{"Mean":{"confidence_interval":{"confidence_level":0.95,"lower_bound":30826850.611753672,"upper_bound":31014670.172583606},"point_estimate":30924186.51893627,"standard_error":47803.77743565875},"Median":{"confidence_interval":{"confidence_level":0.95,"lower_bound":30881833.57352941,"upper_bound":31038902.451298703},"point_estimate":30941695.326666668,"standard_error":37989.919958062084},"MedianAbsDev":{"confidence_interval":{"confidence_level":0.95,"lower_bound":107338.88340494555,"upper_bound":360036.5803535712},"point_estimate":176590.74492822232,"standard_error":62136.529564185366},"Slope":{"confidence_interval":{"confidence_level":0.95,"lower_bound":30925567.2581658,"upper_bound":31061509.780466422},"point_estimate":30991158.980539396,"standard_error":34776.431162471345},"StdDev":{"confidence_interval":{"confidence_level":0.95,"lower_bound":173878.92264117248,"upper_bound":347834.6472425933},"point_estimate":267583.05638255144,"standard_error":45345.91674288903}}