{"Mean":{"confidence_interval":{"confidence_level":0.95,"lower_bound":401330.32340698695,"upper_bound":401776.555575816},"point_estimate":401558.7414626839,"standard_error":113.75697057191722},"Median":{"confidence_interval":{"confidence_level":0.95,"lower_bound":401289.79797979794,"upper_bound":401801.56080246915},"point_estimate":401629.1571658615,"standard_error":125.54013753025947},"MedianAbsDev":{"confidence_interval":{"confidence_level":0.95,"lower_bound":354.6038054566974,"upper_bound":930.7508656659004},"point_estimate":658.2438362670526,"standard_error":150.41171162536892},"Slope":{"confidence_interval":{"confidence_level":0.95,"lower_bound":401755.1382152663,"upper_bound":402155.61969101196},"point_estimate":401978.62350706075,"standard_error":102.52610909096944},"StdDev":{"confidence_interval":{"confidence_level":0.95,"lower_bound":464.14238905362316,"upper_bound":781.793612827342},"point_estimate":634.5243646253851,"standard_error":82.0819957214217}}