{"Mean":{"confidence_interval":{"confidence_level":0.95,"lower_bound":428.5475290707743,"upper_bound":428.88115480477495},"point_estimate":428.71968529688974,"standard_error":0.08480822346206278},"Median":{"confidence_interval":{"confidence_level":0.95,"lower_bound":428.5657640232108,"upper_bound":428.84260299625464},"point_estimate":428.71797577306484,"standard_error":0.062735104360929},"MedianAbsDev":{"confidence_interval":{"confidence_level":0.95,"lower_bound":0.17255648988412248,"upper_bound":0.45958206750418673},"point_estimate":0.3268690911368838,"standard_error":0.0702673206079403},"Slope":{"confidence_interval":{"confidence_level":0.95,"lower_bound":428.2312185884221,"upper_bound":428.73921045658597},"point_estimate":428.5180159264841,"standard_error":0.13378430663965896},"StdDev":{"confidence_interval":{"confidence_level":0.95,"lower_bound":0.2637899833578685,"upper_bound":0.6486926884972177},"point_estimate":0.47207910852053353,"standard_error":0.09958176141716102}}