{"Mean":{"confidence_interval":{"confidence_level":0.95,"lower_bound":916.4152235732088,"upper_bound":917.7501949357319},"point_estimate":917.129297056424,"standard_error":0.3416544949855706},"Median":{"confidence_interval":{"confidence_level":0.95,"lower_bound":917.1896003485246,"upper_bound":918.2597471694901},"point_estimate":917.8777827186934,"standard_error":0.3026002716582005},"MedianAbsDev":{"confidence_interval":{"confidence_level":0.95,"lower_bound":0.5410236909709347,"upper_bound":1.8171889015838318},"point_estimate":0.9413777438167525,"standard_error":0.3453625423922969},"Slope":{"confidence_interval":{"confidence_level":0.95,"lower_bound":917.1777502180483,"upper_bound":918.1624260207701},"point_estimate":917.6596500599611,"standard_error":0.2538280209325054},"StdDev":{"confidence_interval":{"confidence_level":0.95,"lower_bound":1.0988783082550975,"upper_bound":2.4129354269039083},"point_estimate":1.9001706694362779,"standard_error":0.33031903356245096}}