{"Mean":{"confidence_interval":{"confidence_level":0.95,"lower_bound":2920983.9643637533,"upper_bound":2930591.808697253},"point_estimate":2925483.9079699665,"standard_error":2450.851667238147},"Median":{"confidence_interval":{"confidence_level":0.95,"lower_bound":2919679.1289473684,"upper_bound":2927939.2920168065},"point_estimate":2922647.564935065,"standard_error":2151.2136459544613},"MedianAbsDev":{"confidence_interval":{"confidence_level":0.95,"lower_bound":5115.899297557719,"upper_bound":14999.742021485588},"point_estimate":10892.07400243119,"standard_error":2630.850710791208},"Slope":{"confidence_interval":{"confidence_level":0.95,"lower_bound":2921149.2537866547,"upper_bound":2929530.144417056},"point_estimate":2925142.4210999473,"standard_error":2145.372540290982},"StdDev":{"confidence_interval":{"confidence_level":0.95,"lower_bound":8337.94943112067,"upper_bound":18531.06900684783},"point_estimate":13662.553235809311,"standard_error":2723.7643621065736}}