{"Mean":{"confidence_interval":{"confidence_level":0.95,"lower_bound":973862.4366522349,"upper_bound":976855.6462694077},"point_estimate":975291.8675156266,"standard_error":764.7712852503538},"Median":{"confidence_interval":{"confidence_level":0.95,"lower_bound":973621.256714876,"upper_bound":976566.9505050505},"point_estimate":975166.8957575758,"standard_error":687.499459513578},"MedianAbsDev":{"confidence_interval":{"confidence_level":0.95,"lower_bound":1616.145122547372,"upper_bound":5093.818149566569},"point_estimate":3545.2728029679115,"standard_error":894.5461882882738},"Slope":{"confidence_interval":{"confidence_level":0.95,"lower_bound":974503.4722190376,"upper_bound":977111.967119231},"point_estimate":975841.6443728667,"standard_error":662.8927150067431},"StdDev":{"confidence_interval":{"confidence_level":0.95,"lower_bound":2675.0522484622306,"upper_bound":5793.621681857102},"point_estimate":4262.62495846323,"standard_error":843.2003204480615}}