{"Mean":{"confidence_interval":{"confidence_level":0.95,"lower_bound":657.7667136665995,"upper_bound":658.3215798715771},"point_estimate":658.0476157373331,"standard_error":0.14118968646833854},"Median":{"confidence_interval":{"confidence_level":0.95,"lower_bound":657.7967994392384,"upper_bound":658.5243932248311},"point_estimate":658.4614213427222,"standard_error":0.24169669295720775},"MedianAbsDev":{"confidence_interval":{"confidence_level":0.95,"lower_bound":0.07172526927888659,"upper_bound":1.0582020358873363},"point_estimate":0.2570969415984389,"standard_error":0.31386184153828156},"Slope":{"confidence_interval":{"confidence_level":0.95,"lower_bound":657.7096339449245,"upper_bound":658.3083076296533},"point_estimate":658.0282539714107,"standard_error":0.15290578170005228},"StdDev":{"confidence_interval":{"confidence_level":0.95,"lower_bound":0.5600535538221312,"upper_bound":0.9704886029852834},"point_estimate":0.7840165421034497,"standard_error":0.10454145659259953}}