{"Mean":{"confidence_interval":{"confidence_level":0.95,"lower_bound":4287815.461474564,"upper_bound":4290372.188426845},"point_estimate":4289010.717214666,"standard_error":654.1862457721045},"Median":{"confidence_interval":{"confidence_level":0.95,"lower_bound":4287311.62745098,"upper_bound":4289936.88362069},"point_estimate":4288545.325925926,"standard_error":725.2161140321004},"MedianAbsDev":{"confidence_interval":{"confidence_level":0.95,"lower_bound":1752.4606244433646,"upper_bound":4042.6339685657886},"point_estimate":2907.329128384084,"standard_error":588.9692914686216},"Slope":{"confidence_interval":{"confidence_level":0.95,"lower_bound":4287685.207489168,"upper_bound":4289748.288657839},"point_estimate":4288675.486867619,"standard_error":527.6154876461288},"StdDev":{"confidence_interval":{"confidence_level":0.95,"lower_bound":2150.7908324575765,"upper_bound":5034.179644287669},"point_estimate":3656.5059956765203,"standard_error":781.793457440314}}