{"Mean":{"confidence_interval":{"confidence_level":0.95,"lower_bound":512.3395914467155,"upper_bound":513.131279914354},"point_estimate":512.7115624566438,"standard_error":0.20241350759206064},"Median":{"confidence_interval":{"confidence_level":0.95,"lower_bound":512.0712965113366,"upper_bound":513.0177992862916},"point_estimate":512.7220732233882,"standard_error":0.26630378547978556},"MedianAbsDev":{"confidence_interval":{"confidence_level":0.95,"lower_bound":0.5303824772586403,"upper_bound":1.3021418080037195},"point_estimate":0.9648415361581648,"standard_error":0.19850637598223136},"Slope":{"confidence_interval":{"confidence_level":0.95,"lower_bound":512.1955802583658,"upper_bound":512.8524090640268},"point_estimate":512.5004487719267,"standard_error":0.1679675640189612},"StdDev":{"confidence_interval":{"confidence_level":0.95,"lower_bound":0.6743393727569045,"upper_bound":1.465086300321415},"point_estimate":1.1281515574818348,"standard_error":0.2040293935394808}}