{"Mean":{"confidence_interval":{"confidence_level":0.95,"lower_bound":1379564.2712121047,"upper_bound":1380755.9059062516},"point_estimate":1380124.8626889451,"standard_error":303.96514003700275},"Median":{"confidence_interval":{"confidence_level":0.95,"lower_bound":1379210.1928834033,"upper_bound":1380329.1553030303},"point_estimate":1380058.396417026,"standard_error":340.193603942365},"MedianAbsDev":{"confidence_interval":{"confidence_level":0.95,"lower_bound":776.8279766891069,"upper_bound":1894.764310736117},"point_estimate":1371.5511939740186,"standard_error":285.12840960775407},"Slope":{"confidence_interval":{"confidence_level":0.95,"lower_bound":1379732.3196788898,"upper_bound":1381415.895129492},"point_estimate":1380497.3516657853,"standard_error":434.90135537699865},"StdDev":{"confidence_interval":{"confidence_level":0.95,"lower_bound":1012.8395972347464,"upper_bound":2222.877228233805},"point_estimate":1693.3121710143112,"standard_error":310.58722677343087}}