{"Mean":{"confidence_interval":{"confidence_level":0.95,"lower_bound":148355.14480905933,"upper_bound":148475.43978215093},"point_estimate":148414.99769043794,"standard_error":30.607431360002007},"Median":{"confidence_interval":{"confidence_level":0.95,"lower_bound":148350.2823214286,"upper_bound":148453.35436507937},"point_estimate":148386.20952380952,"standard_error":27.863217279701807},"MedianAbsDev":{"confidence_interval":{"confidence_level":0.95,"lower_bound":65.74724592737537,"upper_bound":254.9700716400379},"point_estimate":136.88623374626403,"standard_error":53.98839468631085},"Slope":{"confidence_interval":{"confidence_level":0.95,"lower_bound":148382.53987934656,"upper_bound":148505.12933773352},"point_estimate":148436.9249648712,"standard_error":31.378206306236365},"StdDev":{"confidence_interval":{"confidence_level":0.95,"lower_bound":126.39771994824252,"upper_bound":203.01894460631476},"point_estimate":170.00153309813967,"standard_error":19.50555038157011}}