{"Mean":{"confidence_interval":{"confidence_level":0.95,"lower_bound":461.540077841974,"upper_bound":464.97402970049626},"point_estimate":463.35141208854367,"standard_error":0.8821005995630288},"Median":{"confidence_interval":{"confidence_level":0.95,"lower_bound":465.0241509452036,"upper_bound":465.4717107059212},"point_estimate":465.2285974806908,"standard_error":0.17389720997560654},"MedianAbsDev":{"confidence_interval":{"confidence_level":0.95,"lower_bound":0.33357852720422065,"upper_bound":2.7611317957435477},"point_estimate":0.7726798678111825,"standard_error":0.6125853037411199},"Slope":{"confidence_interval":{"confidence_level":0.95,"lower_bound":457.7890629730935,"upper_bound":463.3987067180226},"point_estimate":460.34615972182286,"standard_error":1.436660773976472},"StdDev":{"confidence_interval":{"confidence_level":0.95,"lower_bound":3.1908189601641084,"upper_bound":5.883608906938954},"point_estimate":4.908068176382648,"standard_error":0.6927288820502513}}