{"Mean":{"confidence_interval":{"confidence_level":0.95,"lower_bound":3596083.6642717877,"upper_bound":3608893.685311264},"point_estimate":3602718.331538861,"standard_error":3268.972109964733},"Median":{"confidence_interval":{"confidence_level":0.95,"lower_bound":3600044.9765886287,"upper_bound":3607955.1555555556},"point_estimate":3604601.557179987,"standard_error":2352.92811009884},"MedianAbsDev":{"confidence_interval":{"confidence_level":0.95,"lower_bound":6068.808054478805,"upper_bound":19332.101317812605},"point_estimate":11615.182338740631,"standard_error":3391.1401502764365},"Slope":{"confidence_interval":{"confidence_level":0.95,"lower_bound":3592625.0924999337,"upper_bound":3607439.7228704053},"point_estimate":3600000.0665609026,"standard_error":3794.0060443989096},"StdDev":{"confidence_interval":{"confidence_level":0.95,"lower_bound":11506.072311629732,"upper_bound":23533.80860272787},"point_estimate":18125.853888255162,"standard_error":3086.2512610656763}}