{"Mean":{"confidence_interval":{"confidence_level":0.95,"lower_bound":21142190.036035106,"upper_bound":21151580.778407294},"point_estimate":21147046.72094668,"standard_error":2395.807221076455},"Median":{"confidence_interval":{"confidence_level":0.95,"lower_bound":21144166.9,"upper_bound":21152946.820652172},"point_estimate":21146975.6712963,"standard_error":2220.0842100799555},"MedianAbsDev":{"confidence_interval":{"confidence_level":0.95,"lower_bound":4256.451861932874,"upper_bound":13713.1204713791},"point_estimate":10007.364497333765,"standard_error":2370.77537452051},"Slope":{"confidence_interval":{"confidence_level":0.95,"lower_bound":21145218.067865707,"upper_bound":21150648.78205451},"point_estimate":21147814.85922792,"standard_error":1379.4588013749974},"StdDev":{"confidence_interval":{"confidence_level":0.95,"lower_bound":8047.586171379182,"upper_bound":17642.514889024533},"point_estimate":13393.070643812714,"standard_error":2464.8354107187265}}