{"Mean":{"confidence_interval":{"confidence_level":0.95,"lower_bound":11894820.098846322,"upper_bound":11942036.343164805},"point_estimate":11918948.20405994,"standard_error":12067.360142757872},"Median":{"confidence_interval":{"confidence_level":0.95,"lower_bound":11907383.473333333,"upper_bound":11950147.042857144},"point_estimate":11921895.029503107,"standard_error":11864.94644517233},"MedianAbsDev":{"confidence_interval":{"confidence_level":0.95,"lower_bound":30570.191726409423,"upper_bound":89175.35931707267},"point_estimate":47680.240374320965,"standard_error":15460.267797157345},"Slope":{"confidence_interval":{"confidence_level":0.95,"lower_bound":11901424.219800388,"upper_bound":11934378.91859245},"point_estimate":11917942.715388684,"standard_error":8412.137495078956},"StdDev":{"confidence_interval":{"confidence_level":0.95,"lower_bound":47038.68913712433,"upper_bound":84773.77411430157},"point_estimate":67598.85559153692,"standard_error":9673.812412453977}}