{"Mean":{"confidence_interval":{"confidence_level":0.95,"lower_bound":718843.6235288806,"upper_bound":720299.2701326745},"point_estimate":719403.3136061279,"standard_error":397.2354350447106},"Median":{"confidence_interval":{"confidence_level":0.95,"lower_bound":718489.2404626624,"upper_bound":719358.5137755102},"point_estimate":719184.7006613757,"standard_error":184.74413207784715},"MedianAbsDev":{"confidence_interval":{"confidence_level":0.95,"lower_bound":229.16220287602354,"upper_bound":1301.4782263385503},"point_estimate":701.1747182334808,"standard_error":344.1276819031024},"Slope":{"confidence_interval":{"confidence_level":0.95,"lower_bound":718693.3460053902,"upper_bound":721517.2036385569},"point_estimate":719699.8224522172,"standard_error":802.8935263196538},"StdDev":{"confidence_interval":{"confidence_level":0.95,"lower_bound":535.318159851345,"upper_bound":3621.955626422301},"point_estimate":2209.0050238011336,"standard_error":1043.2255305188228}}