{"Mean":{"confidence_interval":{"confidence_level":0.95,"lower_bound":445726.41848504293,"upper_bound":446572.9508421994},"point_estimate":446125.8675129303,"standard_error":216.50658019237133},"Median":{"confidence_interval":{"confidence_level":0.95,"lower_bound":445567.1940553161,"upper_bound":446013.7957005719},"point_estimate":445844.17747961957,"standard_error":127.24735845244373},"MedianAbsDev":{"confidence_interval":{"confidence_level":0.95,"lower_bound":306.0917174643191,"upper_bound":1225.9621756305867},"point_estimate":618.7023188575291,"standard_error":226.44734592360427},"Slope":{"confidence_interval":{"confidence_level":0.95,"lower_bound":445441.79092718125,"upper_bound":445839.2313388988},"point_estimate":445644.10563194077,"standard_error":101.74414508239816},"StdDev":{"confidence_interval":{"confidence_level":0.95,"lower_bound":756.3582684066726,"upper_bound":1504.4573772255887},"point_estimate":1204.491945171915,"standard_error":191.60110904991475}}