{"Mean":{"confidence_interval":{"confidence_level":0.95,"lower_bound":401.0867753966924,"upper_bound":401.8382284815366},"point_estimate":401.42178183616755,"standard_error":0.1927253354139408},"Median":{"confidence_interval":{"confidence_level":0.95,"lower_bound":401.0678721320649,"upper_bound":401.5634866229648},"point_estimate":401.2692131861138,"standard_error":0.13462306314350178},"MedianAbsDev":{"confidence_interval":{"confidence_level":0.95,"lower_bound":0.30769401315949974,"upper_bound":0.8631965935168535},"point_estimate":0.5764640723557578,"standard_error":0.13817281739199422},"Slope":{"confidence_interval":{"confidence_level":0.95,"lower_bound":400.9312698091553,"upper_bound":401.2478530162244},"point_estimate":401.0870353418164,"standard_error":0.08035769733392645},"StdDev":{"confidence_interval":{"confidence_level":0.95,"lower_bound":0.46439512777021774,"upper_bound":1.6379217602913936},"point_estimate":1.0754536367681429,"standard_error":0.3353663285149448}}