{"Mean":{"confidence_interval":{"confidence_level":0.95,"lower_bound":5992782.958983308,"upper_bound":6002886.74675076},"point_estimate":5997377.480752469,"standard_error":2587.1435145096657},"Median":{"confidence_interval":{"confidence_level":0.95,"lower_bound":5990454.110625001,"upper_bound":5996378.611363636},"point_estimate":5992257.639880952,"standard_error":1376.6708876572636},"MedianAbsDev":{"confidence_interval":{"confidence_level":0.95,"lower_bound":2172.795057331943,"upper_bound":9075.315206394089},"point_estimate":5318.63245330268,"standard_error":1874.1696256631644},"Slope":{"confidence_interval":{"confidence_level":0.95,"lower_bound":5990391.1505433535,"upper_bound":5993592.959711211},"point_estimate":5991951.1621364355,"standard_error":818.9434887625961},"StdDev":{"confidence_interval":{"confidence_level":0.95,"lower_bound":7418.615295183482,"upper_bound":19486.992867425466},"point_estimate":14400.989838330695,"standard_error":3116.7503072019126}}