{"Mean":{"confidence_interval":{"confidence_level":0.95,"lower_bound":0.0006262615767659963,"upper_bound":0.0016141335336359974},"point_estimate":0.001134018526085523,"standard_error":0.0002521004946746508},"Median":{"confidence_interval":{"confidence_level":0.95,"lower_bound":0.0004975843176076022,"upper_bound":0.0009470878051462961},"point_estimate":0.0006640046189261284,"standard_error":0.0001834023339459298}}