{"Mean":{"confidence_interval":{"confidence_level":0.95,"lower_bound":7419871.854300717,"upper_bound":7426165.132930561},"point_estimate":7423111.964461442,"standard_error":1600.7380525358706},"Median":{"confidence_interval":{"confidence_level":0.95,"lower_bound":7420552.596153846,"upper_bound":7427330.094129555},"point_estimate":7425452.033333333,"standard_error":1855.5593837866222},"MedianAbsDev":{"confidence_interval":{"confidence_level":0.95,"lower_bound":4994.001456075956,"upper_bound":12916.176875954818},"point_estimate":8806.051686161416,"standard_error":1979.4258348958278},"Slope":{"confidence_interval":{"confidence_level":0.95,"lower_bound":7417882.670482272,"upper_bound":7425571.234753309},"point_estimate":7421711.559650978,"standard_error":1957.7484754141149},"StdDev":{"confidence_interval":{"confidence_level":0.95,"lower_bound":6372.04517052524,"upper_bound":10818.40935392207},"point_estimate":8875.412955873293,"standard_error":1138.0944920664342}}