{"Mean":{"confidence_interval":{"confidence_level":0.95,"lower_bound":1363.9791052830976,"upper_bound":1364.8777048030045},"point_estimate":1364.4241792668495,"standard_error":0.22906095741246263},"Median":{"confidence_interval":{"confidence_level":0.95,"lower_bound":1363.762601494063,"upper_bound":1365.0572571192324},"point_estimate":1364.1463113911911,"standard_error":0.3490516137712757},"MedianAbsDev":{"confidence_interval":{"confidence_level":0.95,"lower_bound":0.722991002938398,"upper_bound":2.034048516871453},"point_estimate":1.372581380351227,"standard_error":0.33518611193578207},"Slope":{"confidence_interval":{"confidence_level":0.95,"lower_bound":1363.9686559408792,"upper_bound":1364.901512021685},"point_estimate":1364.392143799952,"standard_error":0.2385475520838586},"StdDev":{"confidence_interval":{"confidence_level":0.95,"lower_bound":0.977906196782811,"upper_bound":1.500188031108405},"point_estimate":1.270217327336135,"standard_error":0.13283711193712544}}