{"Mean":{"confidence_interval":{"confidence_level":0.95,"lower_bound":25693780.152015336,"upper_bound":25713547.20182063},"point_estimate":25703384.217936017,"standard_error":5023.399541170882},"Median":{"confidence_interval":{"confidence_level":0.95,"lower_bound":25693730.766304348,"upper_bound":25709919.524891775},"point_estimate":25702226.65,"standard_error":3709.840469691402},"MedianAbsDev":{"confidence_interval":{"confidence_level":0.95,"lower_bound":9816.90936775947,"upper_bound":27859.68436539118},"point_estimate":17790.498096655916,"standard_error":4706.850064567879},"Slope":{"confidence_interval":{"confidence_level":0.95,"lower_bound":25693891.76415883,"upper_bound":25704933.25681623},"point_estimate":25699512.445584346,"standard_error":2813.207922682228},"StdDev":{"confidence_interval":{"confidence_level":0.95,"lower_bound":16190.991227598284,"upper_bound":37754.249174232136},"point_estimate":27969.496482914346,"standard_error":5570.921632274064}}