{"Mean":{"confidence_interval":{"confidence_level":0.95,"lower_bound":56506671.946629584,"upper_bound":56760940.50727424},"point_estimate":56633496.75483973,"standard_error":64797.67769865733},"Median":{"confidence_interval":{"confidence_level":0.95,"lower_bound":56523069.1948718,"upper_bound":56755959.11238825},"point_estimate":56682292.925,"standard_error":55361.43423275214},"MedianAbsDev":{"confidence_interval":{"confidence_level":0.95,"lower_bound":109945.41138697145,"upper_bound":426027.40211383824},"point_estimate":243680.88662933224,"standard_error":77101.02657577819},"Slope":{"confidence_interval":{"confidence_level":0.95,"lower_bound":56606211.90927816,"upper_bound":56770088.41389549},"point_estimate":56693644.2893707,"standard_error":41467.19543090222},"StdDev":{"confidence_interval":{"confidence_level":0.95,"lower_bound":248808.50954796557,"upper_bound":452228.2645578863},"point_estimate":361795.6298384427,"standard_error":52064.993610342804}}