{"Mean":{"confidence_interval":{"confidence_level":0.95,"lower_bound":21083745.7699992,"upper_bound":21337088.430877313},"point_estimate":21169990.501775976,"standard_error":80606.70873645574},"Median":{"confidence_interval":{"confidence_level":0.95,"lower_bound":21078238.448757764,"upper_bound":21094802.583333336},"point_estimate":21084671.314685315,"standard_error":3595.8308358731874},"MedianAbsDev":{"confidence_interval":{"confidence_level":0.95,"lower_bound":8394.463554445863,"upper_bound":23695.677029784154},"point_estimate":16339.7651974121,"standard_error":4048.2940832031195},"Slope":{"confidence_interval":{"confidence_level":0.95,"lower_bound":21079095.40903822,"upper_bound":21086677.65679106},"point_estimate":21082604.416499205,"standard_error":1928.7504881192433},"StdDev":{"confidence_interval":{"confidence_level":0.95,"lower_bound":12915.549658348004,"upper_bound":751804.2108523735},"point_estimate":449432.59923065174,"standard_error":268812.0857882454}}