{"Mean":{"confidence_interval":{"confidence_level":0.95,"lower_bound":5915618.989048396,"upper_bound":5931514.63540182},"point_estimate":5922498.040748316,"standard_error":4094.9916630368525},"Median":{"confidence_interval":{"confidence_level":0.95,"lower_bound":5915058.672619048,"upper_bound":5925746.397129187},"point_estimate":5920958.07225064,"standard_error":2789.8611912250567},"MedianAbsDev":{"confidence_interval":{"confidence_level":0.95,"lower_bound":5583.46770767116,"upper_bound":17862.50656537693},"point_estimate":10358.275277304914,"standard_error":3159.2586884718207},"Slope":{"confidence_interval":{"confidence_level":0.95,"lower_bound":5914422.281833808,"upper_bound":5921704.02060632},"point_estimate":5917837.111263881,"standard_error":1863.2765488624264},"StdDev":{"confidence_interval":{"confidence_level":0.95,"lower_bound":9699.43170315548,"upper_bound":35161.86939533897},"point_estimate":22804.319281409196,"standard_error":7651.639214064331}}