{"Mean":{"confidence_interval":{"confidence_level":0.95,"lower_bound":518.7725762797727,"upper_bound":518.9082557642107},"point_estimate":518.8371135181177,"standard_error":0.034722066000089154},"Median":{"confidence_interval":{"confidence_level":0.95,"lower_bound":518.7429507603186,"upper_bound":518.8713717070857},"point_estimate":518.8101835568889,"standard_error":0.029751428845379395},"MedianAbsDev":{"confidence_interval":{"confidence_level":0.95,"lower_bound":0.08100352969875543,"upper_bound":0.2048058164219166},"point_estimate":0.13635550705490115,"standard_error":0.03208963434181025},"Slope":{"confidence_interval":{"confidence_level":0.95,"lower_bound":518.7142328467253,"upper_bound":518.9028993278713},"point_estimate":518.8036329613974,"standard_error":0.048211454286104086},"StdDev":{"confidence_interval":{"confidence_level":0.95,"lower_bound":0.12069931692381909,"upper_bound":0.25217738064112183},"point_estimate":0.1931267264497372,"standard_error":0.03407234484707017}}