{"Mean":{"confidence_interval":{"confidence_level":0.95,"lower_bound":512.9915876508069,"upper_bound":514.5047661089725},"point_estimate":513.7730322367132,"standard_error":0.3872700285967275},"Median":{"confidence_interval":{"confidence_level":0.95,"lower_bound":513.1561974081683,"upper_bound":515.2636527352113},"point_estimate":513.7876539027161,"standard_error":0.576468767714802},"MedianAbsDev":{"confidence_interval":{"confidence_level":0.95,"lower_bound":1.0872116448961735,"upper_bound":3.5363267157781064},"point_estimate":2.3059784888518844,"standard_error":0.5797037297492856},"Slope":{"confidence_interval":{"confidence_level":0.95,"lower_bound":513.5688522894296,"upper_bound":515.129014199809},"point_estimate":514.4350998044583,"standard_error":0.39653382098536544},"StdDev":{"confidence_interval":{"confidence_level":0.95,"lower_bound":1.543875737959868,"upper_bound":2.6290068106410294},"point_estimate":2.166209134357325,"standard_error":0.27760315344322445}}