{"Mean":{"confidence_interval":{"confidence_level":0.95,"lower_bound":1942437.5912246942,"upper_bound":1943511.2760816752},"point_estimate":1942973.9957189925,"standard_error":273.561980193743},"Median":{"confidence_interval":{"confidence_level":0.95,"lower_bound":1942425.8000261234,"upper_bound":1943473.5333333332},"point_estimate":1942967.026234568,"standard_error":298.1776670004581},"MedianAbsDev":{"confidence_interval":{"confidence_level":0.95,"lower_bound":745.940599635688,"upper_bound":2160.483511643783},"point_estimate":1321.9198903802285,"standard_error":363.62331300609236},"Slope":{"confidence_interval":{"confidence_level":0.95,"lower_bound":1942431.939520743,"upper_bound":1943129.3465991907},"point_estimate":1942771.5876961043,"standard_error":177.74857599711626},"StdDev":{"confidence_interval":{"confidence_level":0.95,"lower_bound":1115.091694375722,"upper_bound":1856.5127306729337},"point_estimate":1523.0861337401848,"standard_error":190.3010288676761}}