{"Mean":{"confidence_interval":{"confidence_level":0.95,"lower_bound":398.69927298520986,"upper_bound":399.61975692426853},"point_estimate":399.1180896191012,"standard_error":0.23543433023514668},"Median":{"confidence_interval":{"confidence_level":0.95,"lower_bound":398.5257885160421,"upper_bound":398.60769789274616},"point_estimate":398.5625255902262,"standard_error":0.048924316983656464},"MedianAbsDev":{"confidence_interval":{"confidence_level":0.95,"lower_bound":0.0621238027603436,"upper_bound":0.5183721562177126},"point_estimate":0.24765445387471646,"standard_error":0.1302804746119988},"Slope":{"confidence_interval":{"confidence_level":0.95,"lower_bound":398.6428233064493,"upper_bound":399.8572240197553},"point_estimate":399.1848356059005,"standard_error":0.31019080778149977},"StdDev":{"confidence_interval":{"confidence_level":0.95,"lower_bound":0.6189436018837009,"upper_bound":1.7181790497285436},"point_estimate":1.3103670884699403,"standard_error":0.27126841569806825}}