{"Mean":{"confidence_interval":{"confidence_level":0.95,"lower_bound":487.5608788219882,"upper_bound":487.932893496263},"point_estimate":487.73941232288774,"standard_error":0.09510419303999906},"Median":{"confidence_interval":{"confidence_level":0.95,"lower_bound":487.41858907406566,"upper_bound":487.724830843286},"point_estimate":487.46516301453534,"standard_error":0.09224899728344595},"MedianAbsDev":{"confidence_interval":{"confidence_level":0.95,"lower_bound":0.14589072846034273,"upper_bound":0.6512752901950218},"point_estimate":0.24213952622456125,"standard_error":0.12198519881110863},"Slope":{"confidence_interval":{"confidence_level":0.95,"lower_bound":487.51648003018636,"upper_bound":488.0445742199655},"point_estimate":487.77276474542555,"standard_error":0.1356479493257602},"StdDev":{"confidence_interval":{"confidence_level":0.95,"lower_bound":0.3820303016398531,"upper_bound":0.6228920897337977},"point_estimate":0.5314434901716162,"standard_error":0.06153262869296273}}