{"Mean":{"confidence_interval":{"confidence_level":0.95,"lower_bound":715370.5802691818,"upper_bound":715705.3233267344},"point_estimate":715535.5009887058,"standard_error":85.25230749741388},"Median":{"confidence_interval":{"confidence_level":0.95,"lower_bound":715361.0881410257,"upper_bound":715728.6087755102},"point_estimate":715535.1492753623,"standard_error":83.6975205123257},"MedianAbsDev":{"confidence_interval":{"confidence_level":0.95,"lower_bound":251.50097855883894,"upper_bound":723.8609046488828},"point_estimate":557.664977599447,"standard_error":124.68932573697695},"Slope":{"confidence_interval":{"confidence_level":0.95,"lower_bound":715229.861309087,"upper_bound":715486.1740482553},"point_estimate":715372.3969328398,"standard_error":65.51983635233884},"StdDev":{"confidence_interval":{"confidence_level":0.95,"lower_bound":351.69874256746266,"upper_bound":581.605360473912},"point_estimate":475.48997926841275,"standard_error":59.45476655036512}}