{"Mean":{"confidence_interval":{"confidence_level":0.95,"lower_bound":357.65484914522034,"upper_bound":358.0263880282366},"point_estimate":357.8140851014106,"standard_error":0.09593606877833129},"Median":{"confidence_interval":{"confidence_level":0.95,"lower_bound":357.6411471508454,"upper_bound":357.8450748426118},"point_estimate":357.69778647882094,"standard_error":0.052386787300518},"MedianAbsDev":{"confidence_interval":{"confidence_level":0.95,"lower_bound":0.09881717442441515,"upper_bound":0.33940536609546873},"point_estimate":0.22501176474440104,"standard_error":0.055624542607672335},"Slope":{"confidence_interval":{"confidence_level":0.95,"lower_bound":357.66494572765646,"upper_bound":358.36182560285243},"point_estimate":357.93129649931376,"standard_error":0.19050801130281478},"StdDev":{"confidence_interval":{"confidence_level":0.95,"lower_bound":0.20707542991709502,"upper_bound":0.8348833755866077},"point_estimate":0.5338856117622967,"standard_error":0.1892382497899875}}