{"Mean":{"confidence_interval":{"confidence_level":0.95,"lower_bound":578844.1205439484,"upper_bound":579298.8547816856},"point_estimate":579044.216896676,"standard_error":117.06018973755737},"Median":{"confidence_interval":{"confidence_level":0.95,"lower_bound":578802.2233981693,"upper_bound":579141.7136842106},"point_estimate":578978.0952380951,"standard_error":83.55682746957987},"MedianAbsDev":{"confidence_interval":{"confidence_level":0.95,"lower_bound":228.67432488751234,"upper_bound":560.7315080850476},"point_estimate":392.4844364531289,"standard_error":82.36146782527163},"Slope":{"confidence_interval":{"confidence_level":0.95,"lower_bound":578786.1606557036,"upper_bound":579059.0481649485},"point_estimate":578916.5619527401,"standard_error":69.37494615570135},"StdDev":{"confidence_interval":{"confidence_level":0.95,"lower_bound":298.4195850321968,"upper_bound":984.946169777552},"point_estimate":651.2413645877384,"standard_error":203.27021588223556}}