{"Mean":{"confidence_interval":{"confidence_level":0.95,"lower_bound":4118802.1847617845,"upper_bound":4121709.870285224},"point_estimate":4120341.050210446,"standard_error":742.2264317512687},"Median":{"confidence_interval":{"confidence_level":0.95,"lower_bound":4119754.4238095237,"upper_bound":4122254.4875},"point_estimate":4121229.47979798,"standard_error":683.5990930573003},"MedianAbsDev":{"confidence_interval":{"confidence_level":0.95,"lower_bound":1710.2099571372437,"upper_bound":4695.48859605007},"point_estimate":3113.4604795735113,"standard_error":739.1566437277271},"Slope":{"confidence_interval":{"confidence_level":0.95,"lower_bound":4120784.434013488,"upper_bound":4122913.09429577},"point_estimate":4121890.423197603,"standard_error":543.1040421836032},"StdDev":{"confidence_interval":{"confidence_level":0.95,"lower_bound":2525.5946664091884,"upper_bound":5371.856953114356},"point_estimate":4135.518714952204,"standard_error":732.4246178420021}}