{"Mean":{"confidence_interval":{"confidence_level":0.95,"lower_bound":1866589.0021409534,"upper_bound":1868699.1215968968},"point_estimate":1867588.037303295,"standard_error":535.1433206847317},"Median":{"confidence_interval":{"confidence_level":0.95,"lower_bound":1867119.8659420288,"upper_bound":1868263.0478927204},"point_estimate":1867684.6225071223,"standard_error":310.3486821843434},"MedianAbsDev":{"confidence_interval":{"confidence_level":0.95,"lower_bound":835.5156851665657,"upper_bound":2562.2879607601803},"point_estimate":1618.1735846364113,"standard_error":446.53741371410814},"Slope":{"confidence_interval":{"confidence_level":0.95,"lower_bound":1867539.454383828,"upper_bound":1868468.47505016},"point_estimate":1868026.862647629,"standard_error":236.31047395292003},"StdDev":{"confidence_interval":{"confidence_level":0.95,"lower_bound":1471.280225014315,"upper_bound":4293.927197503508},"point_estimate":2990.452882580732,"standard_error":748.2786925654042}}