{"Mean":{"confidence_interval":{"confidence_level":0.95,"lower_bound":1083022.401673019,"upper_bound":1083860.1314682174},"point_estimate":1083405.143191192,"standard_error":214.53214565047853},"Median":{"confidence_interval":{"confidence_level":0.95,"lower_bound":1082733.6873040753,"upper_bound":1083807.701388889},"point_estimate":1083209.0352564103,"standard_error":257.9603457049174},"MedianAbsDev":{"confidence_interval":{"confidence_level":0.95,"lower_bound":640.248798662115,"upper_bound":1388.7939962543821},"point_estimate":1161.8336438677447,"standard_error":202.21528965174127},"Slope":{"confidence_interval":{"confidence_level":0.95,"lower_bound":1082815.5805664957,"upper_bound":1083507.4857436977},"point_estimate":1083131.2464187085,"standard_error":175.83303400238992},"StdDev":{"confidence_interval":{"confidence_level":0.95,"lower_bound":701.6586602748173,"upper_bound":1722.4991880977377},"point_estimate":1199.778516422456,"standard_error":302.1088262276652}}