{"Mean":{"confidence_interval":{"confidence_level":0.95,"lower_bound":609.4535128250726,"upper_bound":610.9346348680605},"point_estimate":610.1272213776615,"standard_error":0.38082818235719773},"Median":{"confidence_interval":{"confidence_level":0.95,"lower_bound":608.9188316847737,"upper_bound":610.3303519254214},"point_estimate":609.0756507964227,"standard_error":0.40565814460419375},"MedianAbsDev":{"confidence_interval":{"confidence_level":0.95,"lower_bound":0.28094538926128576,"upper_bound":2.1450682369836436},"point_estimate":0.6752058775176799,"standard_error":0.49323853843795584},"Slope":{"confidence_interval":{"confidence_level":0.95,"lower_bound":609.2867623745572,"upper_bound":610.3997925792345},"point_estimate":609.834981605322,"standard_error":0.2856282806773485},"StdDev":{"confidence_interval":{"confidence_level":0.95,"lower_bound":1.069789457532385,"upper_bound":2.941760699268987},"point_estimate":2.1203476234864818,"standard_error":0.49554072760505724}}