{"Mean":{"confidence_interval":{"confidence_level":0.95,"lower_bound":13865498.805662699,"upper_bound":13916040.048892548},"point_estimate":13891380.468748765,"standard_error":12851.5341950328},"Median":{"confidence_interval":{"confidence_level":0.95,"lower_bound":13874777.310526315,"upper_bound":13924020.076086957},"point_estimate":13896720.56456044,"standard_error":14505.670803061856},"MedianAbsDev":{"confidence_interval":{"confidence_level":0.95,"lower_bound":32909.15998468571,"upper_bound":89182.78487123457},"point_estimate":56335.659376312055,"standard_error":14762.94316421391},"Slope":{"confidence_interval":{"confidence_level":0.95,"lower_bound":13887765.0690342,"upper_bound":13922210.734105464},"point_estimate":13904817.165203596,"standard_error":8781.472186924495},"StdDev":{"confidence_interval":{"confidence_level":0.95,"lower_bound":48192.77591564203,"upper_bound":90541.32306090517},"point_estimate":71307.97249396,"standard_error":10902.556931196172}}