{"Mean":{"confidence_interval":{"confidence_level":0.95,"lower_bound":425.48226843794214,"upper_bound":425.5132085536068},"point_estimate":425.4962246728979,"standard_error":0.007938830574145348},"Median":{"confidence_interval":{"confidence_level":0.95,"lower_bound":425.48370328952575,"upper_bound":425.5000075958343},"point_estimate":425.4909047468247,"standard_error":0.004326305420255227},"MedianAbsDev":{"confidence_interval":{"confidence_level":0.95,"lower_bound":0.012229786079043563,"upper_bound":0.03532434560895216},"point_estimate":0.025461751514599947,"standard_error":0.005988677004538395},"Slope":{"confidence_interval":{"confidence_level":0.95,"lower_bound":425.47796067276715,"upper_bound":425.49770343016775},"point_estimate":425.4878037259944,"standard_error":0.005029464803888528},"StdDev":{"confidence_interval":{"confidence_level":0.95,"lower_bound":0.020197623193801962,"upper_bound":0.06374202435791791},"point_estimate":0.04422813788706498,"standard_error":0.011750842143204356}}