{"Mean":{"confidence_interval":{"confidence_level":0.95,"lower_bound":438.31054240663195,"upper_bound":438.5469874717291},"point_estimate":438.4114918730085,"standard_error":0.061083973357664786},"Median":{"confidence_interval":{"confidence_level":0.95,"lower_bound":438.24308199219513,"upper_bound":438.37520251444107},"point_estimate":438.2658809766516,"standard_error":0.03497549463325888},"MedianAbsDev":{"confidence_interval":{"confidence_level":0.95,"lower_bound":0.030556629426915494,"upper_bound":0.219749431055333},"point_estimate":0.06924007474582398,"standard_error":0.04867046991224909},"Slope":{"confidence_interval":{"confidence_level":0.95,"lower_bound":438.32842820689126,"upper_bound":438.51633724404763},"point_estimate":438.42309947166444,"standard_error":0.04793918403371855},"StdDev":{"confidence_interval":{"confidence_level":0.95,"lower_bound":0.141457064438139,"upper_bound":0.5134560608699054},"point_estimate":0.34072124438044593,"standard_error":0.1123690528283532}}