{"Mean":{"confidence_interval":{"confidence_level":0.95,"lower_bound":13611436.689232087,"upper_bound":13626577.598290345},"point_estimate":13619204.87436225,"standard_error":3863.0719658869853},"Median":{"confidence_interval":{"confidence_level":0.95,"lower_bound":13611958.83974359,"upper_bound":13631899.37745098},"point_estimate":13620435.403947368,"standard_error":6108.229711534541},"MedianAbsDev":{"confidence_interval":{"confidence_level":0.95,"lower_bound":12505.565818365227,"upper_bound":30321.495559338204},"point_estimate":21028.95975166173,"standard_error":4402.266957236181},"Slope":{"confidence_interval":{"confidence_level":0.95,"lower_bound":13627102.448372057,"upper_bound":13636783.531731315},"point_estimate":13632420.065785298,"standard_error":2463.178760243368},"StdDev":{"confidence_interval":{"confidence_level":0.95,"lower_bound":15524.320070166981,"upper_bound":26712.304193120486},"point_estimate":21551.282454675267,"standard_error":2891.3333139611914}}