{"Mean":{"confidence_interval":{"confidence_level":0.95,"lower_bound":395.6982765718552,"upper_bound":396.83913130496404},"point_estimate":396.1050354779771,"standard_error":0.33986110753804394},"Median":{"confidence_interval":{"confidence_level":0.95,"lower_bound":395.66262988725725,"upper_bound":395.70491312224226},"point_estimate":395.67768296380416,"standard_error":0.01282641410221537},"MedianAbsDev":{"confidence_interval":{"confidence_level":0.95,"lower_bound":0.033346687852413556,"upper_bound":0.11767471948904085},"point_estimate":0.06858545892368016,"standard_error":0.023609861437570063},"Slope":{"confidence_interval":{"confidence_level":0.95,"lower_bound":395.68556975101484,"upper_bound":395.8433423303174},"point_estimate":395.75521822044027,"standard_error":0.04056994968558589},"StdDev":{"confidence_interval":{"confidence_level":0.95,"lower_bound":0.15209029525466833,"upper_bound":3.155328939657223},"point_estimate":1.8920513579567213,"standard_error":1.0505815000534704}}