{"Mean":{"confidence_interval":{"confidence_level":0.95,"lower_bound":32175550.602564897,"upper_bound":32394193.843654837},"point_estimate":32294973.062967256,"standard_error":56213.142277033905},"Median":{"confidence_interval":{"confidence_level":0.95,"lower_bound":32260520.066666666,"upper_bound":32426983.0547504},"point_estimate":32330792.60606061,"standard_error":32633.234900870197},"MedianAbsDev":{"confidence_interval":{"confidence_level":0.95,"lower_bound":105352.48542211969,"upper_bound":286186.272919178},"point_estimate":182049.80981796887,"standard_error":45184.91954198598},"Slope":{"confidence_interval":{"confidence_level":0.95,"lower_bound":32265047.737985,"upper_bound":32400137.321591746},"point_estimate":32329330.094024327,"standard_error":34505.881260095186},"StdDev":{"confidence_interval":{"confidence_level":0.95,"lower_bound":157419.91694601293,"upper_bound":450249.3979477528},"point_estimate":313227.5273817027,"standard_error":79846.52394659857}}