{"Mean":{"confidence_interval":{"confidence_level":0.95,"lower_bound":17617334.65295713,"upper_bound":17708771.42196039},"point_estimate":17665952.681918066,"standard_error":23334.549787022814},"Median":{"confidence_interval":{"confidence_level":0.95,"lower_bound":17649314.25357143,"upper_bound":17728356.002136752},"point_estimate":17702477.245726496,"standard_error":24479.561663869765},"MedianAbsDev":{"confidence_interval":{"confidence_level":0.95,"lower_bound":51301.73389251155,"upper_bound":146789.08506140744},"point_estimate":96429.73546803017,"standard_error":25932.571942562303},"Slope":{"confidence_interval":{"confidence_level":0.95,"lower_bound":17655156.467359226,"upper_bound":17714819.822907172},"point_estimate":17684745.211845584,"standard_error":15168.546063226486},"StdDev":{"confidence_interval":{"confidence_level":0.95,"lower_bound":77948.28321485883,"upper_bound":173589.38940612238},"point_estimate":130371.82334999138,"standard_error":25031.832119963048}}