{"Mean":{"confidence_interval":{"confidence_level":0.95,"lower_bound":4150747.999967177,"upper_bound":4154976.65982899},"point_estimate":4152626.543715571,"standard_error":1087.5005477652996},"Median":{"confidence_interval":{"confidence_level":0.95,"lower_bound":4150554.2201754386,"upper_bound":4152543.9104938274},"point_estimate":4151773.9555555554,"standard_error":595.356099575405},"MedianAbsDev":{"confidence_interval":{"confidence_level":0.95,"lower_bound":1340.5106123120092,"upper_bound":3349.316890537969},"point_estimate":2160.8765183031755,"standard_error":523.430377297815},"Slope":{"confidence_interval":{"confidence_level":0.95,"lower_bound":4150713.884326656,"upper_bound":4152761.685951549},"point_estimate":4151751.2417768375,"standard_error":519.7537078812685},"StdDev":{"confidence_interval":{"confidence_level":0.95,"lower_bound":2032.5505957570979,"upper_bound":8934.616407238684},"point_estimate":6076.1000716367535,"standard_error":1793.0409351443527}}