{"Mean":{"confidence_interval":{"confidence_level":0.95,"lower_bound":1116511.002756168,"upper_bound":1117700.5110137},"point_estimate":1117022.2919176423,"standard_error":307.4050989414104},"Median":{"confidence_interval":{"confidence_level":0.95,"lower_bound":1116245.1782967034,"upper_bound":1117311.586111111},"point_estimate":1116653.8897435898,"standard_error":251.56063533950172},"MedianAbsDev":{"confidence_interval":{"confidence_level":0.95,"lower_bound":646.9169467666433,"upper_bound":1497.8976696570185},"point_estimate":1034.0284501718002,"standard_error":211.09459164443834},"Slope":{"confidence_interval":{"confidence_level":0.95,"lower_bound":1116125.495403314,"upper_bound":1117003.9862669539},"point_estimate":1116536.08209413,"standard_error":224.07914508318254},"StdDev":{"confidence_interval":{"confidence_level":0.95,"lower_bound":767.217308632102,"upper_bound":2625.897749049199},"point_estimate":1711.7853671283121,"standard_error":577.2152039575002}}