{"Mean":{"confidence_interval":{"confidence_level":0.95,"lower_bound":943.4558790042564,"upper_bound":944.9373733450548},"point_estimate":944.2023187090747,"standard_error":0.37762723289147054},"Median":{"confidence_interval":{"confidence_level":0.95,"lower_bound":943.791645329622,"upper_bound":945.0556320330109},"point_estimate":944.4054772622485,"standard_error":0.3756095257135818},"MedianAbsDev":{"confidence_interval":{"confidence_level":0.95,"lower_bound":0.9211914675004108,"upper_bound":3.0049483954010268},"point_estimate":1.7495787573922512,"standard_error":0.5602218726295591},"Slope":{"confidence_interval":{"confidence_level":0.95,"lower_bound":944.0513877805488,"upper_bound":945.6402216337991},"point_estimate":944.8523015889556,"standard_error":0.40429834243505003},"StdDev":{"confidence_interval":{"confidence_level":0.95,"lower_bound":1.5189449941126885,"upper_bound":2.5725826644826353},"point_estimate":2.1069555979475907,"standard_error":0.26947659830825577}}