{"Mean":{"confidence_interval":{"confidence_level":0.95,"lower_bound":3563335.1269632904,"upper_bound":3566461.67812514},"point_estimate":3564811.9548403993,"standard_error":797.4181206118802},"Median":{"confidence_interval":{"confidence_level":0.95,"lower_bound":3562749.0629629632,"upper_bound":3565879.8651960786},"point_estimate":3563873.2088122605,"standard_error":744.0204470443256},"MedianAbsDev":{"confidence_interval":{"confidence_level":0.95,"lower_bound":1836.2760981687604,"upper_bound":4613.881319198499},"point_estimate":3105.90411228025,"standard_error":674.1957481510254},"Slope":{"confidence_interval":{"confidence_level":0.95,"lower_bound":3563395.0958898147,"upper_bound":3565632.7574120564},"point_estimate":3564489.2412480167,"standard_error":570.1752139266747},"StdDev":{"confidence_interval":{"confidence_level":0.95,"lower_bound":2673.8874993626455,"upper_bound":5935.743505361805},"point_estimate":4449.492327003254,"standard_error":854.2988924079591}}