{"Mean":{"confidence_interval":{"confidence_level":0.95,"lower_bound":15979489.529725881,"upper_bound":15990651.196949642},"point_estimate":15984813.154541854,"standard_error":2843.866224264766},"Median":{"confidence_interval":{"confidence_level":0.95,"lower_bound":15979698.476406533,"upper_bound":15989222.90993266},"point_estimate":15983633.98181818,"standard_error":2538.7664670866325},"MedianAbsDev":{"confidence_interval":{"confidence_level":0.95,"lower_bound":5635.844933278707,"upper_bound":14350.037125801508},"point_estimate":8794.457798874142,"standard_error":2351.572999294157},"Slope":{"confidence_interval":{"confidence_level":0.95,"lower_bound":15982459.273261769,"upper_bound":15990074.809342863},"point_estimate":15986335.516340561,"standard_error":1945.479177122335},"StdDev":{"confidence_interval":{"confidence_level":0.95,"lower_bound":8792.657957640626,"upper_bound":21580.32822308783},"point_estimate":15850.51163232625,"standard_error":3318.819086052128}}