{"Mean":{"confidence_interval":{"confidence_level":0.95,"lower_bound":6456189.02914056,"upper_bound":6492350.079582359},"point_estimate":6473075.586430188,"standard_error":9210.460108044266},"Median":{"confidence_interval":{"confidence_level":0.95,"lower_bound":6449863.52368421,"upper_bound":6453937.177018633},"point_estimate":6451899.810576923,"standard_error":1205.5211846337652},"MedianAbsDev":{"confidence_interval":{"confidence_level":0.95,"lower_bound":2777.557289423376,"upper_bound":9429.922695085637},"point_estimate":6086.122990796338,"standard_error":1840.9927325883618},"Slope":{"confidence_interval":{"confidence_level":0.95,"lower_bound":6449755.093952631,"upper_bound":6454136.333827762},"point_estimate":6451806.292279217,"standard_error":1109.9291046564827},"StdDev":{"confidence_interval":{"confidence_level":0.95,"lower_bound":27391.241578517667,"upper_bound":64541.09663428926},"point_estimate":51239.81483879811,"standard_error":9623.6934099315}}