{"Mean":{"confidence_interval":{"confidence_level":0.95,"lower_bound":788.1997296408426,"upper_bound":789.3458536386721},"point_estimate":788.7620667423867,"standard_error":0.29376641847653623},"Median":{"confidence_interval":{"confidence_level":0.95,"lower_bound":787.4784983873333,"upper_bound":789.2861829888091},"point_estimate":788.7076207847163,"standard_error":0.4589722850376848},"MedianAbsDev":{"confidence_interval":{"confidence_level":0.95,"lower_bound":0.977074070030598,"upper_bound":2.5838269516356043},"point_estimate":2.085857723737835,"standard_error":0.4073290644634387},"Slope":{"confidence_interval":{"confidence_level":0.95,"lower_bound":788.6368531790673,"upper_bound":789.7502013514744},"point_estimate":789.2170850030674,"standard_error":0.28508151818733696},"StdDev":{"confidence_interval":{"confidence_level":0.95,"lower_bound":1.2522469569747123,"upper_bound":1.915035766483876},"point_estimate":1.6309162560308914,"standard_error":0.16945965883092956}}