{"Mean":{"confidence_interval":{"confidence_level":0.95,"lower_bound":401.65254196084356,"upper_bound":403.644207934919},"point_estimate":402.3596395502546,"standard_error":0.596565157558788},"Median":{"confidence_interval":{"confidence_level":0.95,"lower_bound":401.78058017258934,"upper_bound":401.808922584103},"point_estimate":401.788069823208,"standard_error":0.009931573526014098},"MedianAbsDev":{"confidence_interval":{"confidence_level":0.95,"lower_bound":0.01484709566117561,"upper_bound":0.1221337178238723},"point_estimate":0.03424796173440331,"standard_error":0.05517117390169379},"Slope":{"confidence_interval":{"confidence_level":0.95,"lower_bound":401.51011051228716,"upper_bound":401.8202378539557},"point_estimate":401.66750132531456,"standard_error":0.07918261124097557},"StdDev":{"confidence_interval":{"confidence_level":0.95,"lower_bound":0.22329993198063539,"upper_bound":5.537172414974427},"point_estimate":3.3184351446542366,"standard_error":1.8514755033591361}}