{"Mean":{"confidence_interval":{"confidence_level":0.95,"lower_bound":15997112.391142609,"upper_bound":16075239.304809045},"point_estimate":16033018.120357178,"standard_error":19990.478942720678},"Median":{"confidence_interval":{"confidence_level":0.95,"lower_bound":16008397.156565657,"upper_bound":16054547.507058823},"point_estimate":16041524.819444444,"standard_error":10954.694856608516},"MedianAbsDev":{"confidence_interval":{"confidence_level":0.95,"lower_bound":21851.363376650163,"upper_bound":125317.31264055656},"point_estimate":55178.25736697993,"standard_error":26734.929046190027},"Slope":{"confidence_interval":{"confidence_level":0.95,"lower_bound":16021595.26407523,"upper_bound":16068331.953598296},"point_estimate":16045935.88778424,"standard_error":11901.3709664913},"StdDev":{"confidence_interval":{"confidence_level":0.95,"lower_bound":60297.08981207061,"upper_bound":163205.6898361108},"point_estimate":111583.0533971165,"standard_error":29485.3789092591}}