{"Mean":{"confidence_interval":{"confidence_level":0.95,"lower_bound":483.8274075988689,"upper_bound":483.850083507623},"point_estimate":483.83831320478686,"standard_error":0.005784638464316985},"Median":{"confidence_interval":{"confidence_level":0.95,"lower_bound":483.8253661257726,"upper_bound":483.8406333051071},"point_estimate":483.8319436944707,"standard_error":0.00360008781642672},"MedianAbsDev":{"confidence_interval":{"confidence_level":0.95,"lower_bound":0.010317567788875754,"upper_bound":0.04596640335980602},"point_estimate":0.018761182713052826,"standard_error":0.009576308141316422},"Slope":{"confidence_interval":{"confidence_level":0.95,"lower_bound":483.8143160650687,"upper_bound":483.84426197572714},"point_estimate":483.8267760903355,"standard_error":0.007685791161953583},"StdDev":{"confidence_interval":{"confidence_level":0.95,"lower_bound":0.02217496298077502,"upper_bound":0.03895308343663687},"point_estimate":0.03225586479446338,"standard_error":0.004311451985637124}}