{"Mean":{"confidence_interval":{"confidence_level":0.95,"lower_bound":463.22032399825747,"upper_bound":465.86212716585237},"point_estimate":464.2033210191359,"standard_error":0.7409392641723699},"Median":{"confidence_interval":{"confidence_level":0.95,"lower_bound":462.9985271414778,"upper_bound":463.69685719357415},"point_estimate":463.1673802100015,"standard_error":0.17097246767666346},"MedianAbsDev":{"confidence_interval":{"confidence_level":0.95,"lower_bound":0.2262513612382187,"upper_bound":0.8767918806112514},"point_estimate":0.528323005759482,"standard_error":0.17401739133798758},"Slope":{"confidence_interval":{"confidence_level":0.95,"lower_bound":463.242560139264,"upper_bound":463.7605202469768},"point_estimate":463.49496574117484,"standard_error":0.13220738334518692},"StdDev":{"confidence_interval":{"confidence_level":0.95,"lower_bound":0.45973885957854715,"upper_bound":6.7916082263021},"point_estimate":4.132573788297073,"standard_error":2.0837631957122933}}