{"Mean":{"confidence_interval":{"confidence_level":0.95,"lower_bound":113028.4793611286,"upper_bound":113144.33276107714},"point_estimate":113079.10719393058,"standard_error":29.839303547763226},"Median":{"confidence_interval":{"confidence_level":0.95,"lower_bound":113002.49008327855,"upper_bound":113074.76602564103},"point_estimate":113051.32500880127,"standard_error":21.58263761041842},"MedianAbsDev":{"confidence_interval":{"confidence_level":0.95,"lower_bound":47.538712809867945,"upper_bound":136.43547319556282},"point_estimate":94.33434366177273,"standard_error":23.28750654265439},"Slope":{"confidence_interval":{"confidence_level":0.95,"lower_bound":112979.67106722118,"upper_bound":113021.34885290008},"point_estimate":112997.67897734206,"standard_error":10.655408848667616},"StdDev":{"confidence_interval":{"confidence_level":0.95,"lower_bound":64.60533802103484,"upper_bound":246.39223768938243},"point_estimate":166.76534765971593,"standard_error":49.394597543920135}}