{"Mean":{"confidence_interval":{"confidence_level":0.95,"lower_bound":385.1827633440018,"upper_bound":386.84489107038155},"point_estimate":385.93202490310506,"standard_error":0.42655307738569725},"Median":{"confidence_interval":{"confidence_level":0.95,"lower_bound":384.81361441535904,"upper_bound":385.0355376382963},"point_estimate":384.8281354585588,"standard_error":0.07618539701230143},"MedianAbsDev":{"confidence_interval":{"confidence_level":0.95,"lower_bound":0.025600872767654596,"upper_bound":0.5414843724013948},"point_estimate":0.07521533706263944,"standard_error":0.13570577935924372},"Slope":{"confidence_interval":{"confidence_level":0.95,"lower_bound":384.9418385769801,"upper_bound":385.8042397838299},"point_estimate":385.2723246533287,"standard_error":0.22442824195305372},"StdDev":{"confidence_interval":{"confidence_level":0.95,"lower_bound":1.0456906517262434,"upper_bound":3.1682209460547233},"point_estimate":2.3699734862453594,"standard_error":0.5319456747072959}}