{"Mean":{"confidence_interval":{"confidence_level":0.95,"lower_bound":158559.66225703378,"upper_bound":158767.82354051655},"point_estimate":158664.8932437148,"standard_error":53.19006194093055},"Median":{"confidence_interval":{"confidence_level":0.95,"lower_bound":158476.54583333334,"upper_bound":158865.76417709707},"point_estimate":158699.63231943495,"standard_error":80.09273545649776},"MedianAbsDev":{"confidence_interval":{"confidence_level":0.95,"lower_bound":212.47903726987857,"upper_bound":442.18825010415367},"point_estimate":360.2602943616877,"standard_error":56.17797847937945},"Slope":{"confidence_interval":{"confidence_level":0.95,"lower_bound":158774.33687804214,"upper_bound":158930.58787742336},"point_estimate":158865.45982244442,"standard_error":39.94582940784409},"StdDev":{"confidence_interval":{"confidence_level":0.95,"lower_bound":230.76391748913827,"upper_bound":345.697103415913},"point_estimate":295.95673894915694,"standard_error":29.389298782620937}}