{"Mean":{"confidence_interval":{"confidence_level":0.95,"lower_bound":20254432.785433333,"upper_bound":20266934.068310697},"point_estimate":20260359.250672694,"standard_error":3197.6865905374034},"Median":{"confidence_interval":{"confidence_level":0.95,"lower_bound":20251329.28333333,"upper_bound":20261759.063938618},"point_estimate":20255361.708333336,"standard_error":2785.9637078280352},"MedianAbsDev":{"confidence_interval":{"confidence_level":0.95,"lower_bound":6830.813271030283,"upper_bound":21311.33981704099},"point_estimate":12670.478346057736,"standard_error":3496.1904818062862},"Slope":{"confidence_interval":{"confidence_level":0.95,"lower_bound":20250294.38805993,"upper_bound":20256045.557465564},"point_estimate":20253005.0616605,"standard_error":1464.765389314309},"StdDev":{"confidence_interval":{"confidence_level":0.95,"lower_bound":11644.143828651017,"upper_bound":22574.46373461523},"point_estimate":17835.732285994425,"standard_error":2800.3084375306953}}