{"Mean":{"confidence_interval":{"confidence_level":0.95,"lower_bound":567.2571743257228,"upper_bound":567.3391254293456},"point_estimate":567.2911424990909,"standard_error":0.02130770994081117},"Median":{"confidence_interval":{"confidence_level":0.95,"lower_bound":567.2378801678899,"upper_bound":567.2978636310361},"point_estimate":567.2727749208861,"standard_error":0.014346700010786449},"MedianAbsDev":{"confidence_interval":{"confidence_level":0.95,"lower_bound":0.03539212012270599,"upper_bound":0.08881915506863657},"point_estimate":0.05993186932927611,"standard_error":0.014075747203136115},"Slope":{"confidence_interval":{"confidence_level":0.95,"lower_bound":567.2506222068916,"upper_bound":567.3003918172526},"point_estimate":567.2743011310516,"standard_error":0.012784623891937751},"StdDev":{"confidence_interval":{"confidence_level":0.95,"lower_bound":0.04624552866122789,"upper_bound":0.18646038109867524},"point_estimate":0.11837637151105278,"standard_error":0.04448869446669181}}