{"Mean":{"confidence_interval":{"confidence_level":0.95,"lower_bound":380.5895037775875,"upper_bound":381.0888764007367},"point_estimate":380.80023434402375,"standard_error":0.12985538132540445},"Median":{"confidence_interval":{"confidence_level":0.95,"lower_bound":380.53120867975707,"upper_bound":380.75485927341526},"point_estimate":380.62767439117874,"standard_error":0.057210197033130926},"MedianAbsDev":{"confidence_interval":{"confidence_level":0.95,"lower_bound":0.14481417116438955,"upper_bound":0.41775620757245036},"point_estimate":0.2289123469000794,"standard_error":0.07177988181867925},"Slope":{"confidence_interval":{"confidence_level":0.95,"lower_bound":380.54673333849644,"upper_bound":380.7689479908848},"point_estimate":380.65100145063207,"standard_error":0.05661223799527208},"StdDev":{"confidence_interval":{"confidence_level":0.95,"lower_bound":0.2372088810419462,"upper_bound":1.1216050178168204},"point_estimate":0.7284025134128657,"standard_error":0.2621415268324621}}