{"Mean":{"confidence_interval":{"confidence_level":0.95,"lower_bound":223292.81670902413,"upper_bound":223607.52600352946},"point_estimate":223447.80693260563,"standard_error":80.23092492102808},"Median":{"confidence_interval":{"confidence_level":0.95,"lower_bound":223236.35520833335,"upper_bound":223596.9088990661},"point_estimate":223304.01915849673,"standard_error":109.52364325990978},"MedianAbsDev":{"confidence_interval":{"confidence_level":0.95,"lower_bound":96.52727692411277,"upper_bound":540.3275787326439},"point_estimate":327.51831754434755,"standard_error":120.07577439967291},"Slope":{"confidence_interval":{"confidence_level":0.95,"lower_bound":223314.24095829707,"upper_bound":223560.90317896166},"point_estimate":223442.57910937775,"standard_error":62.66494285912378},"StdDev":{"confidence_interval":{"confidence_level":0.95,"lower_bound":305.9350084399334,"upper_bound":553.2922816192756},"point_estimate":445.2878435484893,"standard_error":63.13451256138633}}