{"Mean":{"confidence_interval":{"confidence_level":0.95,"lower_bound":1343.4222553245343,"upper_bound":1348.0359645474573},"point_estimate":1345.4246016461218,"standard_error":1.1916262124188195},"Median":{"confidence_interval":{"confidence_level":0.95,"lower_bound":1342.9555508567828,"upper_bound":1345.5186089077101},"point_estimate":1344.4933625328495,"standard_error":0.7148681888409953},"MedianAbsDev":{"confidence_interval":{"confidence_level":0.95,"lower_bound":1.600226496667023,"upper_bound":5.623388256086968},"point_estimate":4.130152582913434,"standard_error":1.1046926970123467},"Slope":{"confidence_interval":{"confidence_level":0.95,"lower_bound":1343.3575445464905,"upper_bound":1346.7609767885408},"point_estimate":1344.9160753891492,"standard_error":0.8700576591680015},"StdDev":{"confidence_interval":{"confidence_level":0.95,"lower_bound":2.8521191333696336,"upper_bound":10.085242823927677},"point_estimate":6.646239992206341,"standard_error":2.16954009119577}}