{"Mean":{"confidence_interval":{"confidence_level":0.95,"lower_bound":696264.773346857,"upper_bound":697200.1896011365},"point_estimate":696651.7408885952,"standard_error":245.34512519761287},"Median":{"confidence_interval":{"confidence_level":0.95,"lower_bound":696210.5584077381,"upper_bound":696600.7356977513},"point_estimate":696359.6606396321,"standard_error":105.99483526860561},"MedianAbsDev":{"confidence_interval":{"confidence_level":0.95,"lower_bound":292.7969234129363,"upper_bound":914.4249728282362},"point_estimate":731.2336319698978,"standard_error":172.65881126101928},"Slope":{"confidence_interval":{"confidence_level":0.95,"lower_bound":696219.4115440862,"upper_bound":696618.2619000749},"point_estimate":696430.3141195135,"standard_error":102.0116964757694},"StdDev":{"confidence_interval":{"confidence_level":0.95,"lower_bound":482.4577720195179,"upper_bound":2158.7314641199964},"point_estimate":1368.1350569792014,"standard_error":531.1295114151113}}