{"Mean":{"confidence_interval":{"confidence_level":0.95,"lower_bound":1434.2342858027016,"upper_bound":1435.288109058786},"point_estimate":1434.7461588706437,"standard_error":0.26911666273834023},"Median":{"confidence_interval":{"confidence_level":0.95,"lower_bound":1433.770109835128,"upper_bound":1435.199339414682},"point_estimate":1434.4479699916903,"standard_error":0.39711029249276336},"MedianAbsDev":{"confidence_interval":{"confidence_level":0.95,"lower_bound":0.7947529722540362,"upper_bound":2.2452524380319803},"point_estimate":1.329448600620799,"standard_error":0.35623035984481677},"Slope":{"confidence_interval":{"confidence_level":0.95,"lower_bound":1434.776126532425,"upper_bound":1436.2973125737146},"point_estimate":1435.6335122057399,"standard_error":0.38907967796976617},"StdDev":{"confidence_interval":{"confidence_level":0.95,"lower_bound":1.1275322572675093,"upper_bound":1.76862335531902},"point_estimate":1.5033125312555822,"standard_error":0.16343449386961362}}