{"Mean":{"confidence_interval":{"confidence_level":0.95,"lower_bound":1351.5650032420338,"upper_bound":1353.8135512332915},"point_estimate":1352.6840347387404,"standard_error":0.5741133348018872},"Median":{"confidence_interval":{"confidence_level":0.95,"lower_bound":1351.0673560697815,"upper_bound":1354.4428870208294},"point_estimate":1352.6001541074347,"standard_error":0.8598743916031506},"MedianAbsDev":{"confidence_interval":{"confidence_level":0.95,"lower_bound":2.1845025273549137,"upper_bound":5.02414897777203},"point_estimate":4.003243745760232,"standard_error":0.7393175590266302},"Slope":{"confidence_interval":{"confidence_level":0.95,"lower_bound":1351.3294209512244,"upper_bound":1353.4654827505},"point_estimate":1352.378052176757,"standard_error":0.5423969962569337},"StdDev":{"confidence_interval":{"confidence_level":0.95,"lower_bound":2.5494778072801347,"upper_bound":3.6882506061707487},"point_estimate":3.2005137232749883,"standard_error":0.29098469758487305}}