{"Mean":{"confidence_interval":{"confidence_level":0.95,"lower_bound":15967674.776630102,"upper_bound":15980598.148496041},"point_estimate":15973244.07921672,"standard_error":3336.795449844638},"Median":{"confidence_interval":{"confidence_level":0.95,"lower_bound":15965188.327272728,"upper_bound":15975201.365789473},"point_estimate":15972083.533769064,"standard_error":3605.213580528541},"MedianAbsDev":{"confidence_interval":{"confidence_level":0.95,"lower_bound":6069.986975240775,"upper_bound":16139.174320367692},"point_estimate":10371.431718606511,"standard_error":2528.8530708826706},"Slope":{"confidence_interval":{"confidence_level":0.95,"lower_bound":15966604.827936448,"upper_bound":15973271.091919696},"point_estimate":15969839.910523532,"standard_error":1710.509475541206},"StdDev":{"confidence_interval":{"confidence_level":0.95,"lower_bound":8137.653380240788,"upper_bound":28546.615392562202},"point_estimate":18558.183127413133,"standard_error":6306.4759521855885}}