{"Mean":{"confidence_interval":{"confidence_level":0.95,"lower_bound":1185859.0287123283,"upper_bound":1189203.8184377416},"point_estimate":1187511.220164225,"standard_error":852.7644488403877},"Median":{"confidence_interval":{"confidence_level":0.95,"lower_bound":1185856.6415343916,"upper_bound":1188936.796216475},"point_estimate":1186968.3718434344,"standard_error":995.9000411730256},"MedianAbsDev":{"confidence_interval":{"confidence_level":0.95,"lower_bound":2603.2714606006916,"upper_bound":6246.670148586695},"point_estimate":4925.250650892571,"standard_error":933.9761512644851},"Slope":{"confidence_interval":{"confidence_level":0.95,"lower_bound":1185640.7719222987,"upper_bound":1188281.0018088755},"point_estimate":1186960.6680886068,"standard_error":672.9766336013994},"StdDev":{"confidence_interval":{"confidence_level":0.95,"lower_bound":3422.5865733222595,"upper_bound":5801.905200192078},"point_estimate":4738.785832220344,"standard_error":610.6335775775999}}