{"Mean":{"confidence_interval":{"confidence_level":0.95,"lower_bound":115299.76854443576,"upper_bound":115370.50006136548},"point_estimate":115334.92406411596,"standard_error":18.051805304034076},"Median":{"confidence_interval":{"confidence_level":0.95,"lower_bound":115278.85236430237,"upper_bound":115377.5566941392},"point_estimate":115321.73858641359,"standard_error":23.74396775213161},"MedianAbsDev":{"confidence_interval":{"confidence_level":0.95,"lower_bound":48.946835617623286,"upper_bound":138.11259570971615},"point_estimate":88.59406909920443,"standard_error":22.41519027312696},"Slope":{"confidence_interval":{"confidence_level":0.95,"lower_bound":115274.38355314177,"upper_bound":115342.64325248053},"point_estimate":115308.61960588327,"standard_error":17.339498065157745},"StdDev":{"confidence_interval":{"confidence_level":0.95,"lower_bound":73.36143191785774,"upper_bound":122.43289048317726},"point_estimate":100.51084597961669,"standard_error":12.548603341426452}}