{"Mean":{"confidence_interval":{"confidence_level":0.95,"lower_bound":224202.75562536297,"upper_bound":224375.31541585448},"point_estimate":224289.14658170257,"standard_error":44.10721849753002},"Median":{"confidence_interval":{"confidence_level":0.95,"lower_bound":224203.32703703703,"upper_bound":224378.98898765433},"point_estimate":224304.26309523807,"standard_error":39.329639531139826},"MedianAbsDev":{"confidence_interval":{"confidence_level":0.95,"lower_bound":122.50270565848064,"upper_bound":374.00320435424067},"point_estimate":232.8791947544497,"standard_error":63.89196113508764},"Slope":{"confidence_interval":{"confidence_level":0.95,"lower_bound":224284.62372121442,"upper_bound":224416.20798701842},"point_estimate":224355.8424396263,"standard_error":33.51544025732179},"StdDev":{"confidence_interval":{"confidence_level":0.95,"lower_bound":182.84044223715907,"upper_bound":293.81184435191955},"point_estimate":245.5690514112223,"standard_error":28.285274902120932}}