{"Mean":{"confidence_interval":{"confidence_level":0.95,"lower_bound":809.9097186064411,"upper_bound":811.6842068453462},"point_estimate":810.7820406461211,"standard_error":0.45288949058239814},"Median":{"confidence_interval":{"confidence_level":0.95,"lower_bound":809.2073145189966,"upper_bound":811.868613290089},"point_estimate":810.5491034897041,"standard_error":0.6436553751579068},"MedianAbsDev":{"confidence_interval":{"confidence_level":0.95,"lower_bound":1.732105923314436,"upper_bound":3.9933851882211187},"point_estimate":3.0144713356001778,"standard_error":0.5922041171073491},"Slope":{"confidence_interval":{"confidence_level":0.95,"lower_bound":810.0399812325896,"upper_bound":811.5638006723836},"point_estimate":810.7322556074821,"standard_error":0.3878634047976218},"StdDev":{"confidence_interval":{"confidence_level":0.95,"lower_bound":1.9513726443271007,"upper_bound":2.960257586152439},"point_estimate":2.5163697218473766,"standard_error":0.25804656176430907}}