{"Mean":{"confidence_interval":{"confidence_level":0.95,"lower_bound":42198166.456061184,"upper_bound":42506271.023224205},"point_estimate":42347852.462602355,"standard_error":78725.57231805775},"Median":{"confidence_interval":{"confidence_level":0.95,"lower_bound":42145290.75369458,"upper_bound":42553481.268181816},"point_estimate":42385316.95,"standard_error":101806.13237267427},"MedianAbsDev":{"confidence_interval":{"confidence_level":0.95,"lower_bound":250049.65746345452,"upper_bound":564273.498175731},"point_estimate":401090.74293157394,"standard_error":78462.73491502609},"Slope":{"confidence_interval":{"confidence_level":0.95,"lower_bound":42198470.23827188,"upper_bound":42450831.21519783},"point_estimate":42324804.10713908,"standard_error":64531.61559168435},"StdDev":{"confidence_interval":{"confidence_level":0.95,"lower_bound":298226.37536437134,"upper_bound":575210.7543611701},"point_estimate":440068.21101639007,"standard_error":73095.6359900954}}