{"Mean":{"confidence_interval":{"confidence_level":0.95,"lower_bound":382.54538543205643,"upper_bound":382.84152310262874},"point_estimate":382.68621347100304,"standard_error":0.07567372895419756},"Median":{"confidence_interval":{"confidence_level":0.95,"lower_bound":382.3846963195475,"upper_bound":382.8158231497064},"point_estimate":382.48872082829655,"standard_error":0.13609851236967646},"MedianAbsDev":{"confidence_interval":{"confidence_level":0.95,"lower_bound":0.07790139048026133,"upper_bound":0.5676108588596936},"point_estimate":0.315303614304284,"standard_error":0.14313266435023597},"Slope":{"confidence_interval":{"confidence_level":0.95,"lower_bound":382.59126178117623,"upper_bound":382.9377230777421},"point_estimate":382.7666211432033,"standard_error":0.08812119772486664},"StdDev":{"confidence_interval":{"confidence_level":0.95,"lower_bound":0.28798926689690296,"upper_bound":0.5190113468468921},"point_estimate":0.4226362362114152,"standard_error":0.058906068068604225}}