{"Mean":{"confidence_interval":{"confidence_level":0.95,"lower_bound":-0.0037514100615245734,"upper_bound":0.011551481151268105},"point_estimate":0.006127832419453583,"standard_error":0.004716227598640727},"Median":{"confidence_interval":{"confidence_level":0.95,"lower_bound":0.00988000674446532,"upper_bound":0.011378341363010636},"point_estimate":0.010588248146682577,"standard_error":0.00038117318858373576}}