{"Mean":{"confidence_interval":{"confidence_level":0.95,"lower_bound":614.3891082604762,"upper_bound":615.7944341441344},"point_estimate":615.0537286858715,"standard_error":0.3586999278625789},"Median":{"confidence_interval":{"confidence_level":0.95,"lower_bound":614.5858108337039,"upper_bound":614.9720351479041},"point_estimate":614.8362053641042,"standard_error":0.12036347521672752},"MedianAbsDev":{"confidence_interval":{"confidence_level":0.95,"lower_bound":0.27300785392955,"upper_bound":1.8538147667086482},"point_estimate":0.41566821481882077,"standard_error":0.36371757105034613},"Slope":{"confidence_interval":{"confidence_level":0.95,"lower_bound":614.3773340661162,"upper_bound":615.6541231741267},"point_estimate":614.9451962547761,"standard_error":0.32758948311356806},"StdDev":{"confidence_interval":{"confidence_level":0.95,"lower_bound":1.0842569652989187,"upper_bound":2.6361568936883373},"point_estimate":2.0013245801313513,"standard_error":0.3943670325348189}}