{"Mean":{"confidence_interval":{"confidence_level":0.95,"lower_bound":-0.0035953930802397915,"upper_bound":-0.0017725639794018372},"point_estimate":-0.0026438829977322165,"standard_error":0.00046521757146216505},"Median":{"confidence_interval":{"confidence_level":0.95,"lower_bound":-0.004167951709805597,"upper_bound":-0.0010150385318683508},"point_estimate":-0.002432247081946226,"standard_error":0.0009663813840532445}}