{"Mean":{"confidence_interval":{"confidence_level":0.95,"lower_bound":1408047.2223757405,"upper_bound":1409208.917099527},"point_estimate":1408582.492722828,"standard_error":297.19555537592555},"Median":{"confidence_interval":{"confidence_level":0.95,"lower_bound":1407735.1598639456,"upper_bound":1408836.4523809524},"point_estimate":1408193.7311688312,"standard_error":257.38864497112354},"MedianAbsDev":{"confidence_interval":{"confidence_level":0.95,"lower_bound":743.5432177515115,"upper_bound":1865.3302407967576},"point_estimate":1374.618773171406,"standard_error":284.85055775483494},"Slope":{"confidence_interval":{"confidence_level":0.95,"lower_bound":1408221.633082844,"upper_bound":1409617.9021275116},"point_estimate":1408966.2491350004,"standard_error":357.1186320707646},"StdDev":{"confidence_interval":{"confidence_level":0.95,"lower_bound":981.1956088156235,"upper_bound":2231.2284851744603},"point_estimate":1654.166543737401,"standard_error":331.9081693601745}}