{"Mean":{"confidence_interval":{"confidence_level":0.95,"lower_bound":1783272.9245070212,"upper_bound":1786162.09917176},"point_estimate":1784731.6600207698,"standard_error":737.4945466966176},"Median":{"confidence_interval":{"confidence_level":0.95,"lower_bound":1782898.6142857145,"upper_bound":1786733.3464912279},"point_estimate":1785479.6636904762,"standard_error":975.6503130770684},"MedianAbsDev":{"confidence_interval":{"confidence_level":0.95,"lower_bound":2205.7095993023386,"upper_bound":5916.057799135626},"point_estimate":4117.369864401982,"standard_error":890.9429267642383},"Slope":{"confidence_interval":{"confidence_level":0.95,"lower_bound":1784575.3139902384,"upper_bound":1786978.6836532925},"point_estimate":1785879.6700687467,"standard_error":609.9778386175471},"StdDev":{"confidence_interval":{"confidence_level":0.95,"lower_bound":3104.817568349424,"upper_bound":4952.167448017434},"point_estimate":4128.980668392531,"standard_error":471.99868669729324}}