{"Mean":{"confidence_interval":{"confidence_level":0.95,"lower_bound":9084704.28392668,"upper_bound":9123624.494313305},"point_estimate":9105305.060109299,"standard_error":9969.564911257214},"Median":{"confidence_interval":{"confidence_level":0.95,"lower_bound":9090449.895833332,"upper_bound":9119916.515555557},"point_estimate":9110618.076149426,"standard_error":7927.89768836513},"MedianAbsDev":{"confidence_interval":{"confidence_level":0.95,"lower_bound":21291.713301779113,"upper_bound":57531.25075443677},"point_estimate":35675.20086038858,"standard_error":8657.24830580455},"Slope":{"confidence_interval":{"confidence_level":0.95,"lower_bound":9113702.386941671,"upper_bound":9142077.301594341},"point_estimate":9127692.223373877,"standard_error":7234.242725123202},"StdDev":{"confidence_interval":{"confidence_level":0.95,"lower_bound":31316.486822382245,"upper_bound":76516.62505089195},"point_estimate":55791.22246923601,"standard_error":11962.73414587129}}