{"Mean":{"confidence_interval":{"confidence_level":0.95,"lower_bound":1606059.9054479871,"upper_bound":1607496.249351416},"point_estimate":1606754.8312215735,"standard_error":365.5481580126802},"Median":{"confidence_interval":{"confidence_level":0.95,"lower_bound":1606043.683982684,"upper_bound":1607398.3861717102},"point_estimate":1606902.982482993,"standard_error":439.9104246207869},"MedianAbsDev":{"confidence_interval":{"confidence_level":0.95,"lower_bound":965.5554365723659,"upper_bound":2351.2152915909205},"point_estimate":1449.6214535495287,"standard_error":367.82019075463586},"Slope":{"confidence_interval":{"confidence_level":0.95,"lower_bound":1606443.761969044,"upper_bound":1607364.035605326},"point_estimate":1606956.4137795572,"standard_error":234.25792769062264},"StdDev":{"confidence_interval":{"confidence_level":0.95,"lower_bound":1278.2772579915775,"upper_bound":2722.983044678012},"point_estimate":2038.172953834733,"standard_error":378.2481719268023}}