{"Mean":{"confidence_interval":{"confidence_level":0.95,"lower_bound":3871899.6298693568,"upper_bound":3875478.9872096977},"point_estimate":3873754.7770062056,"standard_error":915.6586112395872},"Median":{"confidence_interval":{"confidence_level":0.95,"lower_bound":3871858.3928571427,"upper_bound":3876915.625},"point_estimate":3874210.025,"standard_error":1405.9853396012097},"MedianAbsDev":{"confidence_interval":{"confidence_level":0.95,"lower_bound":2863.724215825322,"upper_bound":7051.383733146291},"point_estimate":5438.754642887549,"standard_error":1056.7071942430725},"Slope":{"confidence_interval":{"confidence_level":0.95,"lower_bound":3870186.3696225616,"upper_bound":3876192.3740374083},"point_estimate":3873288.103789882,"standard_error":1536.7417641235181},"StdDev":{"confidence_interval":{"confidence_level":0.95,"lower_bound":3636.446767377967,"upper_bound":6300.240875043171},"point_estimate":5111.130760743041,"standard_error":684.7567391186487}}