{"Mean":{"confidence_interval":{"confidence_level":0.95,"lower_bound":563556.8893569307,"upper_bound":563999.9423355791},"point_estimate":563776.0815686731,"standard_error":113.0241578909051},"Median":{"confidence_interval":{"confidence_level":0.95,"lower_bound":563450.4776785714,"upper_bound":563969.7457264957},"point_estimate":563829.3267411434,"standard_error":133.23379584130686},"MedianAbsDev":{"confidence_interval":{"confidence_level":0.95,"lower_bound":265.74506305988155,"upper_bound":923.8588363759344},"point_estimate":613.272772445535,"standard_error":175.79862885311206},"Slope":{"confidence_interval":{"confidence_level":0.95,"lower_bound":563562.0872967188,"upper_bound":563864.9357567863},"point_estimate":563726.253128856,"standard_error":77.11182033307028},"StdDev":{"confidence_interval":{"confidence_level":0.95,"lower_bound":457.83290654642553,"upper_bound":762.5052622929309},"point_estimate":628.782225358313,"standard_error":77.64024871119308}}