{"Mean":{"confidence_interval":{"confidence_level":0.95,"lower_bound":460364.6479066126,"upper_bound":460730.17030403414},"point_estimate":460545.03969677334,"standard_error":93.46224811899407},"Median":{"confidence_interval":{"confidence_level":0.95,"lower_bound":460150.554589372,"upper_bound":460909.7722924901},"point_estimate":460479.9823671498,"standard_error":223.9505285129454},"MedianAbsDev":{"confidence_interval":{"confidence_level":0.95,"lower_bound":305.81632630972706,"upper_bound":802.0775420806128},"point_estimate":643.9125905445558,"standard_error":131.50073644434076},"Slope":{"confidence_interval":{"confidence_level":0.95,"lower_bound":460485.33399363904,"upper_bound":460886.0874491821},"point_estimate":460710.7796794887,"standard_error":102.20330621829261},"StdDev":{"confidence_interval":{"confidence_level":0.95,"lower_bound":421.45217217849955,"upper_bound":596.7028505255535},"point_estimate":519.797717218882,"standard_error":44.800470834324486}}