{"Mean":{"confidence_interval":{"confidence_level":0.95,"lower_bound":114998.5594201017,"upper_bound":115472.15204327636},"point_estimate":115171.08060105341,"standard_error":137.6510216856988},"Median":{"confidence_interval":{"confidence_level":0.95,"lower_bound":114970.84593531469,"upper_bound":115048.30245944532},"point_estimate":115000.63970049558,"standard_error":18.09922177102625},"MedianAbsDev":{"confidence_interval":{"confidence_level":0.95,"lower_bound":42.620194620381554,"upper_bound":128.44799292218315},"point_estimate":79.19322112150361,"standard_error":21.276491308203354},"Slope":{"confidence_interval":{"confidence_level":0.95,"lower_bound":114966.65494099597,"upper_bound":115020.11969729637},"point_estimate":114993.53154967718,"standard_error":13.62806465069098},"StdDev":{"confidence_interval":{"confidence_level":0.95,"lower_bound":80.15512348054891,"upper_bound":1275.1802268003476},"point_estimate":767.6926689703887,"standard_error":409.8382340659466}}