{"Mean":{"confidence_interval":{"confidence_level":0.95,"lower_bound":10545114.118405702,"upper_bound":10588222.198525209},"point_estimate":10566036.299474096,"standard_error":11040.923322682098},"Median":{"confidence_interval":{"confidence_level":0.95,"lower_bound":10530547.506818183,"upper_bound":10580274.223214285},"point_estimate":10552379.844999999,"standard_error":15063.95308381461},"MedianAbsDev":{"confidence_interval":{"confidence_level":0.95,"lower_bound":32225.299868306647,"upper_bound":91971.39155658918},"point_estimate":47624.477891996044,"standard_error":15110.796817213954},"Slope":{"confidence_interval":{"confidence_level":0.95,"lower_bound":10536039.022415563,"upper_bound":10575203.01322013},"point_estimate":10554820.868799577,"standard_error":9984.455673101005},"StdDev":{"confidence_interval":{"confidence_level":0.95,"lower_bound":45259.02835489483,"upper_bound":73479.27827817571},"point_estimate":61598.66905611922,"standard_error":7213.442537952501}}