{"Mean":{"confidence_interval":{"confidence_level":0.95,"lower_bound":655.1545301356363,"upper_bound":655.7683474621541},"point_estimate":655.4492879359092,"standard_error":0.15716181130595439},"Median":{"confidence_interval":{"confidence_level":0.95,"lower_bound":655.0586062430829,"upper_bound":655.7402702372965},"point_estimate":655.358586179512,"standard_error":0.15322958811173348},"MedianAbsDev":{"confidence_interval":{"confidence_level":0.95,"lower_bound":0.44475024585398854,"upper_bound":1.0402671257234262},"point_estimate":0.6871076657971972,"standard_error":0.1618871280931827},"Slope":{"confidence_interval":{"confidence_level":0.95,"lower_bound":655.3036921995417,"upper_bound":655.9636690878997},"point_estimate":655.5952247613911,"standard_error":0.16909885665277416},"StdDev":{"confidence_interval":{"confidence_level":0.95,"lower_bound":0.5938956056394347,"upper_bound":1.077310049159268},"point_estimate":0.8738403349908975,"standard_error":0.1233999211662074}}