{"Mean":{"confidence_interval":{"confidence_level":0.95,"lower_bound":17594287.802275226,"upper_bound":17658297.99868352},"point_estimate":17626793.517984174,"standard_error":16324.068818370875},"Median":{"confidence_interval":{"confidence_level":0.95,"lower_bound":17588622.672248803,"upper_bound":17674865.211309522},"point_estimate":17645254.34375,"standard_error":23212.26174826976},"MedianAbsDev":{"confidence_interval":{"confidence_level":0.95,"lower_bound":45499.37292222458,"upper_bound":126586.99308366745},"point_estimate":87240.75578022994,"standard_error":20652.88374559354},"Slope":{"confidence_interval":{"confidence_level":0.95,"lower_bound":17600543.176455006,"upper_bound":17659934.48502109},"point_estimate":17630389.80306716,"standard_error":15227.61381638501},"StdDev":{"confidence_interval":{"confidence_level":0.95,"lower_bound":67106.34248998406,"upper_bound":108659.52104198809},"point_estimate":90605.02415981118,"standard_error":10589.63261350075}}