{"Mean":{"confidence_interval":{"confidence_level":0.95,"lower_bound":453613.2481851378,"upper_bound":453813.4764684708},"point_estimate":453707.3008048727,"standard_error":51.445664190669774},"Median":{"confidence_interval":{"confidence_level":0.95,"lower_bound":453524.44708994706,"upper_bound":453714.95089285716},"point_estimate":453565.4805322129,"standard_error":46.24270407865863},"MedianAbsDev":{"confidence_interval":{"confidence_level":0.95,"lower_bound":46.15624133026423,"upper_bound":273.6411613255125},"point_estimate":95.28422918902663,"standard_error":58.11837482326055},"Slope":{"confidence_interval":{"confidence_level":0.95,"lower_bound":453529.98804598075,"upper_bound":453676.00870446855},"point_estimate":453585.2575004407,"standard_error":37.71989813211546},"StdDev":{"confidence_interval":{"confidence_level":0.95,"lower_bound":178.85397584283035,"upper_bound":357.0251946698837},"point_estimate":287.2685769640925,"standard_error":45.762170924461984}}